day_index,TransactionID,isFraud,TransactionDT,TransactionAmt,ProductCD,card1,card2,card3,card4,card5,card6,addr1,addr2,dist1,dist2,P_emaildomain,R_emaildomain,C1,C2,C3,C4,C5,C6,C7,C8,C9,C10,C11,C12,C13,C14,D1,D2,D3,D4,D5,D6,D7,D8,D9,D10,D11,D12,D13,D14,D15,M1,M2,M3,M4,M5,M6,M7,M8,M9,V1,V2,V3,V4,V5,V6,V7,V8,V9,V10,V11,V12,V13,V14,V15,V16,V17,V18,V19,V20,V21,V22,V23,V24,V25,V26,V27,V28,V29,V30,V31,V32,V33,V34,V35,V36,V37,V38,V39,V40,V41,V42,V43,V44,V45,V46,V47,V48,V49,V50,V51,V52,V53,V54,V55,V56,V57,V58,V59,V60,V61,V62,V63,V64,V65,V66,V67,V68,V69,V70,V71,V72,V73,V74,V75,V76,V77,V78,V79,V80,V81,V82,V83,V84,V85,V86,V87,V88,V89,V90,V91,V92,V93,V94,V95,V96,V97,V98,V99,V100,V101,V102,V103,V104,V105,V106,V107,V108,V109,V110,V111,V112,V113,V114,V115,V116,V117,V118,V119,V120,V121,V122,V123,V124,V125,V126,V127,V128,V129,V130,V131,V132,V133,V134,V135,V136,V137,V138,V139,V140,V141,V142,V143,V144,V145,V146,V147,V148,V149,V150,V151,V152,V153,V154,V155,V156,V157,V158,V159,V160,V161,V162,V163,V164,V165,V166,V167,V168,V169,V170,V171,V172,V173,V174,V175,V176,V177,V178,V179,V180,V181,V182,V183,V184,V185,V186,V187,V188,V189,V190,V191,V192,V193,V194,V195,V196,V197,V198,V199,V200,V201,V202,V203,V204,V205,V206,V207,V208,V209,V210,V211,V212,V213,V214,V215,V216,V217,V218,V219,V220,V221,V222,V223,V224,V225,V226,V227,V228,V229,V230,V231,V232,V233,V234,V235,V236,V237,V238,V239,V240,V241,V242,V243,V244,V245,V246,V247,V248,V249,V250,V251,V252,V253,V254,V255,V256,V257,V258,V259,V260,V261,V262,V263,V264,V265,V266,V267,V268,V269,V270,V271,V272,V273,V274,V275,V276,V277,V278,V279,V280,V281,V282,V283,V284,V285,V286,V287,V288,V289,V290,V291,V292,V293,V294,V295,V296,V297,V298,V299,V300,V301,V302,V303,V304,V305,V306,V307,V308,V309,V310,V311,V312,V313,V314,V315,V316,V317,V318,V319,V320,V321,V322,V323,V324,V325,V326,V327,V328,V329,V330,V331,V332,V333,V334,V335,V336,V337,V338,V339
1,5122.0,5122.0,5122.0,5122.0,5122.0,5122.0,5045.0,5122.0,5122.0,5113.0,5122.0,4715.0,4715.0,1838.0,205.0,3993.0,784.0,5122.0,5122.0,5122.0,5122.0,5122.0,5122.0,5122.0,5122.0,5122.0,5122.0,5122.0,5122.0,5122.0,5122.0,5122.0,2873.0,3023.0,2280.0,1654.0,281.0,123.0,526.0,526.0,4526.0,1363.0,238.0,191.0,263.0,3055.0,2196.0,2196.0,2196.0,2562.0,2159.0,3918.0,1166.0,1166.0,1166.0,1363.0,1363.0,1363.0,1363.0,1363.0,1363.0,1363.0,1363.0,1363.0,1363.0,1363.0,4525.0,4525.0,4525.0,4525.0,4525.0,4525.0,4525.0,4525.0,4525.0,4525.0,4525.0,4525.0,4525.0,4525.0,4525.0,4525.0,4525.0,4525.0,4525.0,4525.0,4525.0,4525.0,4525.0,2280.0,2280.0,2280.0,2280.0,2280.0,2280.0,2280.0,2280.0,2280.0,2280.0,2280.0,2280.0,2280.0,2280.0,2280.0,2280.0,2280.0,2280.0,4506.0,4506.0,4506.0,4506.0,4506.0,4506.0,4506.0,4506.0,4506.0,4506.0,4506.0,4506.0,4506.0,4506.0,4506.0,4506.0,4506.0,4506.0,4506.0,4506.0,4506.0,4506.0,3055.0,3055.0,3055.0,3055.0,3055.0,3055.0,3055.0,3055.0,3055.0,3055.0,3055.0,3055.0,3055.0,3055.0,3055.0,3055.0,3055.0,3055.0,3055.0,3055.0,5122.0,5122.0,5122.0,5122.0,5122.0,5122.0,5122.0,5122.0,5122.0,5122.0,5122.0,5122.0,5122.0,5122.0,5122.0,5122.0,5122.0,5122.0,5122.0,5122.0,5122.0,5122.0,5122.0,5122.0,5122.0,5122.0,5122.0,5122.0,5122.0,5122.0,5122.0,5122.0,5122.0,5122.0,5122.0,5122.0,5122.0,5122.0,5122.0,5122.0,5122.0,5122.0,5122.0,649.0,649.0,649.0,649.0,649.0,649.0,649.0,649.0,649.0,649.0,649.0,649.0,649.0,649.0,649.0,649.0,649.0,649.0,649.0,649.0,649.0,649.0,649.0,649.0,649.0,649.0,649.0,649.0,649.0,776.0,776.0,776.0,776.0,776.0,776.0,776.0,776.0,776.0,776.0,776.0,776.0,776.0,776.0,776.0,776.0,776.0,776.0,776.0,776.0,776.0,776.0,776.0,776.0,776.0,776.0,776.0,776.0,776.0,776.0,776.0,776.0,776.0,776.0,776.0,776.0,776.0,776.0,776.0,776.0,776.0,776.0,776.0,776.0,776.0,776.0,776.0,776.0,776.0,776.0,781.0,781.0,781.0,789.0,789.0,789.0,781.0,781.0,781.0,781.0,789.0,781.0,781.0,781.0,781.0,781.0,781.0,789.0,781.0,781.0,781.0,789.0,789.0,781.0,781.0,781.0,781.0,781.0,789.0,781.0,781.0,781.0,781.0,789.0,789.0,781.0,781.0,781.0,789.0,789.0,781.0,781.0,789.0,781.0,781.0,781.0,781.0,781.0,781.0,781.0,781.0,781.0,781.0,789.0,789.0,789.0,781.0,781.0,781.0,781.0,781.0,781.0,5122.0,5122.0,5122.0,5122.0,5122.0,5122.0,5122.0,5122.0,5122.0,5122.0,5122.0,5122.0,5122.0,5122.0,5122.0,5122.0,5122.0,5122.0,5122.0,5122.0,5122.0,5122.0,5122.0,5122.0,5122.0,5122.0,5122.0,5122.0,5122.0,5122.0,5122.0,5122.0,5122.0,5122.0,5122.0,5122.0,5122.0,5122.0,5122.0,5122.0,5122.0,5122.0,5122.0,650.0,650.0,650.0,650.0,650.0,650.0,650.0,650.0,650.0,650.0,650.0,650.0,650.0,650.0,650.0,650.0,650.0,650.0
2,3730.0,3730.0,3730.0,3730.0,3730.0,3730.0,3703.0,3730.0,3730.0,3724.0,3730.0,3360.0,3360.0,1183.0,118.0,2984.0,619.0,3730.0,3730.0,3730.0,3730.0,3730.0,3730.0,3730.0,3730.0,3730.0,3730.0,3730.0,3730.0,3730.0,3730.0,3730.0,1971.0,2086.0,1060.0,811.0,128.0,61.0,419.0,419.0,3245.0,672.0,94.0,40.0,119.0,1462.0,1574.0,1574.0,1574.0,1987.0,1618.0,2730.0,748.0,748.0,748.0,672.0,672.0,672.0,672.0,672.0,672.0,672.0,672.0,672.0,672.0,672.0,3245.0,3245.0,3245.0,3245.0,3245.0,3245.0,3245.0,3245.0,3245.0,3245.0,3245.0,3245.0,3245.0,3245.0,3245.0,3245.0,3245.0,3245.0,3245.0,3245.0,3245.0,3245.0,3245.0,1060.0,1060.0,1060.0,1060.0,1060.0,1060.0,1060.0,1060.0,1060.0,1060.0,1060.0,1060.0,1060.0,1060.0,1060.0,1060.0,1060.0,1060.0,3207.0,3207.0,3207.0,3207.0,3207.0,3207.0,3207.0,3207.0,3207.0,3207.0,3207.0,3207.0,3207.0,3207.0,3207.0,3207.0,3207.0,3207.0,3207.0,3207.0,3207.0,3207.0,1462.0,1462.0,1462.0,1462.0,1462.0,1462.0,1462.0,1462.0,1462.0,1462.0,1462.0,1462.0,1462.0,1462.0,1462.0,1462.0,1462.0,1462.0,1462.0,1462.0,3730.0,3730.0,3730.0,3730.0,3730.0,3730.0,3730.0,3730.0,3730.0,3730.0,3730.0,3730.0,3730.0,3730.0,3730.0,3730.0,3730.0,3730.0,3730.0,3730.0,3730.0,3730.0,3730.0,3730.0,3730.0,3730.0,3730.0,3730.0,3730.0,3730.0,3730.0,3730.0,3730.0,3730.0,3730.0,3730.0,3730.0,3730.0,3730.0,3730.0,3730.0,3730.0,3730.0,527.0,527.0,527.0,527.0,527.0,527.0,527.0,527.0,527.0,527.0,527.0,527.0,527.0,527.0,527.0,527.0,527.0,527.0,527.0,527.0,527.0,527.0,527.0,527.0,527.0,527.0,527.0,527.0,527.0,544.0,544.0,544.0,544.0,544.0,544.0,544.0,544.0,544.0,544.0,544.0,544.0,544.0,544.0,544.0,544.0,544.0,544.0,544.0,544.0,544.0,544.0,544.0,544.0,544.0,544.0,544.0,544.0,544.0,544.0,544.0,544.0,544.0,544.0,544.0,544.0,544.0,544.0,544.0,544.0,544.0,544.0,544.0,544.0,544.0,544.0,544.0,544.0,544.0,544.0,553.0,553.0,553.0,554.0,554.0,554.0,553.0,553.0,553.0,553.0,554.0,553.0,553.0,553.0,553.0,553.0,553.0,554.0,553.0,553.0,553.0,554.0,554.0,553.0,553.0,553.0,553.0,553.0,554.0,553.0,553.0,553.0,553.0,554.0,554.0,553.0,553.0,553.0,554.0,554.0,553.0,553.0,554.0,553.0,553.0,553.0,553.0,553.0,553.0,553.0,553.0,553.0,553.0,554.0,554.0,554.0,553.0,553.0,553.0,553.0,553.0,553.0,3730.0,3730.0,3730.0,3730.0,3730.0,3730.0,3730.0,3730.0,3730.0,3730.0,3730.0,3730.0,3730.0,3730.0,3730.0,3730.0,3730.0,3730.0,3730.0,3730.0,3730.0,3730.0,3730.0,3730.0,3730.0,3730.0,3730.0,3730.0,3730.0,3730.0,3730.0,3730.0,3730.0,3730.0,3730.0,3730.0,3730.0,3730.0,3730.0,3730.0,3730.0,3730.0,3730.0,529.0,529.0,529.0,529.0,529.0,529.0,529.0,529.0,529.0,529.0,529.0,529.0,529.0,529.0,529.0,529.0,529.0,529.0
3,3241.0,3241.0,3241.0,3241.0,3241.0,3241.0,3209.0,3240.0,3238.0,3222.0,3240.0,2923.0,2923.0,1017.0,119.0,2612.0,602.0,3241.0,3241.0,3241.0,3241.0,3241.0,3241.0,3241.0,3241.0,3241.0,3241.0,3241.0,3241.0,3241.0,3241.0,3241.0,1695.0,1790.0,1041.0,781.0,158.0,72.0,434.0,434.0,2674.0,602.0,123.0,72.0,129.0,1383.0,1264.0,1264.0,1264.0,1566.0,1250.0,2218.0,679.0,679.0,679.0,602.0,602.0,602.0,602.0,602.0,602.0,602.0,602.0,602.0,602.0,602.0,2673.0,2673.0,2673.0,2673.0,2673.0,2673.0,2673.0,2673.0,2673.0,2673.0,2673.0,2673.0,2673.0,2673.0,2673.0,2673.0,2673.0,2673.0,2673.0,2673.0,2673.0,2673.0,2673.0,1041.0,1041.0,1041.0,1041.0,1041.0,1041.0,1041.0,1041.0,1041.0,1041.0,1041.0,1041.0,1041.0,1041.0,1041.0,1041.0,1041.0,1041.0,2638.0,2638.0,2638.0,2638.0,2638.0,2638.0,2638.0,2638.0,2638.0,2638.0,2638.0,2638.0,2638.0,2638.0,2638.0,2638.0,2638.0,2638.0,2638.0,2638.0,2638.0,2638.0,1383.0,1383.0,1383.0,1383.0,1383.0,1383.0,1383.0,1383.0,1383.0,1383.0,1383.0,1383.0,1383.0,1383.0,1383.0,1383.0,1383.0,1383.0,1383.0,1383.0,3241.0,3241.0,3241.0,3241.0,3241.0,3241.0,3241.0,3241.0,3241.0,3241.0,3241.0,3241.0,3241.0,3241.0,3241.0,3241.0,3241.0,3241.0,3241.0,3241.0,3241.0,3241.0,3241.0,3241.0,3241.0,3241.0,3241.0,3241.0,3241.0,3241.0,3241.0,3241.0,3241.0,3241.0,3241.0,3241.0,3241.0,3241.0,3241.0,3241.0,3241.0,3241.0,3241.0,622.0,622.0,622.0,622.0,622.0,622.0,622.0,622.0,622.0,622.0,622.0,622.0,622.0,622.0,622.0,622.0,622.0,622.0,622.0,622.0,622.0,622.0,622.0,622.0,622.0,622.0,622.0,622.0,622.0,659.0,659.0,659.0,659.0,659.0,659.0,659.0,659.0,659.0,659.0,659.0,659.0,659.0,659.0,659.0,659.0,659.0,659.0,659.0,659.0,659.0,659.0,659.0,659.0,659.0,659.0,659.0,659.0,659.0,659.0,659.0,659.0,659.0,659.0,659.0,659.0,659.0,659.0,659.0,659.0,659.0,659.0,659.0,659.0,659.0,659.0,659.0,659.0,659.0,659.0,671.0,671.0,671.0,674.0,674.0,674.0,671.0,671.0,671.0,671.0,674.0,671.0,671.0,671.0,671.0,671.0,671.0,674.0,671.0,671.0,671.0,674.0,674.0,671.0,671.0,671.0,671.0,671.0,674.0,671.0,671.0,671.0,671.0,674.0,674.0,671.0,671.0,671.0,674.0,674.0,671.0,671.0,674.0,671.0,671.0,671.0,671.0,671.0,671.0,671.0,671.0,671.0,671.0,674.0,674.0,674.0,671.0,671.0,671.0,671.0,671.0,671.0,3241.0,3241.0,3241.0,3241.0,3241.0,3241.0,3241.0,3241.0,3241.0,3241.0,3241.0,3241.0,3241.0,3241.0,3241.0,3241.0,3241.0,3241.0,3241.0,3241.0,3241.0,3241.0,3241.0,3241.0,3241.0,3241.0,3241.0,3241.0,3241.0,3241.0,3241.0,3241.0,3241.0,3241.0,3241.0,3241.0,3241.0,3241.0,3241.0,3241.0,3241.0,3241.0,3241.0,623.0,623.0,623.0,623.0,623.0,623.0,623.0,623.0,623.0,623.0,623.0,623.0,623.0,623.0,623.0,623.0,623.0,623.0
4,4036.0,4036.0,4036.0,4036.0,4036.0,4036.0,3983.0,4036.0,4036.0,4019.0,4036.0,3666.0,3666.0,1342.0,168.0,3035.0,678.0,4036.0,4036.0,4036.0,4036.0,4036.0,4036.0,4036.0,4036.0,4036.0,4036.0,4036.0,4036.0,4036.0,4036.0,4036.0,2119.0,2215.0,1965.0,1362.0,215.0,98.0,577.0,577.0,3225.0,1164.0,182.0,145.0,211.0,2530.0,1423.0,1423.0,1423.0,1602.0,1332.0,2647.0,818.0,818.0,818.0,1164.0,1164.0,1164.0,1164.0,1164.0,1164.0,1164.0,1164.0,1164.0,1164.0,1164.0,3225.0,3225.0,3225.0,3225.0,3225.0,3225.0,3225.0,3225.0,3225.0,3225.0,3225.0,3225.0,3225.0,3225.0,3225.0,3225.0,3225.0,3225.0,3225.0,3225.0,3225.0,3225.0,3225.0,1965.0,1965.0,1965.0,1965.0,1965.0,1965.0,1965.0,1965.0,1965.0,1965.0,1965.0,1965.0,1965.0,1965.0,1965.0,1965.0,1965.0,1965.0,3304.0,3304.0,3304.0,3304.0,3304.0,3304.0,3304.0,3304.0,3304.0,3304.0,3304.0,3304.0,3304.0,3304.0,3304.0,3304.0,3304.0,3304.0,3304.0,3304.0,3304.0,3304.0,2530.0,2530.0,2530.0,2530.0,2530.0,2530.0,2530.0,2530.0,2530.0,2530.0,2530.0,2530.0,2530.0,2530.0,2530.0,2530.0,2530.0,2530.0,2530.0,2530.0,4036.0,4036.0,4036.0,4036.0,4036.0,4036.0,4036.0,4036.0,4036.0,4036.0,4036.0,4036.0,4036.0,4036.0,4036.0,4036.0,4036.0,4036.0,4036.0,4036.0,4036.0,4036.0,4036.0,4036.0,4036.0,4036.0,4036.0,4036.0,4036.0,4036.0,4036.0,4036.0,4036.0,4036.0,4036.0,4036.0,4036.0,4036.0,4036.0,4036.0,4036.0,4036.0,4036.0,767.0,767.0,767.0,767.0,767.0,767.0,767.0,767.0,767.0,767.0,767.0,767.0,767.0,767.0,767.0,767.0,767.0,767.0,767.0,767.0,767.0,767.0,767.0,767.0,767.0,767.0,767.0,767.0,767.0,871.0,871.0,871.0,871.0,871.0,871.0,871.0,871.0,871.0,871.0,871.0,871.0,871.0,871.0,871.0,871.0,871.0,871.0,871.0,871.0,871.0,871.0,871.0,871.0,871.0,871.0,871.0,871.0,871.0,871.0,871.0,871.0,871.0,871.0,871.0,871.0,871.0,871.0,871.0,871.0,871.0,871.0,871.0,871.0,871.0,871.0,871.0,871.0,871.0,871.0,884.0,884.0,884.0,890.0,890.0,890.0,884.0,884.0,884.0,884.0,890.0,884.0,884.0,884.0,884.0,884.0,884.0,890.0,884.0,884.0,884.0,890.0,890.0,884.0,884.0,884.0,884.0,884.0,890.0,884.0,884.0,884.0,884.0,890.0,890.0,884.0,884.0,884.0,890.0,890.0,884.0,884.0,890.0,884.0,884.0,884.0,884.0,884.0,884.0,884.0,884.0,884.0,884.0,890.0,890.0,890.0,884.0,884.0,884.0,884.0,884.0,884.0,4036.0,4036.0,4036.0,4036.0,4036.0,4036.0,4036.0,4036.0,4036.0,4036.0,4036.0,4036.0,4036.0,4036.0,4036.0,4036.0,4036.0,4036.0,4036.0,4036.0,4036.0,4036.0,4036.0,4036.0,4036.0,4036.0,4036.0,4036.0,4036.0,4036.0,4036.0,4036.0,4036.0,4036.0,4036.0,4036.0,4036.0,4036.0,4036.0,4036.0,4036.0,4036.0,4036.0,774.0,774.0,774.0,774.0,774.0,774.0,774.0,774.0,774.0,774.0,774.0,774.0,774.0,774.0,774.0,774.0,774.0,774.0
5,3964.0,3964.0,3964.0,3964.0,3964.0,3964.0,3908.0,3964.0,3964.0,3942.0,3964.0,3748.0,3748.0,1489.0,354.0,3270.0,843.0,3964.0,3964.0,3964.0,3964.0,3964.0,3964.0,3964.0,3964.0,3964.0,3964.0,3964.0,3964.0,3964.0,3964.0,3964.0,1944.0,2068.0,2592.0,1752.0,444.0,230.0,669.0,669.0,3237.0,1478.0,400.0,367.0,387.0,3178.0,1507.0,1507.0,1507.0,1843.0,1431.0,2657.0,781.0,781.0,781.0,1478.0,1478.0,1478.0,1478.0,1478.0,1478.0,1478.0,1478.0,1478.0,1478.0,1478.0,3237.0,3237.0,3237.0,3237.0,3237.0,3237.0,3237.0,3237.0,3237.0,3237.0,3237.0,3237.0,3237.0,3237.0,3237.0,3237.0,3237.0,3237.0,3237.0,3237.0,3237.0,3237.0,3237.0,2592.0,2592.0,2592.0,2592.0,2592.0,2592.0,2592.0,2592.0,2592.0,2592.0,2592.0,2592.0,2592.0,2592.0,2592.0,2592.0,2592.0,2592.0,3204.0,3204.0,3204.0,3204.0,3204.0,3204.0,3204.0,3204.0,3204.0,3204.0,3204.0,3204.0,3204.0,3204.0,3204.0,3204.0,3204.0,3204.0,3204.0,3204.0,3204.0,3204.0,3177.0,3177.0,3177.0,3177.0,3177.0,3177.0,3177.0,3177.0,3177.0,3177.0,3177.0,3177.0,3177.0,3177.0,3177.0,3177.0,3177.0,3177.0,3177.0,3177.0,3964.0,3964.0,3964.0,3964.0,3964.0,3964.0,3964.0,3964.0,3964.0,3964.0,3964.0,3964.0,3964.0,3964.0,3964.0,3964.0,3964.0,3964.0,3964.0,3964.0,3964.0,3964.0,3964.0,3964.0,3964.0,3964.0,3964.0,3964.0,3964.0,3964.0,3964.0,3964.0,3964.0,3964.0,3964.0,3964.0,3964.0,3964.0,3964.0,3964.0,3964.0,3964.0,3964.0,808.0,808.0,808.0,808.0,808.0,808.0,808.0,808.0,808.0,808.0,808.0,808.0,808.0,808.0,808.0,808.0,808.0,808.0,808.0,808.0,808.0,808.0,808.0,808.0,808.0,808.0,808.0,808.0,808.0,1128.0,1128.0,1128.0,1128.0,1128.0,1128.0,1128.0,1128.0,1128.0,1128.0,1128.0,1128.0,1128.0,1128.0,1128.0,1128.0,1128.0,1128.0,1128.0,1128.0,1128.0,1128.0,1128.0,1128.0,1128.0,1128.0,1128.0,1128.0,1128.0,1128.0,1128.0,1128.0,1128.0,1128.0,1128.0,1128.0,1128.0,1128.0,1128.0,1128.0,1128.0,1128.0,1128.0,1128.0,1128.0,1128.0,1128.0,1128.0,1128.0,1128.0,1148.0,1148.0,1148.0,1155.0,1155.0,1155.0,1148.0,1148.0,1148.0,1148.0,1155.0,1148.0,1148.0,1148.0,1148.0,1148.0,1148.0,1155.0,1148.0,1148.0,1148.0,1155.0,1155.0,1148.0,1148.0,1148.0,1148.0,1148.0,1155.0,1148.0,1148.0,1148.0,1148.0,1155.0,1155.0,1148.0,1148.0,1148.0,1155.0,1155.0,1148.0,1148.0,1155.0,1148.0,1148.0,1148.0,1148.0,1148.0,1148.0,1148.0,1148.0,1148.0,1148.0,1155.0,1155.0,1155.0,1148.0,1148.0,1148.0,1148.0,1148.0,1148.0,3964.0,3964.0,3964.0,3964.0,3964.0,3964.0,3964.0,3964.0,3964.0,3964.0,3964.0,3964.0,3964.0,3964.0,3964.0,3964.0,3964.0,3964.0,3964.0,3964.0,3964.0,3964.0,3964.0,3964.0,3964.0,3964.0,3964.0,3964.0,3964.0,3964.0,3964.0,3964.0,3964.0,3964.0,3964.0,3964.0,3964.0,3964.0,3964.0,3964.0,3964.0,3964.0,3964.0,810.0,810.0,810.0,810.0,810.0,810.0,810.0,810.0,810.0,810.0,810.0,810.0,810.0,810.0,810.0,810.0,810.0,810.0
6,3717.0,3717.0,3717.0,3717.0,3717.0,3717.0,3641.0,3717.0,3717.0,3693.0,3717.0,3676.0,3676.0,1384.0,345.0,3018.0,874.0,3717.0,3717.0,3717.0,3717.0,3717.0,3717.0,3717.0,3717.0,3717.0,3717.0,3717.0,3717.0,3717.0,3717.0,3717.0,1730.0,1807.0,2317.0,1532.0,419.0,212.0,688.0,688.0,2866.0,1386.0,333.0,315.0,386.0,2900.0,1383.0,1383.0,1383.0,1670.0,1336.0,2364.0,732.0,732.0,732.0,1386.0,1386.0,1386.0,1386.0,1386.0,1386.0,1386.0,1386.0,1386.0,1386.0,1386.0,2866.0,2866.0,2866.0,2866.0,2866.0,2866.0,2866.0,2866.0,2866.0,2866.0,2866.0,2866.0,2866.0,2866.0,2866.0,2866.0,2866.0,2866.0,2866.0,2866.0,2866.0,2866.0,2866.0,2317.0,2317.0,2317.0,2317.0,2317.0,2317.0,2317.0,2317.0,2317.0,2317.0,2317.0,2317.0,2317.0,2317.0,2317.0,2317.0,2317.0,2317.0,2835.0,2835.0,2835.0,2835.0,2835.0,2835.0,2835.0,2835.0,2835.0,2835.0,2835.0,2835.0,2835.0,2835.0,2835.0,2835.0,2835.0,2835.0,2835.0,2835.0,2835.0,2835.0,2900.0,2900.0,2900.0,2900.0,2900.0,2900.0,2900.0,2900.0,2900.0,2900.0,2900.0,2900.0,2900.0,2900.0,2900.0,2900.0,2900.0,2900.0,2900.0,2900.0,3717.0,3717.0,3717.0,3717.0,3717.0,3717.0,3717.0,3717.0,3717.0,3717.0,3717.0,3717.0,3717.0,3717.0,3717.0,3717.0,3717.0,3717.0,3717.0,3717.0,3717.0,3717.0,3717.0,3717.0,3717.0,3717.0,3717.0,3717.0,3717.0,3717.0,3717.0,3717.0,3717.0,3717.0,3717.0,3717.0,3717.0,3717.0,3717.0,3717.0,3717.0,3717.0,3717.0,919.0,919.0,919.0,919.0,919.0,919.0,919.0,919.0,919.0,919.0,919.0,919.0,919.0,919.0,919.0,919.0,919.0,919.0,919.0,919.0,919.0,919.0,919.0,919.0,919.0,919.0,919.0,919.0,919.0,1179.0,1179.0,1179.0,1179.0,1179.0,1179.0,1179.0,1179.0,1179.0,1179.0,1179.0,1179.0,1179.0,1179.0,1179.0,1179.0,1179.0,1179.0,1179.0,1179.0,1179.0,1179.0,1179.0,1179.0,1179.0,1179.0,1179.0,1179.0,1179.0,1179.0,1179.0,1179.0,1179.0,1179.0,1179.0,1179.0,1179.0,1179.0,1179.0,1179.0,1179.0,1179.0,1179.0,1179.0,1179.0,1179.0,1179.0,1179.0,1179.0,1179.0,1207.0,1207.0,1207.0,1210.0,1210.0,1210.0,1207.0,1207.0,1207.0,1207.0,1210.0,1207.0,1207.0,1207.0,1207.0,1207.0,1207.0,1210.0,1207.0,1207.0,1207.0,1210.0,1210.0,1207.0,1207.0,1207.0,1207.0,1207.0,1210.0,1207.0,1207.0,1207.0,1207.0,1210.0,1210.0,1207.0,1207.0,1207.0,1210.0,1210.0,1207.0,1207.0,1210.0,1207.0,1207.0,1207.0,1207.0,1207.0,1207.0,1207.0,1207.0,1207.0,1207.0,1210.0,1210.0,1210.0,1207.0,1207.0,1207.0,1207.0,1207.0,1207.0,3717.0,3717.0,3717.0,3717.0,3717.0,3717.0,3717.0,3717.0,3717.0,3717.0,3717.0,3717.0,3717.0,3717.0,3717.0,3717.0,3717.0,3717.0,3717.0,3717.0,3717.0,3717.0,3717.0,3717.0,3717.0,3717.0,3717.0,3717.0,3717.0,3717.0,3717.0,3717.0,3717.0,3717.0,3717.0,3717.0,3717.0,3717.0,3717.0,3717.0,3717.0,3717.0,3717.0,925.0,925.0,925.0,925.0,925.0,925.0,925.0,925.0,925.0,925.0,925.0,925.0,925.0,925.0,925.0,925.0,925.0,925.0
7,3786.0,3786.0,3786.0,3786.0,3786.0,3786.0,3738.0,3786.0,3786.0,3763.0,3786.0,3766.0,3766.0,1353.0,378.0,3187.0,1008.0,3786.0,3786.0,3786.0,3786.0,3786.0,3786.0,3786.0,3786.0,3786.0,3786.0,3786.0,3786.0,3786.0,3786.0,3786.0,1691.0,1725.0,2358.0,1520.0,446.0,257.0,778.0,778.0,2824.0,1354.0,367.0,356.0,423.0,2860.0,1353.0,1353.0,1353.0,1723.0,1354.0,2256.0,685.0,685.0,685.0,1354.0,1354.0,1354.0,1354.0,1354.0,1354.0,1354.0,1354.0,1354.0,1354.0,1354.0,2824.0,2824.0,2824.0,2824.0,2824.0,2824.0,2824.0,2824.0,2824.0,2824.0,2824.0,2824.0,2824.0,2824.0,2824.0,2824.0,2824.0,2824.0,2824.0,2824.0,2824.0,2824.0,2824.0,2358.0,2358.0,2358.0,2358.0,2358.0,2358.0,2358.0,2358.0,2358.0,2358.0,2358.0,2358.0,2358.0,2358.0,2358.0,2358.0,2358.0,2358.0,2781.0,2781.0,2781.0,2781.0,2781.0,2781.0,2781.0,2781.0,2781.0,2781.0,2781.0,2781.0,2781.0,2781.0,2781.0,2781.0,2781.0,2781.0,2781.0,2781.0,2781.0,2781.0,2860.0,2860.0,2860.0,2860.0,2860.0,2860.0,2860.0,2860.0,2860.0,2860.0,2860.0,2860.0,2860.0,2860.0,2860.0,2860.0,2860.0,2860.0,2860.0,2860.0,3786.0,3786.0,3786.0,3786.0,3786.0,3786.0,3786.0,3786.0,3786.0,3786.0,3786.0,3786.0,3786.0,3786.0,3786.0,3786.0,3786.0,3786.0,3786.0,3786.0,3786.0,3786.0,3786.0,3786.0,3786.0,3786.0,3786.0,3786.0,3786.0,3786.0,3786.0,3786.0,3786.0,3786.0,3786.0,3786.0,3786.0,3786.0,3786.0,3786.0,3786.0,3786.0,3786.0,1042.0,1042.0,1042.0,1042.0,1042.0,1042.0,1042.0,1042.0,1042.0,1042.0,1042.0,1042.0,1042.0,1042.0,1042.0,1042.0,1042.0,1042.0,1042.0,1042.0,1042.0,1042.0,1042.0,1042.0,1042.0,1042.0,1042.0,1042.0,1042.0,1341.0,1341.0,1341.0,1341.0,1341.0,1341.0,1341.0,1341.0,1341.0,1341.0,1341.0,1341.0,1341.0,1341.0,1341.0,1341.0,1341.0,1341.0,1341.0,1341.0,1341.0,1341.0,1341.0,1341.0,1341.0,1341.0,1341.0,1341.0,1341.0,1341.0,1341.0,1341.0,1341.0,1341.0,1341.0,1341.0,1341.0,1341.0,1341.0,1341.0,1341.0,1341.0,1341.0,1341.0,1341.0,1341.0,1341.0,1341.0,1341.0,1341.0,1351.0,1351.0,1351.0,1370.0,1370.0,1370.0,1351.0,1351.0,1351.0,1351.0,1370.0,1351.0,1351.0,1351.0,1351.0,1351.0,1351.0,1370.0,1351.0,1351.0,1351.0,1370.0,1370.0,1351.0,1351.0,1351.0,1351.0,1351.0,1370.0,1351.0,1351.0,1351.0,1351.0,1370.0,1370.0,1351.0,1351.0,1351.0,1370.0,1370.0,1351.0,1351.0,1370.0,1351.0,1351.0,1351.0,1351.0,1351.0,1351.0,1351.0,1351.0,1351.0,1351.0,1370.0,1370.0,1370.0,1351.0,1351.0,1351.0,1351.0,1351.0,1351.0,3784.0,3784.0,3786.0,3786.0,3786.0,3784.0,3784.0,3784.0,3784.0,3786.0,3786.0,3784.0,3784.0,3784.0,3784.0,3784.0,3784.0,3786.0,3784.0,3784.0,3784.0,3786.0,3786.0,3784.0,3784.0,3784.0,3784.0,3784.0,3784.0,3784.0,3784.0,3784.0,3784.0,3784.0,3786.0,3786.0,3786.0,3784.0,3784.0,3784.0,3784.0,3784.0,3784.0,1050.0,1050.0,1050.0,1050.0,1050.0,1050.0,1050.0,1050.0,1050.0,1050.0,1050.0,1050.0,1050.0,1050.0,1050.0,1050.0,1050.0,1050.0
8,3999.0,3999.0,3999.0,3999.0,3999.0,3999.0,3921.0,3997.0,3997.0,3983.0,3997.0,3914.0,3914.0,1414.0,343.0,3353.0,980.0,3999.0,3999.0,3999.0,3999.0,3999.0,3999.0,3999.0,3999.0,3999.0,3999.0,3999.0,3999.0,3999.0,3999.0,3999.0,1818.0,1856.0,2492.0,1590.0,457.0,220.0,740.0,740.0,2975.0,1412.0,398.0,365.0,462.0,3051.0,1409.0,1409.0,1409.0,1917.0,1518.0,2442.0,689.0,689.0,689.0,1412.0,1412.0,1412.0,1412.0,1412.0,1412.0,1412.0,1412.0,1412.0,1412.0,1412.0,2975.0,2975.0,2975.0,2975.0,2975.0,2975.0,2975.0,2975.0,2975.0,2975.0,2975.0,2975.0,2975.0,2975.0,2975.0,2975.0,2975.0,2975.0,2975.0,2975.0,2975.0,2975.0,2975.0,2492.0,2492.0,2492.0,2492.0,2492.0,2492.0,2492.0,2492.0,2492.0,2492.0,2492.0,2492.0,2492.0,2492.0,2492.0,2492.0,2492.0,2492.0,2994.0,2994.0,2994.0,2994.0,2994.0,2994.0,2994.0,2994.0,2994.0,2994.0,2994.0,2994.0,2994.0,2994.0,2994.0,2994.0,2994.0,2994.0,2994.0,2994.0,2994.0,2994.0,3051.0,3051.0,3051.0,3051.0,3051.0,3051.0,3051.0,3051.0,3051.0,3051.0,3051.0,3051.0,3051.0,3051.0,3051.0,3051.0,3051.0,3051.0,3051.0,3051.0,3999.0,3999.0,3999.0,3999.0,3999.0,3999.0,3999.0,3999.0,3999.0,3999.0,3999.0,3999.0,3999.0,3999.0,3999.0,3999.0,3999.0,3999.0,3999.0,3999.0,3999.0,3999.0,3999.0,3999.0,3999.0,3999.0,3999.0,3999.0,3999.0,3999.0,3999.0,3999.0,3999.0,3999.0,3999.0,3999.0,3999.0,3999.0,3999.0,3999.0,3999.0,3999.0,3999.0,1033.0,1033.0,1033.0,1033.0,1033.0,1033.0,1033.0,1033.0,1033.0,1033.0,1033.0,1033.0,1033.0,1033.0,1033.0,1033.0,1033.0,1033.0,1033.0,1033.0,1033.0,1033.0,1033.0,1033.0,1033.0,1033.0,1033.0,1033.0,1033.0,1356.0,1356.0,1356.0,1356.0,1356.0,1356.0,1356.0,1356.0,1356.0,1356.0,1356.0,1356.0,1356.0,1356.0,1356.0,1356.0,1356.0,1356.0,1356.0,1356.0,1356.0,1356.0,1356.0,1356.0,1356.0,1356.0,1356.0,1356.0,1356.0,1356.0,1356.0,1356.0,1356.0,1356.0,1356.0,1356.0,1356.0,1356.0,1356.0,1356.0,1356.0,1356.0,1356.0,1356.0,1356.0,1356.0,1356.0,1356.0,1356.0,1356.0,1371.0,1371.0,1371.0,1385.0,1385.0,1385.0,1371.0,1371.0,1371.0,1371.0,1385.0,1371.0,1371.0,1371.0,1371.0,1371.0,1371.0,1385.0,1371.0,1371.0,1371.0,1385.0,1385.0,1371.0,1371.0,1371.0,1371.0,1371.0,1385.0,1371.0,1371.0,1371.0,1371.0,1385.0,1385.0,1371.0,1371.0,1371.0,1385.0,1385.0,1371.0,1371.0,1385.0,1371.0,1371.0,1371.0,1371.0,1371.0,1371.0,1371.0,1371.0,1371.0,1371.0,1385.0,1385.0,1385.0,1371.0,1371.0,1371.0,1371.0,1371.0,1371.0,3992.0,3992.0,3999.0,3999.0,3999.0,3992.0,3992.0,3992.0,3992.0,3999.0,3999.0,3992.0,3992.0,3992.0,3992.0,3992.0,3992.0,3999.0,3992.0,3992.0,3992.0,3999.0,3999.0,3992.0,3992.0,3992.0,3992.0,3992.0,3992.0,3992.0,3992.0,3992.0,3992.0,3992.0,3999.0,3999.0,3999.0,3992.0,3992.0,3992.0,3992.0,3992.0,3992.0,1041.0,1041.0,1041.0,1041.0,1041.0,1041.0,1041.0,1041.0,1041.0,1041.0,1041.0,1041.0,1041.0,1041.0,1041.0,1041.0,1041.0,1041.0
9,3907.0,3907.0,3907.0,3907.0,3907.0,3907.0,3847.0,3907.0,3907.0,3891.0,3907.0,3745.0,3745.0,1326.0,284.0,3351.0,1001.0,3907.0,3907.0,3907.0,3907.0,3907.0,3907.0,3907.0,3907.0,3907.0,3907.0,3907.0,3907.0,3907.0,3907.0,3907.0,1650.0,1720.0,2445.0,1537.0,516.0,255.0,765.0,765.0,2743.0,1330.0,468.0,425.0,439.0,2904.0,1329.0,1329.0,1329.0,1938.0,1470.0,2224.0,594.0,594.0,594.0,1330.0,1330.0,1330.0,1330.0,1330.0,1330.0,1330.0,1330.0,1330.0,1330.0,1330.0,2742.0,2742.0,2742.0,2742.0,2742.0,2742.0,2742.0,2742.0,2742.0,2742.0,2742.0,2742.0,2742.0,2742.0,2742.0,2742.0,2742.0,2742.0,2742.0,2742.0,2742.0,2742.0,2742.0,2445.0,2445.0,2445.0,2445.0,2445.0,2445.0,2445.0,2445.0,2445.0,2445.0,2445.0,2445.0,2445.0,2445.0,2445.0,2445.0,2445.0,2445.0,2853.0,2853.0,2853.0,2853.0,2853.0,2853.0,2853.0,2853.0,2853.0,2853.0,2853.0,2853.0,2853.0,2853.0,2853.0,2853.0,2853.0,2853.0,2853.0,2853.0,2853.0,2853.0,2904.0,2904.0,2904.0,2904.0,2904.0,2904.0,2904.0,2904.0,2904.0,2904.0,2904.0,2904.0,2904.0,2904.0,2904.0,2904.0,2904.0,2904.0,2904.0,2904.0,3907.0,3907.0,3907.0,3907.0,3907.0,3907.0,3907.0,3907.0,3907.0,3907.0,3907.0,3907.0,3907.0,3907.0,3907.0,3907.0,3907.0,3907.0,3907.0,3907.0,3907.0,3907.0,3907.0,3907.0,3907.0,3907.0,3907.0,3907.0,3907.0,3907.0,3907.0,3907.0,3907.0,3907.0,3907.0,3907.0,3907.0,3907.0,3907.0,3907.0,3907.0,3907.0,3907.0,1094.0,1094.0,1094.0,1094.0,1094.0,1094.0,1094.0,1094.0,1094.0,1094.0,1094.0,1094.0,1094.0,1094.0,1094.0,1094.0,1094.0,1094.0,1094.0,1094.0,1094.0,1094.0,1094.0,1094.0,1094.0,1094.0,1094.0,1094.0,1094.0,1463.0,1463.0,1463.0,1463.0,1463.0,1463.0,1463.0,1463.0,1463.0,1463.0,1463.0,1463.0,1463.0,1463.0,1463.0,1463.0,1463.0,1463.0,1463.0,1463.0,1463.0,1463.0,1463.0,1463.0,1463.0,1463.0,1463.0,1463.0,1463.0,1463.0,1463.0,1463.0,1463.0,1463.0,1463.0,1463.0,1463.0,1463.0,1463.0,1463.0,1463.0,1463.0,1463.0,1463.0,1463.0,1463.0,1463.0,1463.0,1463.0,1463.0,1468.0,1468.0,1468.0,1488.0,1488.0,1488.0,1468.0,1468.0,1468.0,1468.0,1488.0,1468.0,1468.0,1468.0,1468.0,1468.0,1468.0,1488.0,1468.0,1468.0,1468.0,1488.0,1488.0,1468.0,1468.0,1468.0,1468.0,1468.0,1488.0,1468.0,1468.0,1468.0,1468.0,1488.0,1488.0,1468.0,1468.0,1468.0,1488.0,1488.0,1468.0,1468.0,1488.0,1468.0,1468.0,1468.0,1468.0,1468.0,1468.0,1468.0,1468.0,1468.0,1468.0,1488.0,1488.0,1488.0,1468.0,1468.0,1468.0,1468.0,1468.0,1468.0,3905.0,3905.0,3907.0,3907.0,3907.0,3905.0,3905.0,3905.0,3905.0,3907.0,3907.0,3905.0,3905.0,3905.0,3905.0,3905.0,3905.0,3907.0,3905.0,3905.0,3905.0,3907.0,3907.0,3905.0,3905.0,3905.0,3905.0,3905.0,3905.0,3905.0,3905.0,3905.0,3905.0,3905.0,3907.0,3907.0,3907.0,3905.0,3905.0,3905.0,3905.0,3905.0,3905.0,1097.0,1097.0,1097.0,1097.0,1097.0,1097.0,1097.0,1097.0,1097.0,1097.0,1097.0,1097.0,1097.0,1097.0,1097.0,1097.0,1097.0,1097.0
10,3445.0,3445.0,3445.0,3445.0,3445.0,3445.0,3411.0,3445.0,3445.0,3430.0,3445.0,3248.0,3248.0,1054.0,176.0,2915.0,902.0,3445.0,3445.0,3445.0,3445.0,3445.0,3445.0,3445.0,3445.0,3445.0,3445.0,3445.0,3445.0,3445.0,3445.0,3445.0,1371.0,1452.0,2001.0,1282.0,419.0,184.0,636.0,636.0,2242.0,1055.0,379.0,339.0,329.0,2444.0,1054.0,1054.0,1054.0,1556.0,1177.0,1889.0,513.0,513.0,513.0,1055.0,1055.0,1055.0,1055.0,1055.0,1055.0,1055.0,1055.0,1055.0,1055.0,1055.0,2242.0,2242.0,2242.0,2242.0,2242.0,2242.0,2242.0,2242.0,2242.0,2242.0,2242.0,2242.0,2242.0,2242.0,2242.0,2242.0,2242.0,2242.0,2242.0,2242.0,2242.0,2242.0,2242.0,2001.0,2001.0,2001.0,2001.0,2001.0,2001.0,2001.0,2001.0,2001.0,2001.0,2001.0,2001.0,2001.0,2001.0,2001.0,2001.0,2001.0,2001.0,2403.0,2403.0,2403.0,2403.0,2403.0,2403.0,2403.0,2403.0,2403.0,2403.0,2403.0,2403.0,2403.0,2403.0,2403.0,2403.0,2403.0,2403.0,2403.0,2403.0,2403.0,2403.0,2444.0,2444.0,2444.0,2444.0,2444.0,2444.0,2444.0,2444.0,2444.0,2444.0,2444.0,2444.0,2444.0,2444.0,2444.0,2444.0,2444.0,2444.0,2444.0,2444.0,3445.0,3445.0,3445.0,3445.0,3445.0,3445.0,3445.0,3445.0,3445.0,3445.0,3445.0,3445.0,3445.0,3445.0,3445.0,3445.0,3445.0,3445.0,3445.0,3445.0,3445.0,3445.0,3445.0,3445.0,3445.0,3445.0,3445.0,3445.0,3445.0,3445.0,3445.0,3445.0,3445.0,3445.0,3445.0,3445.0,3445.0,3445.0,3445.0,3445.0,3445.0,3445.0,3445.0,1087.0,1087.0,1087.0,1087.0,1087.0,1087.0,1087.0,1087.0,1087.0,1087.0,1087.0,1087.0,1087.0,1087.0,1087.0,1087.0,1087.0,1087.0,1087.0,1087.0,1087.0,1087.0,1087.0,1087.0,1087.0,1087.0,1087.0,1087.0,1087.0,1387.0,1387.0,1387.0,1387.0,1387.0,1387.0,1387.0,1387.0,1387.0,1387.0,1387.0,1387.0,1387.0,1387.0,1387.0,1387.0,1387.0,1387.0,1387.0,1387.0,1387.0,1387.0,1387.0,1387.0,1387.0,1387.0,1387.0,1387.0,1387.0,1387.0,1387.0,1387.0,1387.0,1387.0,1387.0,1387.0,1387.0,1387.0,1387.0,1387.0,1387.0,1387.0,1387.0,1387.0,1387.0,1387.0,1387.0,1387.0,1387.0,1387.0,1341.0,1341.0,1341.0,1402.0,1402.0,1402.0,1341.0,1341.0,1341.0,1341.0,1402.0,1341.0,1341.0,1341.0,1341.0,1341.0,1341.0,1402.0,1341.0,1341.0,1341.0,1402.0,1402.0,1341.0,1341.0,1341.0,1341.0,1341.0,1402.0,1341.0,1341.0,1341.0,1341.0,1402.0,1402.0,1341.0,1341.0,1341.0,1402.0,1402.0,1341.0,1341.0,1402.0,1341.0,1341.0,1341.0,1341.0,1341.0,1341.0,1341.0,1341.0,1341.0,1341.0,1402.0,1402.0,1402.0,1341.0,1341.0,1341.0,1341.0,1341.0,1341.0,3445.0,3445.0,3445.0,3445.0,3445.0,3445.0,3445.0,3445.0,3445.0,3445.0,3445.0,3445.0,3445.0,3445.0,3445.0,3445.0,3445.0,3445.0,3445.0,3445.0,3445.0,3445.0,3445.0,3445.0,3445.0,3445.0,3445.0,3445.0,3445.0,3445.0,3445.0,3445.0,3445.0,3445.0,3445.0,3445.0,3445.0,3445.0,3445.0,3445.0,3445.0,3445.0,3445.0,1089.0,1089.0,1089.0,1089.0,1089.0,1089.0,1089.0,1089.0,1089.0,1089.0,1089.0,1089.0,1089.0,1089.0,1089.0,1089.0,1089.0,1089.0
11,4319.0,4319.0,4319.0,4319.0,4319.0,4319.0,4253.0,4319.0,4319.0,4289.0,4319.0,4153.0,4153.0,1389.0,309.0,3593.0,1214.0,4319.0,4319.0,4319.0,4319.0,4319.0,4319.0,4319.0,4319.0,4319.0,4319.0,4319.0,4319.0,4319.0,4319.0,4319.0,1811.0,1850.0,2388.0,1549.0,504.0,256.0,993.0,993.0,2825.0,1393.0,425.0,413.0,439.0,3015.0,1387.0,1387.0,1387.0,1658.0,1231.0,2341.0,758.0,758.0,758.0,1393.0,1393.0,1393.0,1393.0,1393.0,1393.0,1393.0,1393.0,1393.0,1393.0,1393.0,2825.0,2825.0,2825.0,2825.0,2825.0,2825.0,2825.0,2825.0,2825.0,2825.0,2825.0,2825.0,2825.0,2825.0,2825.0,2825.0,2825.0,2825.0,2825.0,2825.0,2825.0,2825.0,2825.0,2388.0,2388.0,2388.0,2388.0,2388.0,2388.0,2388.0,2388.0,2388.0,2388.0,2388.0,2388.0,2388.0,2388.0,2388.0,2388.0,2388.0,2388.0,2950.0,2950.0,2950.0,2950.0,2950.0,2950.0,2950.0,2950.0,2950.0,2950.0,2950.0,2950.0,2950.0,2950.0,2950.0,2950.0,2950.0,2950.0,2950.0,2950.0,2950.0,2950.0,3014.0,3014.0,3014.0,3014.0,3014.0,3014.0,3014.0,3014.0,3014.0,3014.0,3014.0,3014.0,3014.0,3014.0,3014.0,3014.0,3014.0,3014.0,3014.0,3014.0,4319.0,4319.0,4319.0,4319.0,4319.0,4319.0,4319.0,4319.0,4319.0,4319.0,4319.0,4319.0,4319.0,4319.0,4319.0,4319.0,4319.0,4319.0,4319.0,4319.0,4319.0,4319.0,4319.0,4319.0,4319.0,4319.0,4319.0,4319.0,4319.0,4319.0,4319.0,4319.0,4319.0,4319.0,4319.0,4319.0,4319.0,4319.0,4319.0,4319.0,4319.0,4319.0,4319.0,1427.0,1427.0,1427.0,1427.0,1427.0,1427.0,1427.0,1427.0,1427.0,1427.0,1427.0,1427.0,1427.0,1427.0,1427.0,1427.0,1427.0,1427.0,1427.0,1427.0,1427.0,1427.0,1427.0,1427.0,1427.0,1427.0,1427.0,1427.0,1427.0,1764.0,1764.0,1764.0,1764.0,1764.0,1764.0,1764.0,1764.0,1764.0,1764.0,1764.0,1764.0,1764.0,1764.0,1764.0,1764.0,1764.0,1764.0,1764.0,1764.0,1764.0,1764.0,1764.0,1764.0,1764.0,1764.0,1764.0,1764.0,1764.0,1764.0,1764.0,1764.0,1764.0,1764.0,1764.0,1764.0,1764.0,1764.0,1764.0,1764.0,1764.0,1764.0,1764.0,1764.0,1764.0,1764.0,1764.0,1764.0,1764.0,1764.0,1687.0,1687.0,1687.0,1801.0,1801.0,1801.0,1687.0,1687.0,1687.0,1687.0,1801.0,1687.0,1687.0,1687.0,1687.0,1687.0,1687.0,1801.0,1687.0,1687.0,1687.0,1801.0,1801.0,1687.0,1687.0,1687.0,1687.0,1687.0,1801.0,1687.0,1687.0,1687.0,1687.0,1801.0,1801.0,1687.0,1687.0,1687.0,1801.0,1801.0,1687.0,1687.0,1801.0,1687.0,1687.0,1687.0,1687.0,1687.0,1687.0,1687.0,1687.0,1687.0,1687.0,1801.0,1801.0,1801.0,1687.0,1687.0,1687.0,1687.0,1687.0,1687.0,4319.0,4319.0,4319.0,4319.0,4319.0,4319.0,4319.0,4319.0,4319.0,4319.0,4319.0,4319.0,4319.0,4319.0,4319.0,4319.0,4319.0,4319.0,4319.0,4319.0,4319.0,4319.0,4319.0,4319.0,4319.0,4319.0,4319.0,4319.0,4319.0,4319.0,4319.0,4319.0,4319.0,4319.0,4319.0,4319.0,4319.0,4319.0,4319.0,4319.0,4319.0,4319.0,4319.0,1433.0,1433.0,1433.0,1433.0,1433.0,1433.0,1433.0,1433.0,1433.0,1433.0,1433.0,1433.0,1433.0,1433.0,1433.0,1433.0,1433.0,1433.0
12,4164.0,4164.0,4164.0,4164.0,4164.0,4164.0,4101.0,4164.0,4164.0,4137.0,4164.0,4026.0,4026.0,1323.0,335.0,3515.0,1291.0,4164.0,4164.0,4164.0,4164.0,4164.0,4164.0,4164.0,4164.0,4164.0,4164.0,4164.0,4164.0,4164.0,4164.0,4164.0,1735.0,1765.0,2407.0,1505.0,501.0,227.0,939.0,939.0,2771.0,1320.0,410.0,399.0,459.0,2933.0,1319.0,1319.0,1319.0,1662.0,1252.0,2288.0,680.0,680.0,680.0,1320.0,1320.0,1320.0,1320.0,1320.0,1320.0,1320.0,1320.0,1320.0,1320.0,1320.0,2770.0,2770.0,2770.0,2770.0,2770.0,2770.0,2770.0,2770.0,2770.0,2770.0,2770.0,2770.0,2770.0,2770.0,2770.0,2770.0,2770.0,2770.0,2770.0,2770.0,2770.0,2770.0,2770.0,2407.0,2407.0,2407.0,2407.0,2407.0,2407.0,2407.0,2407.0,2407.0,2407.0,2407.0,2407.0,2407.0,2407.0,2407.0,2407.0,2407.0,2407.0,2868.0,2868.0,2868.0,2868.0,2868.0,2868.0,2868.0,2868.0,2868.0,2868.0,2868.0,2868.0,2868.0,2868.0,2868.0,2868.0,2868.0,2868.0,2868.0,2868.0,2868.0,2868.0,2933.0,2933.0,2933.0,2933.0,2933.0,2933.0,2933.0,2933.0,2933.0,2933.0,2933.0,2933.0,2933.0,2933.0,2933.0,2933.0,2933.0,2933.0,2933.0,2933.0,4164.0,4164.0,4164.0,4164.0,4164.0,4164.0,4164.0,4164.0,4164.0,4164.0,4164.0,4164.0,4164.0,4164.0,4164.0,4164.0,4164.0,4164.0,4164.0,4164.0,4164.0,4164.0,4164.0,4164.0,4164.0,4164.0,4164.0,4164.0,4164.0,4164.0,4164.0,4164.0,4164.0,4164.0,4164.0,4164.0,4164.0,4164.0,4164.0,4164.0,4164.0,4164.0,4164.0,1365.0,1365.0,1365.0,1365.0,1365.0,1365.0,1365.0,1365.0,1365.0,1365.0,1365.0,1365.0,1365.0,1365.0,1365.0,1365.0,1365.0,1365.0,1365.0,1365.0,1365.0,1365.0,1365.0,1365.0,1365.0,1365.0,1365.0,1365.0,1365.0,1698.0,1698.0,1698.0,1698.0,1698.0,1698.0,1698.0,1698.0,1698.0,1698.0,1698.0,1698.0,1698.0,1698.0,1698.0,1698.0,1698.0,1698.0,1698.0,1698.0,1698.0,1698.0,1698.0,1698.0,1698.0,1698.0,1698.0,1698.0,1698.0,1698.0,1698.0,1698.0,1698.0,1698.0,1698.0,1698.0,1698.0,1698.0,1698.0,1698.0,1698.0,1698.0,1698.0,1698.0,1698.0,1698.0,1698.0,1698.0,1698.0,1698.0,1644.0,1644.0,1644.0,1725.0,1725.0,1725.0,1644.0,1644.0,1644.0,1644.0,1725.0,1644.0,1644.0,1644.0,1644.0,1644.0,1644.0,1725.0,1644.0,1644.0,1644.0,1725.0,1725.0,1644.0,1644.0,1644.0,1644.0,1644.0,1725.0,1644.0,1644.0,1644.0,1644.0,1725.0,1725.0,1644.0,1644.0,1644.0,1725.0,1725.0,1644.0,1644.0,1725.0,1644.0,1644.0,1644.0,1644.0,1644.0,1644.0,1644.0,1644.0,1644.0,1644.0,1725.0,1725.0,1725.0,1644.0,1644.0,1644.0,1644.0,1644.0,1644.0,4164.0,4164.0,4164.0,4164.0,4164.0,4164.0,4164.0,4164.0,4164.0,4164.0,4164.0,4164.0,4164.0,4164.0,4164.0,4164.0,4164.0,4164.0,4164.0,4164.0,4164.0,4164.0,4164.0,4164.0,4164.0,4164.0,4164.0,4164.0,4164.0,4164.0,4164.0,4164.0,4164.0,4164.0,4164.0,4164.0,4164.0,4164.0,4164.0,4164.0,4164.0,4164.0,4164.0,1369.0,1369.0,1369.0,1369.0,1369.0,1369.0,1369.0,1369.0,1369.0,1369.0,1369.0,1369.0,1369.0,1369.0,1369.0,1369.0,1369.0,1369.0
13,4183.0,4183.0,4183.0,4183.0,4183.0,4183.0,4132.0,4183.0,4182.0,4164.0,4183.0,3950.0,3950.0,1334.0,350.0,3534.0,1376.0,4183.0,4183.0,4183.0,4183.0,4183.0,4183.0,4183.0,4183.0,4183.0,4183.0,4183.0,4183.0,4183.0,4183.0,4183.0,1757.0,1788.0,2410.0,1525.0,541.0,270.0,924.0,924.0,2707.0,1333.0,439.0,396.0,432.0,2947.0,1333.0,1333.0,1333.0,1732.0,1293.0,2260.0,705.0,705.0,705.0,1333.0,1333.0,1333.0,1333.0,1333.0,1333.0,1333.0,1333.0,1333.0,1333.0,1333.0,2707.0,2707.0,2707.0,2707.0,2707.0,2707.0,2707.0,2707.0,2707.0,2707.0,2707.0,2707.0,2707.0,2707.0,2707.0,2707.0,2707.0,2707.0,2707.0,2707.0,2707.0,2707.0,2707.0,2409.0,2409.0,2409.0,2409.0,2409.0,2409.0,2409.0,2409.0,2409.0,2409.0,2409.0,2409.0,2409.0,2409.0,2409.0,2409.0,2409.0,2409.0,2861.0,2861.0,2861.0,2861.0,2861.0,2861.0,2861.0,2861.0,2861.0,2861.0,2861.0,2861.0,2861.0,2861.0,2861.0,2861.0,2861.0,2861.0,2861.0,2861.0,2861.0,2861.0,2946.0,2946.0,2946.0,2946.0,2946.0,2946.0,2946.0,2946.0,2946.0,2946.0,2946.0,2946.0,2946.0,2946.0,2946.0,2946.0,2946.0,2946.0,2946.0,2946.0,4183.0,4183.0,4183.0,4183.0,4183.0,4183.0,4183.0,4183.0,4183.0,4183.0,4183.0,4183.0,4183.0,4183.0,4183.0,4183.0,4183.0,4183.0,4183.0,4183.0,4183.0,4183.0,4183.0,4183.0,4183.0,4183.0,4183.0,4183.0,4183.0,4183.0,4183.0,4183.0,4183.0,4183.0,4183.0,4183.0,4183.0,4183.0,4183.0,4183.0,4183.0,4183.0,4183.0,1374.0,1374.0,1374.0,1374.0,1374.0,1374.0,1374.0,1374.0,1374.0,1374.0,1374.0,1374.0,1374.0,1374.0,1374.0,1374.0,1374.0,1374.0,1374.0,1374.0,1374.0,1374.0,1374.0,1374.0,1374.0,1374.0,1374.0,1374.0,1374.0,1704.0,1704.0,1704.0,1704.0,1704.0,1704.0,1704.0,1704.0,1704.0,1704.0,1704.0,1704.0,1704.0,1704.0,1704.0,1704.0,1704.0,1704.0,1704.0,1704.0,1704.0,1704.0,1704.0,1704.0,1704.0,1704.0,1704.0,1704.0,1704.0,1704.0,1704.0,1704.0,1704.0,1704.0,1704.0,1704.0,1704.0,1704.0,1704.0,1704.0,1704.0,1704.0,1704.0,1704.0,1704.0,1704.0,1704.0,1704.0,1704.0,1704.0,1639.0,1639.0,1639.0,1739.0,1739.0,1739.0,1639.0,1639.0,1639.0,1639.0,1739.0,1639.0,1639.0,1639.0,1639.0,1639.0,1639.0,1739.0,1639.0,1639.0,1639.0,1739.0,1739.0,1639.0,1639.0,1639.0,1639.0,1639.0,1739.0,1639.0,1639.0,1639.0,1639.0,1739.0,1739.0,1639.0,1639.0,1639.0,1739.0,1739.0,1639.0,1639.0,1739.0,1639.0,1639.0,1639.0,1639.0,1639.0,1639.0,1639.0,1639.0,1639.0,1639.0,1739.0,1739.0,1739.0,1639.0,1639.0,1639.0,1639.0,1639.0,1639.0,4183.0,4183.0,4183.0,4183.0,4183.0,4183.0,4183.0,4183.0,4183.0,4183.0,4183.0,4183.0,4183.0,4183.0,4183.0,4183.0,4183.0,4183.0,4183.0,4183.0,4183.0,4183.0,4183.0,4183.0,4183.0,4183.0,4183.0,4183.0,4183.0,4183.0,4183.0,4183.0,4183.0,4183.0,4183.0,4183.0,4183.0,4183.0,4183.0,4183.0,4183.0,4183.0,4183.0,1383.0,1383.0,1383.0,1383.0,1383.0,1383.0,1383.0,1383.0,1383.0,1383.0,1383.0,1383.0,1383.0,1383.0,1383.0,1383.0,1383.0,1383.0
14,4446.0,4446.0,4446.0,4446.0,4446.0,4446.0,4375.0,4446.0,4446.0,4422.0,4446.0,4016.0,4016.0,1427.0,292.0,3774.0,1463.0,4446.0,4446.0,4446.0,4446.0,4446.0,4446.0,4446.0,4446.0,4446.0,4446.0,4446.0,4446.0,4446.0,4446.0,4446.0,1822.0,1869.0,2494.0,1587.0,516.0,267.0,1035.0,1035.0,2619.0,1430.0,427.0,378.0,466.0,3062.0,1430.0,1430.0,1430.0,1904.0,1476.0,2424.0,766.0,766.0,766.0,1430.0,1430.0,1430.0,1430.0,1430.0,1430.0,1430.0,1430.0,1430.0,1430.0,1430.0,2618.0,2618.0,2618.0,2618.0,2618.0,2618.0,2618.0,2618.0,2618.0,2618.0,2618.0,2618.0,2618.0,2618.0,2618.0,2618.0,2618.0,2618.0,2618.0,2618.0,2618.0,2618.0,2618.0,2493.0,2493.0,2493.0,2493.0,2493.0,2493.0,2493.0,2493.0,2493.0,2493.0,2493.0,2493.0,2493.0,2493.0,2493.0,2493.0,2493.0,2493.0,2991.0,2991.0,2991.0,2991.0,2991.0,2991.0,2991.0,2991.0,2991.0,2991.0,2991.0,2991.0,2991.0,2991.0,2991.0,2991.0,2991.0,2991.0,2991.0,2991.0,2991.0,2991.0,3061.0,3061.0,3061.0,3061.0,3061.0,3061.0,3061.0,3061.0,3061.0,3061.0,3061.0,3061.0,3061.0,3061.0,3061.0,3061.0,3061.0,3061.0,3061.0,3061.0,4446.0,4446.0,4446.0,4446.0,4446.0,4446.0,4446.0,4446.0,4446.0,4446.0,4446.0,4446.0,4446.0,4446.0,4446.0,4446.0,4446.0,4446.0,4446.0,4446.0,4446.0,4446.0,4446.0,4446.0,4446.0,4446.0,4446.0,4446.0,4446.0,4446.0,4446.0,4446.0,4446.0,4446.0,4446.0,4446.0,4446.0,4446.0,4446.0,4446.0,4446.0,4446.0,4446.0,1498.0,1498.0,1498.0,1498.0,1498.0,1498.0,1498.0,1498.0,1498.0,1498.0,1498.0,1498.0,1498.0,1498.0,1498.0,1498.0,1498.0,1498.0,1498.0,1498.0,1498.0,1498.0,1498.0,1498.0,1498.0,1498.0,1498.0,1498.0,1498.0,1829.0,1829.0,1829.0,1829.0,1829.0,1829.0,1829.0,1829.0,1829.0,1829.0,1829.0,1829.0,1829.0,1829.0,1829.0,1829.0,1829.0,1829.0,1829.0,1829.0,1829.0,1829.0,1829.0,1829.0,1829.0,1829.0,1829.0,1829.0,1829.0,1829.0,1829.0,1829.0,1829.0,1829.0,1829.0,1829.0,1829.0,1829.0,1829.0,1829.0,1829.0,1829.0,1829.0,1829.0,1829.0,1829.0,1829.0,1829.0,1829.0,1829.0,1781.0,1781.0,1781.0,1874.0,1874.0,1874.0,1781.0,1781.0,1781.0,1781.0,1874.0,1781.0,1781.0,1781.0,1781.0,1781.0,1781.0,1874.0,1781.0,1781.0,1781.0,1874.0,1874.0,1781.0,1781.0,1781.0,1781.0,1781.0,1874.0,1781.0,1781.0,1781.0,1781.0,1874.0,1874.0,1781.0,1781.0,1781.0,1874.0,1874.0,1781.0,1781.0,1874.0,1781.0,1781.0,1781.0,1781.0,1781.0,1781.0,1781.0,1781.0,1781.0,1781.0,1874.0,1874.0,1874.0,1781.0,1781.0,1781.0,1781.0,1781.0,1781.0,4446.0,4446.0,4446.0,4446.0,4446.0,4446.0,4446.0,4446.0,4446.0,4446.0,4446.0,4446.0,4446.0,4446.0,4446.0,4446.0,4446.0,4446.0,4446.0,4446.0,4446.0,4446.0,4446.0,4446.0,4446.0,4446.0,4446.0,4446.0,4446.0,4446.0,4446.0,4446.0,4446.0,4446.0,4446.0,4446.0,4446.0,4446.0,4446.0,4446.0,4446.0,4446.0,4446.0,1507.0,1507.0,1507.0,1507.0,1507.0,1507.0,1507.0,1507.0,1507.0,1507.0,1507.0,1507.0,1507.0,1507.0,1507.0,1507.0,1507.0,1507.0
15,5034.0,5034.0,5034.0,5034.0,5034.0,5034.0,4947.0,5034.0,5034.0,5005.0,5034.0,4410.0,4410.0,1520.0,428.0,4357.0,1886.0,5034.0,5034.0,5034.0,5034.0,5034.0,5034.0,5034.0,5034.0,5034.0,5034.0,5034.0,5034.0,5034.0,5034.0,5034.0,2028.0,2071.0,2930.0,1830.0,742.0,338.0,1177.0,1177.0,3048.0,1519.0,619.0,560.0,665.0,3499.0,1517.0,1517.0,1517.0,2238.0,1617.0,2596.0,793.0,793.0,793.0,1519.0,1519.0,1519.0,1519.0,1519.0,1519.0,1519.0,1519.0,1519.0,1519.0,1519.0,3048.0,3048.0,3048.0,3048.0,3048.0,3048.0,3048.0,3048.0,3048.0,3048.0,3048.0,3048.0,3048.0,3048.0,3048.0,3048.0,3048.0,3048.0,3048.0,3048.0,3048.0,3048.0,3048.0,2930.0,2930.0,2930.0,2930.0,2930.0,2930.0,2930.0,2930.0,2930.0,2930.0,2930.0,2930.0,2930.0,2930.0,2930.0,2930.0,2930.0,2930.0,3422.0,3422.0,3422.0,3422.0,3422.0,3422.0,3422.0,3422.0,3422.0,3422.0,3422.0,3422.0,3422.0,3422.0,3422.0,3422.0,3422.0,3422.0,3422.0,3422.0,3422.0,3422.0,3499.0,3499.0,3499.0,3499.0,3499.0,3499.0,3499.0,3499.0,3499.0,3499.0,3499.0,3499.0,3499.0,3499.0,3499.0,3499.0,3499.0,3499.0,3499.0,3499.0,5034.0,5034.0,5034.0,5034.0,5034.0,5034.0,5034.0,5034.0,5034.0,5034.0,5034.0,5034.0,5034.0,5034.0,5034.0,5034.0,5034.0,5034.0,5034.0,5034.0,5034.0,5034.0,5034.0,5034.0,5034.0,5034.0,5034.0,5034.0,5034.0,5034.0,5034.0,5034.0,5034.0,5034.0,5034.0,5034.0,5034.0,5034.0,5034.0,5034.0,5034.0,5034.0,5034.0,1678.0,1678.0,1678.0,1678.0,1678.0,1678.0,1678.0,1678.0,1678.0,1678.0,1678.0,1678.0,1678.0,1678.0,1678.0,1678.0,1678.0,1678.0,1678.0,1678.0,1678.0,1678.0,1678.0,1678.0,1678.0,1678.0,1678.0,1678.0,1678.0,2177.0,2177.0,2177.0,2177.0,2177.0,2177.0,2177.0,2177.0,2177.0,2177.0,2177.0,2177.0,2177.0,2177.0,2177.0,2177.0,2177.0,2177.0,2177.0,2177.0,2177.0,2177.0,2177.0,2177.0,2177.0,2177.0,2177.0,2177.0,2177.0,2177.0,2177.0,2177.0,2177.0,2177.0,2177.0,2177.0,2177.0,2177.0,2177.0,2177.0,2177.0,2177.0,2177.0,2177.0,2177.0,2177.0,2177.0,2177.0,2177.0,2177.0,2089.0,2089.0,2089.0,2202.0,2202.0,2202.0,2089.0,2089.0,2089.0,2089.0,2202.0,2089.0,2089.0,2089.0,2089.0,2089.0,2089.0,2202.0,2089.0,2089.0,2089.0,2202.0,2202.0,2089.0,2089.0,2089.0,2089.0,2089.0,2202.0,2089.0,2089.0,2089.0,2089.0,2202.0,2202.0,2089.0,2089.0,2089.0,2202.0,2202.0,2089.0,2089.0,2202.0,2089.0,2089.0,2089.0,2089.0,2089.0,2089.0,2089.0,2089.0,2089.0,2089.0,2202.0,2202.0,2202.0,2089.0,2089.0,2089.0,2089.0,2089.0,2089.0,5034.0,5034.0,5034.0,5034.0,5034.0,5034.0,5034.0,5034.0,5034.0,5034.0,5034.0,5034.0,5034.0,5034.0,5034.0,5034.0,5034.0,5034.0,5034.0,5034.0,5034.0,5034.0,5034.0,5034.0,5034.0,5034.0,5034.0,5034.0,5034.0,5034.0,5034.0,5034.0,5034.0,5034.0,5034.0,5034.0,5034.0,5034.0,5034.0,5034.0,5034.0,5034.0,5034.0,1686.0,1686.0,1686.0,1686.0,1686.0,1686.0,1686.0,1686.0,1686.0,1686.0,1686.0,1686.0,1686.0,1686.0,1686.0,1686.0,1686.0,1686.0
16,4325.0,4325.0,4325.0,4325.0,4325.0,4325.0,4268.0,4325.0,4325.0,4294.0,4325.0,3796.0,3796.0,1241.0,368.0,3751.0,1548.0,4325.0,4325.0,4325.0,4325.0,4325.0,4325.0,4325.0,4325.0,4325.0,4325.0,4325.0,4325.0,4325.0,4325.0,4325.0,1710.0,1751.0,2421.0,1526.0,613.0,297.0,952.0,952.0,2898.0,1246.0,526.0,508.0,536.0,2907.0,1242.0,1242.0,1242.0,1844.0,1316.0,2163.0,589.0,589.0,589.0,1246.0,1246.0,1246.0,1246.0,1246.0,1246.0,1246.0,1246.0,1246.0,1246.0,1246.0,2897.0,2897.0,2897.0,2897.0,2897.0,2897.0,2897.0,2897.0,2897.0,2897.0,2897.0,2897.0,2897.0,2897.0,2897.0,2897.0,2897.0,2897.0,2897.0,2897.0,2897.0,2897.0,2897.0,2421.0,2421.0,2421.0,2421.0,2421.0,2421.0,2421.0,2421.0,2421.0,2421.0,2421.0,2421.0,2421.0,2421.0,2421.0,2421.0,2421.0,2421.0,2851.0,2851.0,2851.0,2851.0,2851.0,2851.0,2851.0,2851.0,2851.0,2851.0,2851.0,2851.0,2851.0,2851.0,2851.0,2851.0,2851.0,2851.0,2851.0,2851.0,2851.0,2851.0,2907.0,2907.0,2907.0,2907.0,2907.0,2907.0,2907.0,2907.0,2907.0,2907.0,2907.0,2907.0,2907.0,2907.0,2907.0,2907.0,2907.0,2907.0,2907.0,2907.0,4325.0,4325.0,4325.0,4325.0,4325.0,4325.0,4325.0,4325.0,4325.0,4325.0,4325.0,4325.0,4325.0,4325.0,4325.0,4325.0,4325.0,4325.0,4325.0,4325.0,4325.0,4325.0,4325.0,4325.0,4325.0,4325.0,4325.0,4325.0,4325.0,4325.0,4325.0,4325.0,4325.0,4325.0,4325.0,4325.0,4325.0,4325.0,4325.0,4325.0,4325.0,4325.0,4325.0,1529.0,1529.0,1529.0,1529.0,1529.0,1529.0,1529.0,1529.0,1529.0,1529.0,1529.0,1529.0,1529.0,1529.0,1529.0,1529.0,1529.0,1529.0,1529.0,1529.0,1529.0,1529.0,1529.0,1529.0,1529.0,1529.0,1529.0,1529.0,1529.0,1986.0,1986.0,1986.0,1986.0,1986.0,1986.0,1986.0,1986.0,1986.0,1986.0,1986.0,1986.0,1986.0,1986.0,1986.0,1986.0,1986.0,1986.0,1986.0,1986.0,1986.0,1986.0,1986.0,1986.0,1986.0,1986.0,1986.0,1986.0,1986.0,1986.0,1986.0,1986.0,1986.0,1986.0,1986.0,1986.0,1986.0,1986.0,1986.0,1986.0,1986.0,1986.0,1986.0,1986.0,1986.0,1986.0,1986.0,1986.0,1986.0,1986.0,1910.0,1910.0,1910.0,2010.0,2010.0,2010.0,1910.0,1910.0,1910.0,1910.0,2010.0,1910.0,1910.0,1910.0,1910.0,1910.0,1910.0,2010.0,1910.0,1910.0,1910.0,2010.0,2010.0,1910.0,1910.0,1910.0,1910.0,1910.0,2010.0,1910.0,1910.0,1910.0,1910.0,2010.0,2010.0,1910.0,1910.0,1910.0,2010.0,2010.0,1910.0,1910.0,2010.0,1910.0,1910.0,1910.0,1910.0,1910.0,1910.0,1910.0,1910.0,1910.0,1910.0,2010.0,2010.0,2010.0,1910.0,1910.0,1910.0,1910.0,1910.0,1910.0,4325.0,4325.0,4325.0,4325.0,4325.0,4325.0,4325.0,4325.0,4325.0,4325.0,4325.0,4325.0,4325.0,4325.0,4325.0,4325.0,4325.0,4325.0,4325.0,4325.0,4325.0,4325.0,4325.0,4325.0,4325.0,4325.0,4325.0,4325.0,4325.0,4325.0,4325.0,4325.0,4325.0,4325.0,4325.0,4325.0,4325.0,4325.0,4325.0,4325.0,4325.0,4325.0,4325.0,1537.0,1537.0,1537.0,1537.0,1537.0,1537.0,1537.0,1537.0,1537.0,1537.0,1537.0,1537.0,1537.0,1537.0,1537.0,1537.0,1537.0,1537.0
17,3805.0,3805.0,3805.0,3805.0,3805.0,3805.0,3763.0,3805.0,3805.0,3790.0,3805.0,3236.0,3236.0,1012.0,271.0,3292.0,1573.0,3805.0,3805.0,3805.0,3805.0,3805.0,3805.0,3805.0,3805.0,3805.0,3805.0,3805.0,3805.0,3805.0,3805.0,3805.0,1527.0,1560.0,2112.0,1351.0,657.0,336.0,923.0,923.0,2570.0,1016.0,564.0,484.0,474.0,2548.0,1013.0,1013.0,1013.0,1589.0,1025.0,1793.0,486.0,486.0,486.0,1016.0,1016.0,1016.0,1016.0,1016.0,1016.0,1016.0,1016.0,1016.0,1016.0,1016.0,2570.0,2570.0,2570.0,2570.0,2570.0,2570.0,2570.0,2570.0,2570.0,2570.0,2570.0,2570.0,2570.0,2570.0,2570.0,2570.0,2570.0,2570.0,2570.0,2570.0,2570.0,2570.0,2570.0,2112.0,2112.0,2112.0,2112.0,2112.0,2112.0,2112.0,2112.0,2112.0,2112.0,2112.0,2112.0,2112.0,2112.0,2112.0,2112.0,2112.0,2112.0,2493.0,2493.0,2493.0,2493.0,2493.0,2493.0,2493.0,2493.0,2493.0,2493.0,2493.0,2493.0,2493.0,2493.0,2493.0,2493.0,2493.0,2493.0,2493.0,2493.0,2493.0,2493.0,2548.0,2548.0,2548.0,2548.0,2548.0,2548.0,2548.0,2548.0,2548.0,2548.0,2548.0,2548.0,2548.0,2548.0,2548.0,2548.0,2548.0,2548.0,2548.0,2548.0,3805.0,3805.0,3805.0,3805.0,3805.0,3805.0,3805.0,3805.0,3805.0,3805.0,3805.0,3805.0,3805.0,3805.0,3805.0,3805.0,3805.0,3805.0,3805.0,3805.0,3805.0,3805.0,3805.0,3805.0,3805.0,3805.0,3805.0,3805.0,3805.0,3805.0,3805.0,3805.0,3805.0,3805.0,3805.0,3805.0,3805.0,3805.0,3805.0,3805.0,3805.0,3805.0,3805.0,1351.0,1351.0,1351.0,1351.0,1351.0,1351.0,1351.0,1351.0,1351.0,1351.0,1351.0,1351.0,1351.0,1351.0,1351.0,1351.0,1351.0,1351.0,1351.0,1351.0,1351.0,1351.0,1351.0,1351.0,1351.0,1351.0,1351.0,1351.0,1351.0,1786.0,1786.0,1786.0,1786.0,1786.0,1786.0,1786.0,1786.0,1786.0,1786.0,1786.0,1786.0,1786.0,1786.0,1786.0,1786.0,1786.0,1786.0,1786.0,1786.0,1786.0,1786.0,1786.0,1786.0,1786.0,1786.0,1786.0,1786.0,1786.0,1786.0,1786.0,1786.0,1786.0,1786.0,1786.0,1786.0,1786.0,1786.0,1786.0,1786.0,1786.0,1786.0,1786.0,1786.0,1786.0,1786.0,1786.0,1786.0,1786.0,1786.0,1711.0,1711.0,1711.0,1828.0,1828.0,1828.0,1711.0,1711.0,1711.0,1711.0,1828.0,1711.0,1711.0,1711.0,1711.0,1711.0,1711.0,1828.0,1711.0,1711.0,1711.0,1828.0,1828.0,1711.0,1711.0,1711.0,1711.0,1711.0,1828.0,1711.0,1711.0,1711.0,1711.0,1828.0,1828.0,1711.0,1711.0,1711.0,1828.0,1828.0,1711.0,1711.0,1828.0,1711.0,1711.0,1711.0,1711.0,1711.0,1711.0,1711.0,1711.0,1711.0,1711.0,1828.0,1828.0,1828.0,1711.0,1711.0,1711.0,1711.0,1711.0,1711.0,3805.0,3805.0,3805.0,3805.0,3805.0,3805.0,3805.0,3805.0,3805.0,3805.0,3805.0,3805.0,3805.0,3805.0,3805.0,3805.0,3805.0,3805.0,3805.0,3805.0,3805.0,3805.0,3805.0,3805.0,3805.0,3805.0,3805.0,3805.0,3805.0,3805.0,3805.0,3805.0,3805.0,3805.0,3805.0,3805.0,3805.0,3805.0,3805.0,3805.0,3805.0,3805.0,3805.0,1366.0,1366.0,1366.0,1366.0,1366.0,1366.0,1366.0,1366.0,1366.0,1366.0,1366.0,1366.0,1366.0,1366.0,1366.0,1366.0,1366.0,1366.0
18,5585.0,5585.0,5585.0,5585.0,5585.0,5585.0,5525.0,5585.0,5585.0,5549.0,5585.0,4875.0,4875.0,1493.0,548.0,4891.0,2447.0,5585.0,5585.0,5585.0,5585.0,5585.0,5585.0,5585.0,5585.0,5585.0,5585.0,5585.0,5585.0,5585.0,5585.0,5585.0,2194.0,2182.0,3017.0,1932.0,858.0,423.0,1525.0,1525.0,3582.0,1495.0,699.0,667.0,787.0,3605.0,1494.0,1494.0,1494.0,1895.0,1194.0,2595.0,812.0,812.0,812.0,1495.0,1495.0,1495.0,1495.0,1495.0,1495.0,1495.0,1495.0,1495.0,1495.0,1495.0,3582.0,3582.0,3582.0,3582.0,3582.0,3582.0,3582.0,3582.0,3582.0,3582.0,3582.0,3582.0,3582.0,3582.0,3582.0,3582.0,3582.0,3582.0,3582.0,3582.0,3582.0,3582.0,3582.0,3017.0,3017.0,3017.0,3017.0,3017.0,3017.0,3017.0,3017.0,3017.0,3017.0,3017.0,3017.0,3017.0,3017.0,3017.0,3017.0,3017.0,3017.0,3521.0,3521.0,3521.0,3521.0,3521.0,3521.0,3521.0,3521.0,3521.0,3521.0,3521.0,3521.0,3521.0,3521.0,3521.0,3521.0,3521.0,3521.0,3521.0,3521.0,3521.0,3521.0,3605.0,3605.0,3605.0,3605.0,3605.0,3605.0,3605.0,3605.0,3605.0,3605.0,3605.0,3605.0,3605.0,3605.0,3605.0,3605.0,3605.0,3605.0,3605.0,3605.0,5585.0,5585.0,5585.0,5585.0,5585.0,5585.0,5585.0,5585.0,5585.0,5585.0,5585.0,5585.0,5585.0,5585.0,5585.0,5585.0,5585.0,5585.0,5585.0,5585.0,5585.0,5585.0,5585.0,5585.0,5585.0,5585.0,5585.0,5585.0,5585.0,5585.0,5585.0,5585.0,5585.0,5585.0,5585.0,5585.0,5585.0,5585.0,5585.0,5585.0,5585.0,5585.0,5585.0,2170.0,2170.0,2170.0,2170.0,2170.0,2170.0,2170.0,2170.0,2170.0,2170.0,2170.0,2170.0,2170.0,2170.0,2170.0,2170.0,2170.0,2170.0,2170.0,2170.0,2170.0,2170.0,2170.0,2170.0,2170.0,2170.0,2170.0,2170.0,2170.0,2712.0,2712.0,2712.0,2712.0,2712.0,2712.0,2712.0,2712.0,2712.0,2712.0,2712.0,2712.0,2712.0,2712.0,2712.0,2712.0,2712.0,2712.0,2712.0,2712.0,2712.0,2712.0,2712.0,2712.0,2712.0,2712.0,2712.0,2712.0,2712.0,2712.0,2712.0,2712.0,2712.0,2712.0,2712.0,2712.0,2712.0,2712.0,2712.0,2712.0,2712.0,2712.0,2712.0,2712.0,2712.0,2712.0,2712.0,2712.0,2712.0,2712.0,2600.0,2600.0,2600.0,2789.0,2789.0,2789.0,2600.0,2600.0,2600.0,2600.0,2789.0,2600.0,2600.0,2600.0,2600.0,2600.0,2600.0,2789.0,2600.0,2600.0,2600.0,2789.0,2789.0,2600.0,2600.0,2600.0,2600.0,2600.0,2789.0,2600.0,2600.0,2600.0,2600.0,2789.0,2789.0,2600.0,2600.0,2600.0,2789.0,2789.0,2600.0,2600.0,2789.0,2600.0,2600.0,2600.0,2600.0,2600.0,2600.0,2600.0,2600.0,2600.0,2600.0,2789.0,2789.0,2789.0,2600.0,2600.0,2600.0,2600.0,2600.0,2600.0,5585.0,5585.0,5585.0,5585.0,5585.0,5585.0,5585.0,5585.0,5585.0,5585.0,5585.0,5585.0,5585.0,5585.0,5585.0,5585.0,5585.0,5585.0,5585.0,5585.0,5585.0,5585.0,5585.0,5585.0,5585.0,5585.0,5585.0,5585.0,5585.0,5585.0,5585.0,5585.0,5585.0,5585.0,5585.0,5585.0,5585.0,5585.0,5585.0,5585.0,5585.0,5585.0,5585.0,2176.0,2176.0,2176.0,2176.0,2176.0,2176.0,2176.0,2176.0,2176.0,2176.0,2176.0,2176.0,2176.0,2176.0,2176.0,2176.0,2176.0,2176.0
19,5526.0,5526.0,5526.0,5526.0,5526.0,5526.0,5451.0,5526.0,5526.0,5492.0,5526.0,4849.0,4849.0,1389.0,553.0,4855.0,2645.0,5526.0,5526.0,5526.0,5526.0,5526.0,5526.0,5526.0,5526.0,5526.0,5526.0,5526.0,5526.0,5526.0,5526.0,5526.0,2035.0,2049.0,2921.0,1855.0,845.0,379.0,1493.0,1493.0,3432.0,1395.0,668.0,627.0,754.0,3497.0,1392.0,1392.0,1392.0,1943.0,1275.0,2461.0,700.0,700.0,700.0,1395.0,1395.0,1395.0,1395.0,1395.0,1395.0,1395.0,1395.0,1395.0,1395.0,1395.0,3431.0,3431.0,3431.0,3431.0,3431.0,3431.0,3431.0,3431.0,3431.0,3431.0,3431.0,3431.0,3431.0,3431.0,3431.0,3431.0,3431.0,3431.0,3431.0,3431.0,3431.0,3431.0,3431.0,2921.0,2921.0,2921.0,2921.0,2921.0,2921.0,2921.0,2921.0,2921.0,2921.0,2921.0,2921.0,2921.0,2921.0,2921.0,2921.0,2921.0,2921.0,3355.0,3355.0,3355.0,3355.0,3355.0,3355.0,3355.0,3355.0,3355.0,3355.0,3355.0,3355.0,3355.0,3355.0,3355.0,3355.0,3355.0,3355.0,3355.0,3355.0,3355.0,3355.0,3497.0,3497.0,3497.0,3497.0,3497.0,3497.0,3497.0,3497.0,3497.0,3497.0,3497.0,3497.0,3497.0,3497.0,3497.0,3497.0,3497.0,3497.0,3497.0,3497.0,5526.0,5526.0,5526.0,5526.0,5526.0,5526.0,5526.0,5526.0,5526.0,5526.0,5526.0,5526.0,5526.0,5526.0,5526.0,5526.0,5526.0,5526.0,5526.0,5526.0,5526.0,5526.0,5526.0,5526.0,5526.0,5526.0,5526.0,5526.0,5526.0,5526.0,5526.0,5526.0,5526.0,5526.0,5526.0,5526.0,5526.0,5526.0,5526.0,5526.0,5526.0,5526.0,5526.0,2276.0,2276.0,2276.0,2276.0,2276.0,2276.0,2276.0,2276.0,2276.0,2276.0,2276.0,2276.0,2276.0,2276.0,2276.0,2276.0,2276.0,2276.0,2276.0,2276.0,2276.0,2276.0,2276.0,2276.0,2276.0,2276.0,2276.0,2276.0,2276.0,2792.0,2792.0,2792.0,2792.0,2792.0,2792.0,2792.0,2792.0,2792.0,2792.0,2792.0,2792.0,2792.0,2792.0,2792.0,2792.0,2792.0,2792.0,2792.0,2792.0,2792.0,2792.0,2792.0,2792.0,2792.0,2792.0,2792.0,2792.0,2792.0,2792.0,2792.0,2792.0,2792.0,2792.0,2792.0,2792.0,2792.0,2792.0,2792.0,2792.0,2792.0,2792.0,2792.0,2792.0,2792.0,2792.0,2792.0,2792.0,2792.0,2792.0,2642.0,2642.0,2642.0,2867.0,2867.0,2867.0,2642.0,2642.0,2642.0,2642.0,2867.0,2642.0,2642.0,2642.0,2642.0,2642.0,2642.0,2867.0,2642.0,2642.0,2642.0,2867.0,2867.0,2642.0,2642.0,2642.0,2642.0,2642.0,2867.0,2642.0,2642.0,2642.0,2642.0,2867.0,2867.0,2642.0,2642.0,2642.0,2867.0,2867.0,2642.0,2642.0,2867.0,2642.0,2642.0,2642.0,2642.0,2642.0,2642.0,2642.0,2642.0,2642.0,2642.0,2867.0,2867.0,2867.0,2642.0,2642.0,2642.0,2642.0,2642.0,2642.0,5526.0,5526.0,5526.0,5526.0,5526.0,5526.0,5526.0,5526.0,5526.0,5526.0,5526.0,5526.0,5526.0,5526.0,5526.0,5526.0,5526.0,5526.0,5526.0,5526.0,5526.0,5526.0,5526.0,5526.0,5526.0,5526.0,5526.0,5526.0,5526.0,5526.0,5526.0,5526.0,5526.0,5526.0,5526.0,5526.0,5526.0,5526.0,5526.0,5526.0,5526.0,5526.0,5526.0,2286.0,2286.0,2286.0,2286.0,2286.0,2286.0,2286.0,2286.0,2286.0,2286.0,2286.0,2286.0,2286.0,2286.0,2286.0,2286.0,2286.0,2286.0
20,5749.0,5749.0,5749.0,5749.0,5749.0,5749.0,5684.0,5749.0,5749.0,5718.0,5749.0,4937.0,4937.0,1408.0,644.0,5029.0,3047.0,5749.0,5749.0,5749.0,5749.0,5749.0,5749.0,5749.0,5749.0,5749.0,5749.0,5749.0,5749.0,5749.0,5749.0,5749.0,2151.0,2120.0,2988.0,1914.0,1025.0,520.0,1647.0,1647.0,3571.0,1411.0,802.0,748.0,877.0,3614.0,1410.0,1410.0,1410.0,2123.0,1319.0,2407.0,739.0,739.0,739.0,1411.0,1411.0,1411.0,1411.0,1411.0,1411.0,1411.0,1411.0,1411.0,1411.0,1411.0,3571.0,3571.0,3571.0,3571.0,3571.0,3571.0,3571.0,3571.0,3571.0,3571.0,3571.0,3571.0,3571.0,3571.0,3571.0,3571.0,3571.0,3571.0,3571.0,3571.0,3571.0,3571.0,3571.0,2988.0,2988.0,2988.0,2988.0,2988.0,2988.0,2988.0,2988.0,2988.0,2988.0,2988.0,2988.0,2988.0,2988.0,2988.0,2988.0,2988.0,2988.0,3484.0,3484.0,3484.0,3484.0,3484.0,3484.0,3484.0,3484.0,3484.0,3484.0,3484.0,3484.0,3484.0,3484.0,3484.0,3484.0,3484.0,3484.0,3484.0,3484.0,3484.0,3484.0,3614.0,3614.0,3614.0,3614.0,3614.0,3614.0,3614.0,3614.0,3614.0,3614.0,3614.0,3614.0,3614.0,3614.0,3614.0,3614.0,3614.0,3614.0,3614.0,3614.0,5749.0,5749.0,5749.0,5749.0,5749.0,5749.0,5749.0,5749.0,5749.0,5749.0,5749.0,5749.0,5749.0,5749.0,5749.0,5749.0,5749.0,5749.0,5749.0,5749.0,5749.0,5749.0,5749.0,5749.0,5749.0,5749.0,5749.0,5749.0,5749.0,5749.0,5749.0,5749.0,5749.0,5749.0,5749.0,5749.0,5749.0,5749.0,5749.0,5749.0,5749.0,5749.0,5749.0,2412.0,2412.0,2412.0,2412.0,2412.0,2412.0,2412.0,2412.0,2412.0,2412.0,2412.0,2412.0,2412.0,2412.0,2412.0,2412.0,2412.0,2412.0,2412.0,2412.0,2412.0,2412.0,2412.0,2412.0,2412.0,2412.0,2412.0,2412.0,2412.0,3014.0,3014.0,3014.0,3014.0,3014.0,3014.0,3014.0,3014.0,3014.0,3014.0,3014.0,3014.0,3014.0,3014.0,3014.0,3014.0,3014.0,3014.0,3014.0,3014.0,3014.0,3014.0,3014.0,3014.0,3014.0,3014.0,3014.0,3014.0,3014.0,3014.0,3014.0,3014.0,3014.0,3014.0,3014.0,3014.0,3014.0,3014.0,3014.0,3014.0,3014.0,3014.0,3014.0,3014.0,3014.0,3014.0,3014.0,3014.0,3014.0,3014.0,2857.0,2857.0,2857.0,3098.0,3098.0,3098.0,2857.0,2857.0,2857.0,2857.0,3098.0,2857.0,2857.0,2857.0,2857.0,2857.0,2857.0,3098.0,2857.0,2857.0,2857.0,3098.0,3098.0,2857.0,2857.0,2857.0,2857.0,2857.0,3098.0,2857.0,2857.0,2857.0,2857.0,3098.0,3098.0,2857.0,2857.0,2857.0,3098.0,3098.0,2857.0,2857.0,3098.0,2857.0,2857.0,2857.0,2857.0,2857.0,2857.0,2857.0,2857.0,2857.0,2857.0,3098.0,3098.0,3098.0,2857.0,2857.0,2857.0,2857.0,2857.0,2857.0,5749.0,5749.0,5749.0,5749.0,5749.0,5749.0,5749.0,5749.0,5749.0,5749.0,5749.0,5749.0,5749.0,5749.0,5749.0,5749.0,5749.0,5749.0,5749.0,5749.0,5749.0,5749.0,5749.0,5749.0,5749.0,5749.0,5749.0,5749.0,5749.0,5749.0,5749.0,5749.0,5749.0,5749.0,5749.0,5749.0,5749.0,5749.0,5749.0,5749.0,5749.0,5749.0,5749.0,2419.0,2419.0,2419.0,2419.0,2419.0,2419.0,2419.0,2419.0,2419.0,2419.0,2419.0,2419.0,2419.0,2419.0,2419.0,2419.0,2419.0,2419.0
21,5677.0,5677.0,5677.0,5677.0,5677.0,5677.0,5605.0,5677.0,5677.0,5645.0,5677.0,4836.0,4836.0,1328.0,604.0,4973.0,3185.0,5677.0,5677.0,5677.0,5677.0,5677.0,5677.0,5677.0,5677.0,5677.0,5677.0,5677.0,5677.0,5677.0,5677.0,5677.0,1946.0,1901.0,2894.0,1722.0,1049.0,449.0,1529.0,1529.0,3469.0,1329.0,835.0,679.0,856.0,3484.0,1329.0,1329.0,1329.0,2189.0,1354.0,2301.0,614.0,614.0,614.0,1329.0,1329.0,1329.0,1329.0,1329.0,1329.0,1329.0,1329.0,1329.0,1329.0,1329.0,3469.0,3469.0,3469.0,3469.0,3469.0,3469.0,3469.0,3469.0,3469.0,3469.0,3469.0,3469.0,3469.0,3469.0,3469.0,3469.0,3469.0,3469.0,3469.0,3469.0,3469.0,3469.0,3469.0,2893.0,2893.0,2893.0,2893.0,2893.0,2893.0,2893.0,2893.0,2893.0,2893.0,2893.0,2893.0,2893.0,2893.0,2893.0,2893.0,2893.0,2893.0,3370.0,3370.0,3370.0,3370.0,3370.0,3370.0,3370.0,3370.0,3370.0,3370.0,3370.0,3370.0,3370.0,3370.0,3370.0,3370.0,3370.0,3370.0,3370.0,3370.0,3370.0,3370.0,3483.0,3483.0,3483.0,3483.0,3483.0,3483.0,3483.0,3483.0,3483.0,3483.0,3483.0,3483.0,3483.0,3483.0,3483.0,3483.0,3483.0,3483.0,3483.0,3483.0,5677.0,5677.0,5677.0,5677.0,5677.0,5677.0,5677.0,5677.0,5677.0,5677.0,5677.0,5677.0,5677.0,5677.0,5677.0,5677.0,5677.0,5677.0,5677.0,5677.0,5677.0,5677.0,5677.0,5677.0,5677.0,5677.0,5677.0,5677.0,5677.0,5677.0,5677.0,5677.0,5677.0,5677.0,5677.0,5677.0,5677.0,5677.0,5677.0,5677.0,5677.0,5677.0,5677.0,2442.0,2442.0,2442.0,2442.0,2442.0,2442.0,2442.0,2442.0,2442.0,2442.0,2442.0,2442.0,2442.0,2442.0,2442.0,2442.0,2442.0,2442.0,2442.0,2442.0,2442.0,2442.0,2442.0,2442.0,2442.0,2442.0,2442.0,2442.0,2442.0,2978.0,2978.0,2978.0,2978.0,2978.0,2978.0,2978.0,2978.0,2978.0,2978.0,2978.0,2978.0,2978.0,2978.0,2978.0,2978.0,2978.0,2978.0,2978.0,2978.0,2978.0,2978.0,2978.0,2978.0,2978.0,2978.0,2978.0,2978.0,2978.0,2978.0,2978.0,2978.0,2978.0,2978.0,2978.0,2978.0,2978.0,2978.0,2978.0,2978.0,2978.0,2978.0,2978.0,2978.0,2978.0,2978.0,2978.0,2978.0,2978.0,2978.0,2792.0,2792.0,2792.0,3083.0,3083.0,3083.0,2792.0,2792.0,2792.0,2792.0,3083.0,2792.0,2792.0,2792.0,2792.0,2792.0,2792.0,3083.0,2792.0,2792.0,2792.0,3083.0,3083.0,2792.0,2792.0,2792.0,2792.0,2792.0,3083.0,2792.0,2792.0,2792.0,2792.0,3083.0,3083.0,2792.0,2792.0,2792.0,3083.0,3083.0,2792.0,2792.0,3083.0,2792.0,2792.0,2792.0,2792.0,2792.0,2792.0,2792.0,2792.0,2792.0,2792.0,3083.0,3083.0,3083.0,2792.0,2792.0,2792.0,2792.0,2792.0,2792.0,5677.0,5677.0,5677.0,5677.0,5677.0,5677.0,5677.0,5677.0,5677.0,5677.0,5677.0,5677.0,5677.0,5677.0,5677.0,5677.0,5677.0,5677.0,5677.0,5677.0,5677.0,5677.0,5677.0,5677.0,5677.0,5677.0,5677.0,5677.0,5677.0,5677.0,5677.0,5677.0,5677.0,5677.0,5677.0,5677.0,5677.0,5677.0,5677.0,5677.0,5677.0,5677.0,5677.0,2448.0,2448.0,2448.0,2448.0,2448.0,2448.0,2448.0,2448.0,2448.0,2448.0,2448.0,2448.0,2448.0,2448.0,2448.0,2448.0,2448.0,2448.0
22,6852.0,6852.0,6852.0,6852.0,6852.0,6852.0,6756.0,6852.0,6852.0,6808.0,6851.0,5994.0,5994.0,1713.0,883.0,6103.0,3833.0,6852.0,6852.0,6852.0,6852.0,6852.0,6852.0,6852.0,6852.0,6852.0,6852.0,6852.0,6852.0,6852.0,6852.0,6852.0,2318.0,2266.0,3526.0,2108.0,1114.0,473.0,1988.0,1988.0,4130.0,1718.0,851.0,827.0,1014.0,4161.0,1718.0,1718.0,1718.0,2572.0,1721.0,2842.0,817.0,817.0,817.0,1718.0,1718.0,1718.0,1718.0,1718.0,1718.0,1718.0,1718.0,1718.0,1718.0,1718.0,4130.0,4130.0,4130.0,4130.0,4130.0,4130.0,4130.0,4130.0,4130.0,4130.0,4130.0,4130.0,4130.0,4130.0,4130.0,4130.0,4130.0,4130.0,4130.0,4130.0,4130.0,4130.0,4130.0,3526.0,3526.0,3526.0,3526.0,3526.0,3526.0,3526.0,3526.0,3526.0,3526.0,3526.0,3526.0,3526.0,3526.0,3526.0,3526.0,3526.0,3526.0,3978.0,3978.0,3978.0,3978.0,3978.0,3978.0,3978.0,3978.0,3978.0,3978.0,3978.0,3978.0,3978.0,3978.0,3978.0,3978.0,3978.0,3978.0,3978.0,3978.0,3978.0,3978.0,4161.0,4161.0,4161.0,4161.0,4161.0,4161.0,4161.0,4161.0,4161.0,4161.0,4161.0,4161.0,4161.0,4161.0,4161.0,4161.0,4161.0,4161.0,4161.0,4161.0,6852.0,6852.0,6852.0,6852.0,6852.0,6852.0,6852.0,6852.0,6852.0,6852.0,6852.0,6852.0,6852.0,6852.0,6852.0,6852.0,6852.0,6852.0,6852.0,6852.0,6852.0,6852.0,6852.0,6852.0,6852.0,6852.0,6852.0,6852.0,6852.0,6852.0,6852.0,6852.0,6852.0,6852.0,6852.0,6852.0,6852.0,6852.0,6852.0,6852.0,6852.0,6852.0,6852.0,3056.0,3056.0,3056.0,3056.0,3056.0,3056.0,3056.0,3056.0,3056.0,3056.0,3056.0,3056.0,3056.0,3056.0,3056.0,3056.0,3056.0,3056.0,3056.0,3056.0,3056.0,3056.0,3056.0,3056.0,3056.0,3056.0,3056.0,3056.0,3056.0,3719.0,3719.0,3719.0,3719.0,3719.0,3719.0,3719.0,3719.0,3719.0,3719.0,3719.0,3719.0,3719.0,3719.0,3719.0,3719.0,3719.0,3719.0,3719.0,3719.0,3719.0,3719.0,3719.0,3719.0,3719.0,3719.0,3719.0,3719.0,3719.0,3719.0,3719.0,3719.0,3719.0,3719.0,3719.0,3719.0,3719.0,3719.0,3719.0,3719.0,3719.0,3719.0,3719.0,3719.0,3719.0,3719.0,3719.0,3719.0,3719.0,3719.0,3568.0,3568.0,3568.0,3801.0,3801.0,3801.0,3568.0,3568.0,3568.0,3568.0,3801.0,3568.0,3568.0,3568.0,3568.0,3568.0,3568.0,3801.0,3568.0,3568.0,3568.0,3801.0,3801.0,3568.0,3568.0,3568.0,3568.0,3568.0,3801.0,3568.0,3568.0,3568.0,3568.0,3801.0,3801.0,3568.0,3568.0,3568.0,3801.0,3801.0,3568.0,3568.0,3801.0,3568.0,3568.0,3568.0,3568.0,3568.0,3568.0,3568.0,3568.0,3568.0,3568.0,3801.0,3801.0,3801.0,3568.0,3568.0,3568.0,3568.0,3568.0,3568.0,6852.0,6852.0,6852.0,6852.0,6852.0,6852.0,6852.0,6852.0,6852.0,6852.0,6852.0,6852.0,6852.0,6852.0,6852.0,6852.0,6852.0,6852.0,6852.0,6852.0,6852.0,6852.0,6852.0,6852.0,6852.0,6852.0,6852.0,6852.0,6852.0,6852.0,6852.0,6852.0,6852.0,6852.0,6852.0,6852.0,6852.0,6852.0,6852.0,6852.0,6852.0,6852.0,6852.0,3058.0,3058.0,3058.0,3058.0,3058.0,3058.0,3058.0,3058.0,3058.0,3058.0,3058.0,3058.0,3058.0,3058.0,3058.0,3058.0,3058.0,3058.0
23,5872.0,5872.0,5872.0,5872.0,5872.0,5872.0,5808.0,5872.0,5871.0,5836.0,5872.0,5096.0,5096.0,1436.0,575.0,5239.0,3273.0,5872.0,5872.0,5872.0,5872.0,5872.0,5872.0,5872.0,5872.0,5872.0,5872.0,5872.0,5872.0,5872.0,5872.0,5872.0,1967.0,1984.0,2924.0,1797.0,961.0,432.0,1530.0,1530.0,3466.0,1441.0,766.0,680.0,789.0,3490.0,1438.0,1438.0,1438.0,2343.0,1577.0,2411.0,586.0,586.0,586.0,1441.0,1441.0,1441.0,1441.0,1441.0,1441.0,1441.0,1441.0,1441.0,1441.0,1441.0,3466.0,3466.0,3466.0,3466.0,3466.0,3466.0,3466.0,3466.0,3466.0,3466.0,3466.0,3466.0,3466.0,3466.0,3466.0,3466.0,3466.0,3466.0,3466.0,3466.0,3466.0,3466.0,3466.0,2924.0,2924.0,2924.0,2924.0,2924.0,2924.0,2924.0,2924.0,2924.0,2924.0,2924.0,2924.0,2924.0,2924.0,2924.0,2924.0,2924.0,2924.0,3377.0,3377.0,3377.0,3377.0,3377.0,3377.0,3377.0,3377.0,3377.0,3377.0,3377.0,3377.0,3377.0,3377.0,3377.0,3377.0,3377.0,3377.0,3377.0,3377.0,3377.0,3377.0,3490.0,3490.0,3490.0,3490.0,3490.0,3490.0,3490.0,3490.0,3490.0,3490.0,3490.0,3490.0,3490.0,3490.0,3490.0,3490.0,3490.0,3490.0,3490.0,3490.0,5872.0,5872.0,5872.0,5872.0,5872.0,5872.0,5872.0,5872.0,5872.0,5872.0,5872.0,5872.0,5872.0,5872.0,5872.0,5872.0,5872.0,5872.0,5872.0,5872.0,5872.0,5872.0,5872.0,5872.0,5872.0,5872.0,5872.0,5872.0,5872.0,5872.0,5872.0,5872.0,5872.0,5872.0,5872.0,5872.0,5872.0,5872.0,5872.0,5872.0,5872.0,5872.0,5872.0,2607.0,2607.0,2607.0,2607.0,2607.0,2607.0,2607.0,2607.0,2607.0,2607.0,2607.0,2607.0,2607.0,2607.0,2607.0,2607.0,2607.0,2607.0,2607.0,2607.0,2607.0,2607.0,2607.0,2607.0,2607.0,2607.0,2607.0,2607.0,2607.0,3206.0,3206.0,3206.0,3206.0,3206.0,3206.0,3206.0,3206.0,3206.0,3206.0,3206.0,3206.0,3206.0,3206.0,3206.0,3206.0,3206.0,3206.0,3206.0,3206.0,3206.0,3206.0,3206.0,3206.0,3206.0,3206.0,3206.0,3206.0,3206.0,3206.0,3206.0,3206.0,3206.0,3206.0,3206.0,3206.0,3206.0,3206.0,3206.0,3206.0,3206.0,3206.0,3206.0,3206.0,3206.0,3206.0,3206.0,3206.0,3206.0,3206.0,3094.0,3094.0,3094.0,3259.0,3259.0,3259.0,3094.0,3094.0,3094.0,3094.0,3259.0,3094.0,3094.0,3094.0,3094.0,3094.0,3094.0,3259.0,3094.0,3094.0,3094.0,3259.0,3259.0,3094.0,3094.0,3094.0,3094.0,3094.0,3259.0,3094.0,3094.0,3094.0,3094.0,3259.0,3259.0,3094.0,3094.0,3094.0,3259.0,3259.0,3094.0,3094.0,3259.0,3094.0,3094.0,3094.0,3094.0,3094.0,3094.0,3094.0,3094.0,3094.0,3094.0,3259.0,3259.0,3259.0,3094.0,3094.0,3094.0,3094.0,3094.0,3094.0,5872.0,5872.0,5872.0,5872.0,5872.0,5872.0,5872.0,5872.0,5872.0,5872.0,5872.0,5872.0,5872.0,5872.0,5872.0,5872.0,5872.0,5872.0,5872.0,5872.0,5872.0,5872.0,5872.0,5872.0,5872.0,5872.0,5872.0,5872.0,5872.0,5872.0,5872.0,5872.0,5872.0,5872.0,5872.0,5872.0,5872.0,5872.0,5872.0,5872.0,5872.0,5872.0,5872.0,2608.0,2608.0,2608.0,2608.0,2608.0,2608.0,2608.0,2608.0,2608.0,2608.0,2608.0,2608.0,2608.0,2608.0,2608.0,2608.0,2608.0,2608.0
24,6065.0,6065.0,6065.0,6065.0,6065.0,6065.0,6004.0,6065.0,6065.0,6030.0,6064.0,5419.0,5419.0,1263.0,605.0,5456.0,3853.0,6065.0,6065.0,6065.0,6065.0,6065.0,6065.0,6065.0,6065.0,6065.0,6065.0,6065.0,6065.0,6065.0,6065.0,6065.0,1808.0,1705.0,2504.0,1552.0,872.0,402.0,1652.0,1652.0,3067.0,1264.0,630.0,539.0,702.0,3035.0,1274.0,1274.0,1274.0,1952.0,1316.0,2043.0,576.0,576.0,576.0,1264.0,1264.0,1264.0,1264.0,1264.0,1264.0,1264.0,1264.0,1264.0,1264.0,1264.0,3067.0,3067.0,3067.0,3067.0,3067.0,3067.0,3067.0,3067.0,3067.0,3067.0,3067.0,3067.0,3067.0,3067.0,3067.0,3067.0,3067.0,3067.0,3067.0,3067.0,3067.0,3067.0,3067.0,2504.0,2504.0,2504.0,2504.0,2504.0,2504.0,2504.0,2504.0,2504.0,2504.0,2504.0,2504.0,2504.0,2504.0,2504.0,2504.0,2504.0,2504.0,2929.0,2929.0,2929.0,2929.0,2929.0,2929.0,2929.0,2929.0,2929.0,2929.0,2929.0,2929.0,2929.0,2929.0,2929.0,2929.0,2929.0,2929.0,2929.0,2929.0,2929.0,2929.0,3035.0,3035.0,3035.0,3035.0,3035.0,3035.0,3035.0,3035.0,3035.0,3035.0,3035.0,3035.0,3035.0,3035.0,3035.0,3035.0,3035.0,3035.0,3035.0,3035.0,6065.0,6065.0,6065.0,6065.0,6065.0,6065.0,6065.0,6065.0,6065.0,6065.0,6065.0,6065.0,6065.0,6065.0,6065.0,6065.0,6065.0,6065.0,6065.0,6065.0,6065.0,6065.0,6065.0,6065.0,6065.0,6065.0,6065.0,6065.0,6065.0,6065.0,6065.0,6065.0,6065.0,6065.0,6065.0,6065.0,6065.0,6065.0,6065.0,6065.0,6065.0,6065.0,6065.0,3280.0,3280.0,3280.0,3280.0,3280.0,3280.0,3280.0,3280.0,3280.0,3280.0,3280.0,3280.0,3280.0,3280.0,3280.0,3280.0,3280.0,3280.0,3280.0,3280.0,3280.0,3280.0,3280.0,3280.0,3280.0,3280.0,3280.0,3280.0,3280.0,3705.0,3705.0,3705.0,3705.0,3705.0,3705.0,3705.0,3705.0,3705.0,3705.0,3705.0,3705.0,3705.0,3705.0,3705.0,3705.0,3705.0,3705.0,3705.0,3705.0,3705.0,3705.0,3705.0,3705.0,3705.0,3705.0,3705.0,3705.0,3705.0,3705.0,3705.0,3705.0,3705.0,3705.0,3705.0,3705.0,3705.0,3705.0,3705.0,3705.0,3705.0,3705.0,3705.0,3705.0,3705.0,3705.0,3705.0,3705.0,3705.0,3705.0,3636.0,3636.0,3636.0,3789.0,3789.0,3789.0,3636.0,3636.0,3636.0,3636.0,3789.0,3636.0,3636.0,3636.0,3636.0,3636.0,3636.0,3789.0,3636.0,3636.0,3636.0,3789.0,3789.0,3636.0,3636.0,3636.0,3636.0,3636.0,3789.0,3636.0,3636.0,3636.0,3636.0,3789.0,3789.0,3636.0,3636.0,3636.0,3789.0,3789.0,3636.0,3636.0,3789.0,3636.0,3636.0,3636.0,3636.0,3636.0,3636.0,3636.0,3636.0,3636.0,3636.0,3789.0,3789.0,3789.0,3636.0,3636.0,3636.0,3636.0,3636.0,3636.0,6065.0,6065.0,6065.0,6065.0,6065.0,6065.0,6065.0,6065.0,6065.0,6065.0,6065.0,6065.0,6065.0,6065.0,6065.0,6065.0,6065.0,6065.0,6065.0,6065.0,6065.0,6065.0,6065.0,6065.0,6065.0,6065.0,6065.0,6065.0,6065.0,6065.0,6065.0,6065.0,6065.0,6065.0,6065.0,6065.0,6065.0,6065.0,6065.0,6065.0,6065.0,6065.0,6065.0,3281.0,3281.0,3281.0,3281.0,3281.0,3281.0,3281.0,3281.0,3281.0,3281.0,3281.0,3281.0,3281.0,3281.0,3281.0,3281.0,3281.0,3281.0
25,5742.0,5742.0,5742.0,5742.0,5742.0,5742.0,5694.0,5742.0,5741.0,5689.0,5741.0,5244.0,5244.0,923.0,530.0,5279.0,4161.0,5742.0,5742.0,5742.0,5742.0,5742.0,5742.0,5742.0,5742.0,5742.0,5742.0,5742.0,5742.0,5742.0,5742.0,5742.0,1402.0,1162.0,1921.0,1124.0,698.0,293.0,1719.0,1719.0,2285.0,921.0,479.0,458.0,627.0,2297.0,930.0,930.0,930.0,1303.0,822.0,1466.0,490.0,490.0,490.0,921.0,921.0,921.0,921.0,921.0,921.0,921.0,921.0,921.0,921.0,921.0,2285.0,2285.0,2285.0,2285.0,2285.0,2285.0,2285.0,2285.0,2285.0,2285.0,2285.0,2285.0,2285.0,2285.0,2285.0,2285.0,2285.0,2285.0,2285.0,2285.0,2285.0,2285.0,2285.0,1921.0,1921.0,1921.0,1921.0,1921.0,1921.0,1921.0,1921.0,1921.0,1921.0,1921.0,1921.0,1921.0,1921.0,1921.0,1921.0,1921.0,1921.0,2146.0,2146.0,2146.0,2146.0,2146.0,2146.0,2146.0,2146.0,2146.0,2146.0,2146.0,2146.0,2146.0,2146.0,2146.0,2146.0,2146.0,2146.0,2146.0,2146.0,2146.0,2146.0,2297.0,2297.0,2297.0,2297.0,2297.0,2297.0,2297.0,2297.0,2297.0,2297.0,2297.0,2297.0,2297.0,2297.0,2297.0,2297.0,2297.0,2297.0,2297.0,2297.0,5742.0,5742.0,5742.0,5742.0,5742.0,5742.0,5742.0,5742.0,5742.0,5742.0,5742.0,5742.0,5742.0,5742.0,5742.0,5742.0,5742.0,5742.0,5742.0,5742.0,5742.0,5742.0,5742.0,5742.0,5742.0,5742.0,5742.0,5742.0,5742.0,5742.0,5742.0,5742.0,5742.0,5742.0,5742.0,5742.0,5742.0,5742.0,5742.0,5742.0,5742.0,5742.0,5742.0,3732.0,3732.0,3732.0,3732.0,3732.0,3732.0,3732.0,3732.0,3732.0,3732.0,3732.0,3732.0,3732.0,3732.0,3732.0,3732.0,3732.0,3732.0,3732.0,3732.0,3732.0,3732.0,3732.0,3732.0,3732.0,3732.0,3732.0,3732.0,3732.0,4088.0,4088.0,4088.0,4088.0,4088.0,4088.0,4088.0,4088.0,4088.0,4088.0,4088.0,4088.0,4088.0,4088.0,4088.0,4088.0,4088.0,4088.0,4088.0,4088.0,4088.0,4088.0,4088.0,4088.0,4088.0,4088.0,4088.0,4088.0,4088.0,4088.0,4088.0,4088.0,4088.0,4088.0,4088.0,4088.0,4088.0,4088.0,4088.0,4088.0,4088.0,4088.0,4088.0,4088.0,4088.0,4088.0,4088.0,4088.0,4088.0,4088.0,4040.0,4040.0,4040.0,4158.0,4158.0,4158.0,4040.0,4040.0,4040.0,4040.0,4158.0,4040.0,4040.0,4040.0,4040.0,4040.0,4040.0,4158.0,4040.0,4040.0,4040.0,4158.0,4158.0,4040.0,4040.0,4040.0,4040.0,4040.0,4158.0,4040.0,4040.0,4040.0,4040.0,4158.0,4158.0,4040.0,4040.0,4040.0,4158.0,4158.0,4040.0,4040.0,4158.0,4040.0,4040.0,4040.0,4040.0,4040.0,4040.0,4040.0,4040.0,4040.0,4040.0,4158.0,4158.0,4158.0,4040.0,4040.0,4040.0,4040.0,4040.0,4040.0,5742.0,5742.0,5742.0,5742.0,5742.0,5742.0,5742.0,5742.0,5742.0,5742.0,5742.0,5742.0,5742.0,5742.0,5742.0,5742.0,5742.0,5742.0,5742.0,5742.0,5742.0,5742.0,5742.0,5742.0,5742.0,5742.0,5742.0,5742.0,5742.0,5742.0,5742.0,5742.0,5742.0,5742.0,5742.0,5742.0,5742.0,5742.0,5742.0,5742.0,5742.0,5742.0,5742.0,3732.0,3732.0,3732.0,3732.0,3732.0,3732.0,3732.0,3732.0,3732.0,3732.0,3732.0,3732.0,3732.0,3732.0,3732.0,3732.0,3732.0,3732.0
26,3458.0,3458.0,3458.0,3458.0,3458.0,3458.0,3422.0,3458.0,3458.0,3441.0,3458.0,2743.0,2743.0,1054.0,450.0,2967.0,1542.0,3458.0,3458.0,3458.0,3458.0,3458.0,3458.0,3458.0,3458.0,3458.0,3458.0,3458.0,3458.0,3458.0,3458.0,3458.0,1451.0,1483.0,2208.0,1328.0,772.0,371.0,715.0,715.0,2660.0,1052.0,707.0,601.0,619.0,2660.0,1052.0,1052.0,1052.0,1626.0,917.0,1771.0,546.0,546.0,546.0,1052.0,1052.0,1052.0,1052.0,1052.0,1052.0,1052.0,1052.0,1052.0,1052.0,1052.0,2660.0,2660.0,2660.0,2660.0,2660.0,2660.0,2660.0,2660.0,2660.0,2660.0,2660.0,2660.0,2660.0,2660.0,2660.0,2660.0,2660.0,2660.0,2660.0,2660.0,2660.0,2660.0,2660.0,2208.0,2208.0,2208.0,2208.0,2208.0,2208.0,2208.0,2208.0,2208.0,2208.0,2208.0,2208.0,2208.0,2208.0,2208.0,2208.0,2208.0,2208.0,2583.0,2583.0,2583.0,2583.0,2583.0,2583.0,2583.0,2583.0,2583.0,2583.0,2583.0,2583.0,2583.0,2583.0,2583.0,2583.0,2583.0,2583.0,2583.0,2583.0,2583.0,2583.0,2660.0,2660.0,2660.0,2660.0,2660.0,2660.0,2660.0,2660.0,2660.0,2660.0,2660.0,2660.0,2660.0,2660.0,2660.0,2660.0,2660.0,2660.0,2660.0,2660.0,3458.0,3458.0,3458.0,3458.0,3458.0,3458.0,3458.0,3458.0,3458.0,3458.0,3458.0,3458.0,3458.0,3458.0,3458.0,3458.0,3458.0,3458.0,3458.0,3458.0,3458.0,3458.0,3458.0,3458.0,3458.0,3458.0,3458.0,3458.0,3458.0,3458.0,3458.0,3458.0,3458.0,3458.0,3458.0,3458.0,3458.0,3458.0,3458.0,3458.0,3458.0,3458.0,3458.0,888.0,888.0,888.0,888.0,888.0,888.0,888.0,888.0,888.0,888.0,888.0,888.0,888.0,888.0,888.0,888.0,888.0,888.0,888.0,888.0,888.0,888.0,888.0,888.0,888.0,888.0,888.0,888.0,888.0,1488.0,1488.0,1488.0,1488.0,1488.0,1488.0,1488.0,1488.0,1488.0,1488.0,1488.0,1488.0,1488.0,1488.0,1488.0,1488.0,1488.0,1488.0,1488.0,1488.0,1488.0,1488.0,1488.0,1488.0,1488.0,1488.0,1488.0,1488.0,1488.0,1488.0,1488.0,1488.0,1488.0,1488.0,1488.0,1488.0,1488.0,1488.0,1488.0,1488.0,1488.0,1488.0,1488.0,1488.0,1488.0,1488.0,1488.0,1488.0,1488.0,1488.0,1398.0,1398.0,1398.0,1504.0,1504.0,1504.0,1398.0,1398.0,1398.0,1398.0,1504.0,1398.0,1398.0,1398.0,1398.0,1398.0,1398.0,1504.0,1398.0,1398.0,1398.0,1504.0,1504.0,1398.0,1398.0,1398.0,1398.0,1398.0,1504.0,1398.0,1398.0,1398.0,1398.0,1504.0,1504.0,1398.0,1398.0,1398.0,1504.0,1504.0,1398.0,1398.0,1504.0,1398.0,1398.0,1398.0,1398.0,1398.0,1398.0,1398.0,1398.0,1398.0,1398.0,1504.0,1504.0,1504.0,1398.0,1398.0,1398.0,1398.0,1398.0,1398.0,3458.0,3458.0,3458.0,3458.0,3458.0,3458.0,3458.0,3458.0,3458.0,3458.0,3458.0,3458.0,3458.0,3458.0,3458.0,3458.0,3458.0,3458.0,3458.0,3458.0,3458.0,3458.0,3458.0,3458.0,3458.0,3458.0,3458.0,3458.0,3458.0,3458.0,3458.0,3458.0,3458.0,3458.0,3458.0,3458.0,3458.0,3458.0,3458.0,3458.0,3458.0,3458.0,3458.0,890.0,890.0,890.0,890.0,890.0,890.0,890.0,890.0,890.0,890.0,890.0,890.0,890.0,890.0,890.0,890.0,890.0,890.0
27,3585.0,3585.0,3585.0,3585.0,3585.0,3585.0,3547.0,3585.0,3585.0,3563.0,3585.0,2763.0,2763.0,1191.0,473.0,3039.0,1365.0,3585.0,3585.0,3585.0,3585.0,3585.0,3585.0,3585.0,3585.0,3585.0,3585.0,3585.0,3585.0,3585.0,3585.0,3585.0,1648.0,1804.0,2547.0,1581.0,860.0,406.0,688.0,688.0,3049.0,1188.0,815.0,726.0,714.0,3051.0,1188.0,1188.0,1188.0,1908.0,1093.0,2077.0,683.0,683.0,683.0,1188.0,1188.0,1188.0,1188.0,1188.0,1188.0,1188.0,1188.0,1188.0,1188.0,1188.0,3048.0,3048.0,3048.0,3048.0,3048.0,3048.0,3048.0,3048.0,3048.0,3048.0,3048.0,3048.0,3048.0,3048.0,3048.0,3048.0,3048.0,3048.0,3048.0,3048.0,3048.0,3048.0,3048.0,2546.0,2546.0,2546.0,2546.0,2546.0,2546.0,2546.0,2546.0,2546.0,2546.0,2546.0,2546.0,2546.0,2546.0,2546.0,2546.0,2546.0,2546.0,3020.0,3020.0,3020.0,3020.0,3020.0,3020.0,3020.0,3020.0,3020.0,3020.0,3020.0,3020.0,3020.0,3020.0,3020.0,3020.0,3020.0,3020.0,3020.0,3020.0,3020.0,3020.0,3051.0,3051.0,3051.0,3051.0,3051.0,3051.0,3051.0,3051.0,3051.0,3051.0,3051.0,3051.0,3051.0,3051.0,3051.0,3051.0,3051.0,3051.0,3051.0,3051.0,3585.0,3585.0,3585.0,3585.0,3585.0,3585.0,3585.0,3585.0,3585.0,3585.0,3585.0,3585.0,3585.0,3585.0,3585.0,3585.0,3585.0,3585.0,3585.0,3585.0,3585.0,3585.0,3585.0,3585.0,3585.0,3585.0,3585.0,3585.0,3585.0,3585.0,3585.0,3585.0,3585.0,3585.0,3585.0,3585.0,3585.0,3585.0,3585.0,3585.0,3585.0,3585.0,3585.0,595.0,595.0,595.0,595.0,595.0,595.0,595.0,595.0,595.0,595.0,595.0,595.0,595.0,595.0,595.0,595.0,595.0,595.0,595.0,595.0,595.0,595.0,595.0,595.0,595.0,595.0,595.0,595.0,595.0,1288.0,1288.0,1288.0,1288.0,1288.0,1288.0,1288.0,1288.0,1288.0,1288.0,1288.0,1288.0,1288.0,1288.0,1288.0,1288.0,1288.0,1288.0,1288.0,1288.0,1288.0,1288.0,1288.0,1288.0,1288.0,1288.0,1288.0,1288.0,1288.0,1288.0,1288.0,1288.0,1288.0,1288.0,1288.0,1288.0,1288.0,1288.0,1288.0,1288.0,1288.0,1288.0,1288.0,1288.0,1288.0,1288.0,1288.0,1288.0,1288.0,1288.0,1213.0,1213.0,1213.0,1310.0,1310.0,1310.0,1213.0,1213.0,1213.0,1213.0,1310.0,1213.0,1213.0,1213.0,1213.0,1213.0,1213.0,1310.0,1213.0,1213.0,1213.0,1310.0,1310.0,1213.0,1213.0,1213.0,1213.0,1213.0,1310.0,1213.0,1213.0,1213.0,1213.0,1310.0,1310.0,1213.0,1213.0,1213.0,1310.0,1310.0,1213.0,1213.0,1310.0,1213.0,1213.0,1213.0,1213.0,1213.0,1213.0,1213.0,1213.0,1213.0,1213.0,1310.0,1310.0,1310.0,1213.0,1213.0,1213.0,1213.0,1213.0,1213.0,3585.0,3585.0,3585.0,3585.0,3585.0,3585.0,3585.0,3585.0,3585.0,3585.0,3585.0,3585.0,3585.0,3585.0,3585.0,3585.0,3585.0,3585.0,3585.0,3585.0,3585.0,3585.0,3585.0,3585.0,3585.0,3585.0,3585.0,3585.0,3585.0,3585.0,3585.0,3585.0,3585.0,3585.0,3585.0,3585.0,3585.0,3585.0,3585.0,3585.0,3585.0,3585.0,3585.0,597.0,597.0,597.0,597.0,597.0,597.0,597.0,597.0,597.0,597.0,597.0,597.0,597.0,597.0,597.0,597.0,597.0,597.0
28,3332.0,3332.0,3332.0,3332.0,3332.0,3332.0,3259.0,3332.0,3332.0,3322.0,3332.0,2686.0,2686.0,1199.0,402.0,2853.0,1188.0,3332.0,3332.0,3332.0,3332.0,3332.0,3332.0,3332.0,3332.0,3332.0,3332.0,3332.0,3332.0,3332.0,3332.0,3332.0,1518.0,1618.0,2378.0,1481.0,690.0,321.0,636.0,636.0,2811.0,1200.0,644.0,549.0,573.0,2824.0,1200.0,1200.0,1200.0,1840.0,1195.0,2016.0,638.0,638.0,638.0,1200.0,1200.0,1200.0,1200.0,1200.0,1200.0,1200.0,1200.0,1200.0,1200.0,1200.0,2811.0,2811.0,2811.0,2811.0,2811.0,2811.0,2811.0,2811.0,2811.0,2811.0,2811.0,2811.0,2811.0,2811.0,2811.0,2811.0,2811.0,2811.0,2811.0,2811.0,2811.0,2811.0,2811.0,2378.0,2378.0,2378.0,2378.0,2378.0,2378.0,2378.0,2378.0,2378.0,2378.0,2378.0,2378.0,2378.0,2378.0,2378.0,2378.0,2378.0,2378.0,2783.0,2783.0,2783.0,2783.0,2783.0,2783.0,2783.0,2783.0,2783.0,2783.0,2783.0,2783.0,2783.0,2783.0,2783.0,2783.0,2783.0,2783.0,2783.0,2783.0,2783.0,2783.0,2824.0,2824.0,2824.0,2824.0,2824.0,2824.0,2824.0,2824.0,2824.0,2824.0,2824.0,2824.0,2824.0,2824.0,2824.0,2824.0,2824.0,2824.0,2824.0,2824.0,3332.0,3332.0,3332.0,3332.0,3332.0,3332.0,3332.0,3332.0,3332.0,3332.0,3332.0,3332.0,3332.0,3332.0,3332.0,3332.0,3332.0,3332.0,3332.0,3332.0,3332.0,3332.0,3332.0,3332.0,3332.0,3332.0,3332.0,3332.0,3332.0,3332.0,3332.0,3332.0,3332.0,3332.0,3332.0,3332.0,3332.0,3332.0,3332.0,3332.0,3332.0,3332.0,3332.0,578.0,578.0,578.0,578.0,578.0,578.0,578.0,578.0,578.0,578.0,578.0,578.0,578.0,578.0,578.0,578.0,578.0,578.0,578.0,578.0,578.0,578.0,578.0,578.0,578.0,578.0,578.0,578.0,578.0,1124.0,1124.0,1124.0,1124.0,1124.0,1124.0,1124.0,1124.0,1124.0,1124.0,1124.0,1124.0,1124.0,1124.0,1124.0,1124.0,1124.0,1124.0,1124.0,1124.0,1124.0,1124.0,1124.0,1124.0,1124.0,1124.0,1124.0,1124.0,1124.0,1124.0,1124.0,1124.0,1124.0,1124.0,1124.0,1124.0,1124.0,1124.0,1124.0,1124.0,1124.0,1124.0,1124.0,1124.0,1124.0,1124.0,1124.0,1124.0,1124.0,1124.0,1052.0,1052.0,1052.0,1135.0,1135.0,1135.0,1052.0,1052.0,1052.0,1052.0,1135.0,1052.0,1052.0,1052.0,1052.0,1052.0,1052.0,1135.0,1052.0,1052.0,1052.0,1135.0,1135.0,1052.0,1052.0,1052.0,1052.0,1052.0,1135.0,1052.0,1052.0,1052.0,1052.0,1135.0,1135.0,1052.0,1052.0,1052.0,1135.0,1135.0,1052.0,1052.0,1135.0,1052.0,1052.0,1052.0,1052.0,1052.0,1052.0,1052.0,1052.0,1052.0,1052.0,1135.0,1135.0,1135.0,1052.0,1052.0,1052.0,1052.0,1052.0,1052.0,3332.0,3332.0,3332.0,3332.0,3332.0,3332.0,3332.0,3332.0,3332.0,3332.0,3332.0,3332.0,3332.0,3332.0,3332.0,3332.0,3332.0,3332.0,3332.0,3332.0,3332.0,3332.0,3332.0,3332.0,3332.0,3332.0,3332.0,3332.0,3332.0,3332.0,3332.0,3332.0,3332.0,3332.0,3332.0,3332.0,3332.0,3332.0,3332.0,3332.0,3332.0,3332.0,3332.0,581.0,581.0,581.0,581.0,581.0,581.0,581.0,581.0,581.0,581.0,581.0,581.0,581.0,581.0,581.0,581.0,581.0,581.0
29,4302.0,4302.0,4302.0,4302.0,4302.0,4302.0,4227.0,4302.0,4302.0,4276.0,4302.0,3618.0,3618.0,1707.0,394.0,3581.0,1239.0,4302.0,4302.0,4302.0,4302.0,4302.0,4302.0,4302.0,4302.0,4302.0,4302.0,4302.0,4302.0,4302.0,4302.0,4302.0,2140.0,2295.0,3093.0,1988.0,731.0,358.0,589.0,589.0,3779.0,1713.0,684.0,609.0,597.0,3783.0,1712.0,1712.0,1712.0,2366.0,1684.0,2924.0,865.0,865.0,865.0,1713.0,1713.0,1713.0,1713.0,1713.0,1713.0,1713.0,1713.0,1713.0,1713.0,1713.0,3778.0,3778.0,3778.0,3778.0,3778.0,3778.0,3778.0,3778.0,3778.0,3778.0,3778.0,3778.0,3778.0,3778.0,3778.0,3778.0,3778.0,3778.0,3778.0,3778.0,3778.0,3778.0,3778.0,3091.0,3091.0,3091.0,3091.0,3091.0,3091.0,3091.0,3091.0,3091.0,3091.0,3091.0,3091.0,3091.0,3091.0,3091.0,3091.0,3091.0,3091.0,3743.0,3743.0,3743.0,3743.0,3743.0,3743.0,3743.0,3743.0,3743.0,3743.0,3743.0,3743.0,3743.0,3743.0,3743.0,3743.0,3743.0,3743.0,3743.0,3743.0,3743.0,3743.0,3782.0,3782.0,3782.0,3782.0,3782.0,3782.0,3782.0,3782.0,3782.0,3782.0,3782.0,3782.0,3782.0,3782.0,3782.0,3782.0,3782.0,3782.0,3782.0,3782.0,4302.0,4302.0,4302.0,4302.0,4302.0,4302.0,4302.0,4302.0,4302.0,4302.0,4302.0,4302.0,4302.0,4302.0,4302.0,4302.0,4302.0,4302.0,4302.0,4302.0,4302.0,4302.0,4302.0,4302.0,4302.0,4302.0,4302.0,4302.0,4302.0,4302.0,4302.0,4302.0,4302.0,4302.0,4302.0,4302.0,4302.0,4302.0,4302.0,4302.0,4302.0,4302.0,4302.0,588.0,588.0,588.0,588.0,588.0,588.0,588.0,588.0,588.0,588.0,588.0,588.0,588.0,588.0,588.0,588.0,588.0,588.0,588.0,588.0,588.0,588.0,588.0,588.0,588.0,588.0,588.0,588.0,588.0,1177.0,1177.0,1177.0,1177.0,1177.0,1177.0,1177.0,1177.0,1177.0,1177.0,1177.0,1177.0,1177.0,1177.0,1177.0,1177.0,1177.0,1177.0,1177.0,1177.0,1177.0,1177.0,1177.0,1177.0,1177.0,1177.0,1177.0,1177.0,1177.0,1177.0,1177.0,1177.0,1177.0,1177.0,1177.0,1177.0,1177.0,1177.0,1177.0,1177.0,1177.0,1177.0,1177.0,1177.0,1177.0,1177.0,1177.0,1177.0,1177.0,1177.0,1119.0,1119.0,1119.0,1188.0,1188.0,1188.0,1119.0,1119.0,1119.0,1119.0,1188.0,1119.0,1119.0,1119.0,1119.0,1119.0,1119.0,1188.0,1119.0,1119.0,1119.0,1188.0,1188.0,1119.0,1119.0,1119.0,1119.0,1119.0,1188.0,1119.0,1119.0,1119.0,1119.0,1188.0,1188.0,1119.0,1119.0,1119.0,1188.0,1188.0,1119.0,1119.0,1188.0,1119.0,1119.0,1119.0,1119.0,1119.0,1119.0,1119.0,1119.0,1119.0,1119.0,1188.0,1188.0,1188.0,1119.0,1119.0,1119.0,1119.0,1119.0,1119.0,4302.0,4302.0,4302.0,4302.0,4302.0,4302.0,4302.0,4302.0,4302.0,4302.0,4302.0,4302.0,4302.0,4302.0,4302.0,4302.0,4302.0,4302.0,4302.0,4302.0,4302.0,4302.0,4302.0,4302.0,4302.0,4302.0,4302.0,4302.0,4302.0,4302.0,4302.0,4302.0,4302.0,4302.0,4302.0,4302.0,4302.0,4302.0,4302.0,4302.0,4302.0,4302.0,4302.0,589.0,589.0,589.0,589.0,589.0,589.0,589.0,589.0,589.0,589.0,589.0,589.0,589.0,589.0,589.0,589.0,589.0,589.0
30,3371.0,3371.0,3371.0,3371.0,3371.0,3371.0,3303.0,3371.0,3371.0,3358.0,3370.0,2874.0,2874.0,1396.0,233.0,2809.0,956.0,3371.0,3371.0,3371.0,3371.0,3371.0,3371.0,3371.0,3371.0,3371.0,3371.0,3371.0,3371.0,3371.0,3371.0,3371.0,1676.0,1782.0,2397.0,1561.0,522.0,235.0,429.0,429.0,2928.0,1397.0,495.0,452.0,431.0,2923.0,1397.0,1397.0,1397.0,1880.0,1384.0,2284.0,639.0,639.0,639.0,1397.0,1397.0,1397.0,1397.0,1397.0,1397.0,1397.0,1397.0,1397.0,1397.0,1397.0,2928.0,2928.0,2928.0,2928.0,2928.0,2928.0,2928.0,2928.0,2928.0,2928.0,2928.0,2928.0,2928.0,2928.0,2928.0,2928.0,2928.0,2928.0,2928.0,2928.0,2928.0,2928.0,2928.0,2397.0,2397.0,2397.0,2397.0,2397.0,2397.0,2397.0,2397.0,2397.0,2397.0,2397.0,2397.0,2397.0,2397.0,2397.0,2397.0,2397.0,2397.0,2886.0,2886.0,2886.0,2886.0,2886.0,2886.0,2886.0,2886.0,2886.0,2886.0,2886.0,2886.0,2886.0,2886.0,2886.0,2886.0,2886.0,2886.0,2886.0,2886.0,2886.0,2886.0,2922.0,2922.0,2922.0,2922.0,2922.0,2922.0,2922.0,2922.0,2922.0,2922.0,2922.0,2922.0,2922.0,2922.0,2922.0,2922.0,2922.0,2922.0,2922.0,2922.0,3371.0,3371.0,3371.0,3371.0,3371.0,3371.0,3371.0,3371.0,3371.0,3371.0,3371.0,3371.0,3371.0,3371.0,3371.0,3371.0,3371.0,3371.0,3371.0,3371.0,3371.0,3371.0,3371.0,3371.0,3371.0,3371.0,3371.0,3371.0,3371.0,3371.0,3371.0,3371.0,3371.0,3371.0,3371.0,3371.0,3371.0,3371.0,3371.0,3371.0,3371.0,3371.0,3371.0,485.0,485.0,485.0,485.0,485.0,485.0,485.0,485.0,485.0,485.0,485.0,485.0,485.0,485.0,485.0,485.0,485.0,485.0,485.0,485.0,485.0,485.0,485.0,485.0,485.0,485.0,485.0,485.0,485.0,927.0,927.0,927.0,927.0,927.0,927.0,927.0,927.0,927.0,927.0,927.0,927.0,927.0,927.0,927.0,927.0,927.0,927.0,927.0,927.0,927.0,927.0,927.0,927.0,927.0,927.0,927.0,927.0,927.0,927.0,927.0,927.0,927.0,927.0,927.0,927.0,927.0,927.0,927.0,927.0,927.0,927.0,927.0,927.0,927.0,927.0,927.0,927.0,927.0,927.0,845.0,845.0,845.0,937.0,937.0,937.0,845.0,845.0,845.0,845.0,937.0,845.0,845.0,845.0,845.0,845.0,845.0,937.0,845.0,845.0,845.0,937.0,937.0,845.0,845.0,845.0,845.0,845.0,937.0,845.0,845.0,845.0,845.0,937.0,937.0,845.0,845.0,845.0,937.0,937.0,845.0,845.0,937.0,845.0,845.0,845.0,845.0,845.0,845.0,845.0,845.0,845.0,845.0,937.0,937.0,937.0,845.0,845.0,845.0,845.0,845.0,845.0,3371.0,3371.0,3371.0,3371.0,3371.0,3371.0,3371.0,3371.0,3371.0,3371.0,3371.0,3371.0,3371.0,3371.0,3371.0,3371.0,3371.0,3371.0,3371.0,3371.0,3371.0,3371.0,3371.0,3371.0,3371.0,3371.0,3371.0,3371.0,3371.0,3371.0,3371.0,3371.0,3371.0,3371.0,3371.0,3371.0,3371.0,3371.0,3371.0,3371.0,3371.0,3371.0,3371.0,485.0,485.0,485.0,485.0,485.0,485.0,485.0,485.0,485.0,485.0,485.0,485.0,485.0,485.0,485.0,485.0,485.0,485.0
31,2982.0,2982.0,2982.0,2982.0,2982.0,2982.0,2936.0,2982.0,2982.0,2969.0,2982.0,2528.0,2528.0,1236.0,236.0,2429.0,807.0,2982.0,2982.0,2982.0,2982.0,2982.0,2982.0,2982.0,2982.0,2982.0,2982.0,2982.0,2982.0,2982.0,2982.0,2982.0,1555.0,1615.0,2114.0,1364.0,495.0,233.0,366.0,366.0,2627.0,1240.0,451.0,405.0,402.0,2636.0,1239.0,1239.0,1239.0,1761.0,1310.0,2063.0,619.0,619.0,619.0,1240.0,1240.0,1240.0,1240.0,1240.0,1240.0,1240.0,1240.0,1240.0,1240.0,1240.0,2626.0,2626.0,2626.0,2626.0,2626.0,2626.0,2626.0,2626.0,2626.0,2626.0,2626.0,2626.0,2626.0,2626.0,2626.0,2626.0,2626.0,2626.0,2626.0,2626.0,2626.0,2626.0,2626.0,2114.0,2114.0,2114.0,2114.0,2114.0,2114.0,2114.0,2114.0,2114.0,2114.0,2114.0,2114.0,2114.0,2114.0,2114.0,2114.0,2114.0,2114.0,2596.0,2596.0,2596.0,2596.0,2596.0,2596.0,2596.0,2596.0,2596.0,2596.0,2596.0,2596.0,2596.0,2596.0,2596.0,2596.0,2596.0,2596.0,2596.0,2596.0,2596.0,2596.0,2636.0,2636.0,2636.0,2636.0,2636.0,2636.0,2636.0,2636.0,2636.0,2636.0,2636.0,2636.0,2636.0,2636.0,2636.0,2636.0,2636.0,2636.0,2636.0,2636.0,2982.0,2982.0,2982.0,2982.0,2982.0,2982.0,2982.0,2982.0,2982.0,2982.0,2982.0,2982.0,2982.0,2982.0,2982.0,2982.0,2982.0,2982.0,2982.0,2982.0,2982.0,2982.0,2982.0,2982.0,2982.0,2982.0,2982.0,2982.0,2982.0,2982.0,2982.0,2982.0,2982.0,2982.0,2982.0,2982.0,2982.0,2982.0,2982.0,2982.0,2982.0,2982.0,2982.0,380.0,380.0,380.0,380.0,380.0,380.0,380.0,380.0,380.0,380.0,380.0,380.0,380.0,380.0,380.0,380.0,380.0,380.0,380.0,380.0,380.0,380.0,380.0,380.0,380.0,380.0,380.0,380.0,380.0,788.0,788.0,788.0,788.0,788.0,788.0,788.0,788.0,788.0,788.0,788.0,788.0,788.0,788.0,788.0,788.0,788.0,788.0,788.0,788.0,788.0,788.0,788.0,788.0,788.0,788.0,788.0,788.0,788.0,788.0,788.0,788.0,788.0,788.0,788.0,788.0,788.0,788.0,788.0,788.0,788.0,788.0,788.0,788.0,788.0,788.0,788.0,788.0,788.0,788.0,739.0,739.0,739.0,800.0,800.0,800.0,739.0,739.0,739.0,739.0,800.0,739.0,739.0,739.0,739.0,739.0,739.0,800.0,739.0,739.0,739.0,800.0,800.0,739.0,739.0,739.0,739.0,739.0,800.0,739.0,739.0,739.0,739.0,800.0,800.0,739.0,739.0,739.0,800.0,800.0,739.0,739.0,800.0,739.0,739.0,739.0,739.0,739.0,739.0,739.0,739.0,739.0,739.0,800.0,800.0,800.0,739.0,739.0,739.0,739.0,739.0,739.0,2982.0,2982.0,2982.0,2982.0,2982.0,2982.0,2982.0,2982.0,2982.0,2982.0,2982.0,2982.0,2982.0,2982.0,2982.0,2982.0,2982.0,2982.0,2982.0,2982.0,2982.0,2982.0,2982.0,2982.0,2982.0,2982.0,2982.0,2982.0,2982.0,2982.0,2982.0,2982.0,2982.0,2982.0,2982.0,2982.0,2982.0,2982.0,2982.0,2982.0,2982.0,2982.0,2982.0,388.0,388.0,388.0,388.0,388.0,388.0,388.0,388.0,388.0,388.0,388.0,388.0,388.0,388.0,388.0,388.0,388.0,388.0
32,2387.0,2387.0,2387.0,2387.0,2387.0,2387.0,2356.0,2387.0,2387.0,2377.0,2387.0,2068.0,2068.0,1084.0,121.0,1928.0,570.0,2387.0,2387.0,2387.0,2387.0,2387.0,2387.0,2387.0,2387.0,2387.0,2387.0,2387.0,2387.0,2387.0,2387.0,2387.0,1291.0,1380.0,1699.0,1150.0,338.0,161.0,229.0,229.0,2142.0,1086.0,316.0,292.0,278.0,2135.0,1083.0,1083.0,1083.0,1306.0,989.0,1719.0,605.0,605.0,605.0,1086.0,1086.0,1086.0,1086.0,1086.0,1086.0,1086.0,1086.0,1086.0,1086.0,1086.0,2142.0,2142.0,2142.0,2142.0,2142.0,2142.0,2142.0,2142.0,2142.0,2142.0,2142.0,2142.0,2142.0,2142.0,2142.0,2142.0,2142.0,2142.0,2142.0,2142.0,2142.0,2142.0,2142.0,1699.0,1699.0,1699.0,1699.0,1699.0,1699.0,1699.0,1699.0,1699.0,1699.0,1699.0,1699.0,1699.0,1699.0,1699.0,1699.0,1699.0,1699.0,2119.0,2119.0,2119.0,2119.0,2119.0,2119.0,2119.0,2119.0,2119.0,2119.0,2119.0,2119.0,2119.0,2119.0,2119.0,2119.0,2119.0,2119.0,2119.0,2119.0,2119.0,2119.0,2135.0,2135.0,2135.0,2135.0,2135.0,2135.0,2135.0,2135.0,2135.0,2135.0,2135.0,2135.0,2135.0,2135.0,2135.0,2135.0,2135.0,2135.0,2135.0,2135.0,2387.0,2387.0,2387.0,2387.0,2387.0,2387.0,2387.0,2387.0,2387.0,2387.0,2387.0,2387.0,2387.0,2387.0,2387.0,2387.0,2387.0,2387.0,2387.0,2387.0,2387.0,2387.0,2387.0,2387.0,2387.0,2387.0,2387.0,2387.0,2387.0,2387.0,2387.0,2387.0,2387.0,2387.0,2387.0,2387.0,2387.0,2387.0,2387.0,2387.0,2387.0,2387.0,2387.0,275.0,275.0,275.0,275.0,275.0,275.0,275.0,275.0,275.0,275.0,275.0,275.0,275.0,275.0,275.0,275.0,275.0,275.0,275.0,275.0,275.0,275.0,275.0,275.0,275.0,275.0,275.0,275.0,275.0,551.0,551.0,551.0,551.0,551.0,551.0,551.0,551.0,551.0,551.0,551.0,551.0,551.0,551.0,551.0,551.0,551.0,551.0,551.0,551.0,551.0,551.0,551.0,551.0,551.0,551.0,551.0,551.0,551.0,551.0,551.0,551.0,551.0,551.0,551.0,551.0,551.0,551.0,551.0,551.0,551.0,551.0,551.0,551.0,551.0,551.0,551.0,551.0,551.0,551.0,513.0,513.0,513.0,563.0,563.0,563.0,513.0,513.0,513.0,513.0,563.0,513.0,513.0,513.0,513.0,513.0,513.0,563.0,513.0,513.0,513.0,563.0,563.0,513.0,513.0,513.0,513.0,513.0,563.0,513.0,513.0,513.0,513.0,563.0,563.0,513.0,513.0,513.0,563.0,563.0,513.0,513.0,563.0,513.0,513.0,513.0,513.0,513.0,513.0,513.0,513.0,513.0,513.0,563.0,563.0,563.0,513.0,513.0,513.0,513.0,513.0,513.0,2387.0,2387.0,2387.0,2387.0,2387.0,2387.0,2387.0,2387.0,2387.0,2387.0,2387.0,2387.0,2387.0,2387.0,2387.0,2387.0,2387.0,2387.0,2387.0,2387.0,2387.0,2387.0,2387.0,2387.0,2387.0,2387.0,2387.0,2387.0,2387.0,2387.0,2387.0,2387.0,2387.0,2387.0,2387.0,2387.0,2387.0,2387.0,2387.0,2387.0,2387.0,2387.0,2387.0,275.0,275.0,275.0,275.0,275.0,275.0,275.0,275.0,275.0,275.0,275.0,275.0,275.0,275.0,275.0,275.0,275.0,275.0
33,3403.0,3403.0,3403.0,3403.0,3403.0,3403.0,3365.0,3403.0,3403.0,3390.0,3403.0,2915.0,2915.0,1454.0,246.0,2766.0,786.0,3403.0,3403.0,3403.0,3403.0,3403.0,3403.0,3403.0,3403.0,3403.0,3403.0,3403.0,3403.0,3403.0,3403.0,3403.0,1905.0,2013.0,2505.0,1684.0,511.0,240.0,358.0,358.0,3106.0,1453.0,485.0,437.0,407.0,3101.0,1451.0,1451.0,1451.0,1750.0,1264.0,2453.0,766.0,766.0,766.0,1453.0,1453.0,1453.0,1453.0,1453.0,1453.0,1453.0,1453.0,1453.0,1453.0,1453.0,3106.0,3106.0,3106.0,3106.0,3106.0,3106.0,3106.0,3106.0,3106.0,3106.0,3106.0,3106.0,3106.0,3106.0,3106.0,3106.0,3106.0,3106.0,3106.0,3106.0,3106.0,3106.0,3106.0,2505.0,2505.0,2505.0,2505.0,2505.0,2505.0,2505.0,2505.0,2505.0,2505.0,2505.0,2505.0,2505.0,2505.0,2505.0,2505.0,2505.0,2505.0,3077.0,3077.0,3077.0,3077.0,3077.0,3077.0,3077.0,3077.0,3077.0,3077.0,3077.0,3077.0,3077.0,3077.0,3077.0,3077.0,3077.0,3077.0,3077.0,3077.0,3077.0,3077.0,3101.0,3101.0,3101.0,3101.0,3101.0,3101.0,3101.0,3101.0,3101.0,3101.0,3101.0,3101.0,3101.0,3101.0,3101.0,3101.0,3101.0,3101.0,3101.0,3101.0,3403.0,3403.0,3403.0,3403.0,3403.0,3403.0,3403.0,3403.0,3403.0,3403.0,3403.0,3403.0,3403.0,3403.0,3403.0,3403.0,3403.0,3403.0,3403.0,3403.0,3403.0,3403.0,3403.0,3403.0,3403.0,3403.0,3403.0,3403.0,3403.0,3403.0,3403.0,3403.0,3403.0,3403.0,3403.0,3403.0,3403.0,3403.0,3403.0,3403.0,3403.0,3403.0,3403.0,329.0,329.0,329.0,329.0,329.0,329.0,329.0,329.0,329.0,329.0,329.0,329.0,329.0,329.0,329.0,329.0,329.0,329.0,329.0,329.0,329.0,329.0,329.0,329.0,329.0,329.0,329.0,329.0,329.0,758.0,758.0,758.0,758.0,758.0,758.0,758.0,758.0,758.0,758.0,758.0,758.0,758.0,758.0,758.0,758.0,758.0,758.0,758.0,758.0,758.0,758.0,758.0,758.0,758.0,758.0,758.0,758.0,758.0,758.0,758.0,758.0,758.0,758.0,758.0,758.0,758.0,758.0,758.0,758.0,758.0,758.0,758.0,758.0,758.0,758.0,758.0,758.0,758.0,758.0,689.0,689.0,689.0,762.0,762.0,762.0,689.0,689.0,689.0,689.0,762.0,689.0,689.0,689.0,689.0,689.0,689.0,762.0,689.0,689.0,689.0,762.0,762.0,689.0,689.0,689.0,689.0,689.0,762.0,689.0,689.0,689.0,689.0,762.0,762.0,689.0,689.0,689.0,762.0,762.0,689.0,689.0,762.0,689.0,689.0,689.0,689.0,689.0,689.0,689.0,689.0,689.0,689.0,762.0,762.0,762.0,689.0,689.0,689.0,689.0,689.0,689.0,3403.0,3403.0,3403.0,3403.0,3403.0,3403.0,3403.0,3403.0,3403.0,3403.0,3403.0,3403.0,3403.0,3403.0,3403.0,3403.0,3403.0,3403.0,3403.0,3403.0,3403.0,3403.0,3403.0,3403.0,3403.0,3403.0,3403.0,3403.0,3403.0,3403.0,3403.0,3403.0,3403.0,3403.0,3403.0,3403.0,3403.0,3403.0,3403.0,3403.0,3403.0,3403.0,3403.0,332.0,332.0,332.0,332.0,332.0,332.0,332.0,332.0,332.0,332.0,332.0,332.0,332.0,332.0,332.0,332.0,332.0,332.0
34,4264.0,4264.0,4264.0,4264.0,4264.0,4264.0,4196.0,4264.0,4264.0,4248.0,4264.0,3796.0,3796.0,2067.0,201.0,3339.0,707.0,4264.0,4264.0,4264.0,4264.0,4264.0,4264.0,4264.0,4264.0,4264.0,4264.0,4264.0,4264.0,4264.0,4264.0,4264.0,2351.0,2580.0,3135.0,2079.0,493.0,268.0,344.0,344.0,4019.0,2075.0,465.0,408.0,360.0,4026.0,2073.0,2073.0,2073.0,2382.0,1917.0,3385.0,1092.0,1092.0,1092.0,2075.0,2075.0,2075.0,2075.0,2075.0,2075.0,2075.0,2075.0,2075.0,2075.0,2075.0,4019.0,4019.0,4019.0,4019.0,4019.0,4019.0,4019.0,4019.0,4019.0,4019.0,4019.0,4019.0,4019.0,4019.0,4019.0,4019.0,4019.0,4019.0,4019.0,4019.0,4019.0,4019.0,4019.0,3135.0,3135.0,3135.0,3135.0,3135.0,3135.0,3135.0,3135.0,3135.0,3135.0,3135.0,3135.0,3135.0,3135.0,3135.0,3135.0,3135.0,3135.0,3993.0,3993.0,3993.0,3993.0,3993.0,3993.0,3993.0,3993.0,3993.0,3993.0,3993.0,3993.0,3993.0,3993.0,3993.0,3993.0,3993.0,3993.0,3993.0,3993.0,3993.0,3993.0,4026.0,4026.0,4026.0,4026.0,4026.0,4026.0,4026.0,4026.0,4026.0,4026.0,4026.0,4026.0,4026.0,4026.0,4026.0,4026.0,4026.0,4026.0,4026.0,4026.0,4264.0,4264.0,4264.0,4264.0,4264.0,4264.0,4264.0,4264.0,4264.0,4264.0,4264.0,4264.0,4264.0,4264.0,4264.0,4264.0,4264.0,4264.0,4264.0,4264.0,4264.0,4264.0,4264.0,4264.0,4264.0,4264.0,4264.0,4264.0,4264.0,4264.0,4264.0,4264.0,4264.0,4264.0,4264.0,4264.0,4264.0,4264.0,4264.0,4264.0,4264.0,4264.0,4264.0,271.0,271.0,271.0,271.0,271.0,271.0,271.0,271.0,271.0,271.0,271.0,271.0,271.0,271.0,271.0,271.0,271.0,271.0,271.0,271.0,271.0,271.0,271.0,271.0,271.0,271.0,271.0,271.0,271.0,664.0,664.0,664.0,664.0,664.0,664.0,664.0,664.0,664.0,664.0,664.0,664.0,664.0,664.0,664.0,664.0,664.0,664.0,664.0,664.0,664.0,664.0,664.0,664.0,664.0,664.0,664.0,664.0,664.0,664.0,664.0,664.0,664.0,664.0,664.0,664.0,664.0,664.0,664.0,664.0,664.0,664.0,664.0,664.0,664.0,664.0,664.0,664.0,664.0,664.0,598.0,598.0,598.0,668.0,668.0,668.0,598.0,598.0,598.0,598.0,668.0,598.0,598.0,598.0,598.0,598.0,598.0,668.0,598.0,598.0,598.0,668.0,668.0,598.0,598.0,598.0,598.0,598.0,668.0,598.0,598.0,598.0,598.0,668.0,668.0,598.0,598.0,598.0,668.0,668.0,598.0,598.0,668.0,598.0,598.0,598.0,598.0,598.0,598.0,598.0,598.0,598.0,598.0,668.0,668.0,668.0,598.0,598.0,598.0,598.0,598.0,598.0,4264.0,4264.0,4264.0,4264.0,4264.0,4264.0,4264.0,4264.0,4264.0,4264.0,4264.0,4264.0,4264.0,4264.0,4264.0,4264.0,4264.0,4264.0,4264.0,4264.0,4264.0,4264.0,4264.0,4264.0,4264.0,4264.0,4264.0,4264.0,4264.0,4264.0,4264.0,4264.0,4264.0,4264.0,4264.0,4264.0,4264.0,4264.0,4264.0,4264.0,4264.0,4264.0,4264.0,273.0,273.0,273.0,273.0,273.0,273.0,273.0,273.0,273.0,273.0,273.0,273.0,273.0,273.0,273.0,273.0,273.0,273.0
35,3830.0,3830.0,3830.0,3830.0,3830.0,3830.0,3764.0,3830.0,3830.0,3813.0,3830.0,3317.0,3317.0,1828.0,256.0,3024.0,786.0,3830.0,3830.0,3830.0,3830.0,3830.0,3830.0,3830.0,3830.0,3830.0,3830.0,3830.0,3830.0,3830.0,3830.0,3830.0,2094.0,2229.0,2803.0,1811.0,538.0,292.0,391.0,391.0,3562.0,1831.0,513.0,459.0,408.0,3551.0,1830.0,1830.0,1830.0,2227.0,1714.0,2888.0,940.0,940.0,940.0,1831.0,1831.0,1831.0,1831.0,1831.0,1831.0,1831.0,1831.0,1831.0,1831.0,1831.0,3561.0,3561.0,3561.0,3561.0,3561.0,3561.0,3561.0,3561.0,3561.0,3561.0,3561.0,3561.0,3561.0,3561.0,3561.0,3561.0,3561.0,3561.0,3561.0,3561.0,3561.0,3561.0,3561.0,2803.0,2803.0,2803.0,2803.0,2803.0,2803.0,2803.0,2803.0,2803.0,2803.0,2803.0,2803.0,2803.0,2803.0,2803.0,2803.0,2803.0,2803.0,3540.0,3540.0,3540.0,3540.0,3540.0,3540.0,3540.0,3540.0,3540.0,3540.0,3540.0,3540.0,3540.0,3540.0,3540.0,3540.0,3540.0,3540.0,3540.0,3540.0,3540.0,3540.0,3551.0,3551.0,3551.0,3551.0,3551.0,3551.0,3551.0,3551.0,3551.0,3551.0,3551.0,3551.0,3551.0,3551.0,3551.0,3551.0,3551.0,3551.0,3551.0,3551.0,3830.0,3830.0,3830.0,3830.0,3830.0,3830.0,3830.0,3830.0,3830.0,3830.0,3830.0,3830.0,3830.0,3830.0,3830.0,3830.0,3830.0,3830.0,3830.0,3830.0,3830.0,3830.0,3830.0,3830.0,3830.0,3830.0,3830.0,3830.0,3830.0,3830.0,3830.0,3830.0,3830.0,3830.0,3830.0,3830.0,3830.0,3830.0,3830.0,3830.0,3830.0,3830.0,3830.0,302.0,302.0,302.0,302.0,302.0,302.0,302.0,302.0,302.0,302.0,302.0,302.0,302.0,302.0,302.0,302.0,302.0,302.0,302.0,302.0,302.0,302.0,302.0,302.0,302.0,302.0,302.0,302.0,302.0,747.0,747.0,747.0,747.0,747.0,747.0,747.0,747.0,747.0,747.0,747.0,747.0,747.0,747.0,747.0,747.0,747.0,747.0,747.0,747.0,747.0,747.0,747.0,747.0,747.0,747.0,747.0,747.0,747.0,747.0,747.0,747.0,747.0,747.0,747.0,747.0,747.0,747.0,747.0,747.0,747.0,747.0,747.0,747.0,747.0,747.0,747.0,747.0,747.0,747.0,658.0,658.0,658.0,744.0,744.0,744.0,658.0,658.0,658.0,658.0,744.0,658.0,658.0,658.0,658.0,658.0,658.0,744.0,658.0,658.0,658.0,744.0,744.0,658.0,658.0,658.0,658.0,658.0,744.0,658.0,658.0,658.0,658.0,744.0,744.0,658.0,658.0,658.0,744.0,744.0,658.0,658.0,744.0,658.0,658.0,658.0,658.0,658.0,658.0,658.0,658.0,658.0,658.0,744.0,744.0,744.0,658.0,658.0,658.0,658.0,658.0,658.0,3830.0,3830.0,3830.0,3830.0,3830.0,3830.0,3830.0,3830.0,3830.0,3830.0,3830.0,3830.0,3830.0,3830.0,3830.0,3830.0,3830.0,3830.0,3830.0,3830.0,3830.0,3830.0,3830.0,3830.0,3830.0,3830.0,3830.0,3830.0,3830.0,3830.0,3830.0,3830.0,3830.0,3830.0,3830.0,3830.0,3830.0,3830.0,3830.0,3830.0,3830.0,3830.0,3830.0,302.0,302.0,302.0,302.0,302.0,302.0,302.0,302.0,302.0,302.0,302.0,302.0,302.0,302.0,302.0,302.0,302.0,302.0
36,3571.0,3571.0,3571.0,3571.0,3571.0,3571.0,3507.0,3571.0,3571.0,3556.0,3571.0,3086.0,3086.0,1617.0,249.0,2922.0,811.0,3571.0,3571.0,3571.0,3571.0,3571.0,3571.0,3571.0,3571.0,3571.0,3571.0,3571.0,3571.0,3571.0,3571.0,3571.0,1877.0,1977.0,2651.0,1690.0,511.0,253.0,400.0,400.0,3242.0,1615.0,483.0,445.0,422.0,3251.0,1614.0,1614.0,1614.0,2122.0,1639.0,2640.0,858.0,858.0,858.0,1615.0,1615.0,1615.0,1615.0,1615.0,1615.0,1615.0,1615.0,1615.0,1615.0,1615.0,3242.0,3242.0,3242.0,3242.0,3242.0,3242.0,3242.0,3242.0,3242.0,3242.0,3242.0,3242.0,3242.0,3242.0,3242.0,3242.0,3242.0,3242.0,3242.0,3242.0,3242.0,3242.0,3242.0,2651.0,2651.0,2651.0,2651.0,2651.0,2651.0,2651.0,2651.0,2651.0,2651.0,2651.0,2651.0,2651.0,2651.0,2651.0,2651.0,2651.0,2651.0,3221.0,3221.0,3221.0,3221.0,3221.0,3221.0,3221.0,3221.0,3221.0,3221.0,3221.0,3221.0,3221.0,3221.0,3221.0,3221.0,3221.0,3221.0,3221.0,3221.0,3221.0,3221.0,3251.0,3251.0,3251.0,3251.0,3251.0,3251.0,3251.0,3251.0,3251.0,3251.0,3251.0,3251.0,3251.0,3251.0,3251.0,3251.0,3251.0,3251.0,3251.0,3251.0,3571.0,3571.0,3571.0,3571.0,3571.0,3571.0,3571.0,3571.0,3571.0,3571.0,3571.0,3571.0,3571.0,3571.0,3571.0,3571.0,3571.0,3571.0,3571.0,3571.0,3571.0,3571.0,3571.0,3571.0,3571.0,3571.0,3571.0,3571.0,3571.0,3571.0,3571.0,3571.0,3571.0,3571.0,3571.0,3571.0,3571.0,3571.0,3571.0,3571.0,3571.0,3571.0,3571.0,353.0,353.0,353.0,353.0,353.0,353.0,353.0,353.0,353.0,353.0,353.0,353.0,353.0,353.0,353.0,353.0,353.0,353.0,353.0,353.0,353.0,353.0,353.0,353.0,353.0,353.0,353.0,353.0,353.0,776.0,776.0,776.0,776.0,776.0,776.0,776.0,776.0,776.0,776.0,776.0,776.0,776.0,776.0,776.0,776.0,776.0,776.0,776.0,776.0,776.0,776.0,776.0,776.0,776.0,776.0,776.0,776.0,776.0,776.0,776.0,776.0,776.0,776.0,776.0,776.0,776.0,776.0,776.0,776.0,776.0,776.0,776.0,776.0,776.0,776.0,776.0,776.0,776.0,776.0,710.0,710.0,710.0,783.0,783.0,783.0,710.0,710.0,710.0,710.0,783.0,710.0,710.0,710.0,710.0,710.0,710.0,783.0,710.0,710.0,710.0,783.0,783.0,710.0,710.0,710.0,710.0,710.0,783.0,710.0,710.0,710.0,710.0,783.0,783.0,710.0,710.0,710.0,783.0,783.0,710.0,710.0,783.0,710.0,710.0,710.0,710.0,710.0,710.0,710.0,710.0,710.0,710.0,783.0,783.0,783.0,710.0,710.0,710.0,710.0,710.0,710.0,3571.0,3571.0,3571.0,3571.0,3571.0,3571.0,3571.0,3571.0,3571.0,3571.0,3571.0,3571.0,3571.0,3571.0,3571.0,3571.0,3571.0,3571.0,3571.0,3571.0,3571.0,3571.0,3571.0,3571.0,3571.0,3571.0,3571.0,3571.0,3571.0,3571.0,3571.0,3571.0,3571.0,3571.0,3571.0,3571.0,3571.0,3571.0,3571.0,3571.0,3571.0,3571.0,3571.0,355.0,355.0,355.0,355.0,355.0,355.0,355.0,355.0,355.0,355.0,355.0,355.0,355.0,355.0,355.0,355.0,355.0,355.0
37,3030.0,3030.0,3030.0,3030.0,3030.0,3030.0,2980.0,3030.0,3030.0,3006.0,3030.0,2611.0,2611.0,1479.0,186.0,2504.0,636.0,3030.0,3030.0,3030.0,3030.0,3030.0,3030.0,3030.0,3030.0,3030.0,3030.0,3030.0,3030.0,3030.0,3030.0,3030.0,1589.0,1687.0,2306.0,1490.0,437.0,229.0,287.0,287.0,2819.0,1478.0,414.0,381.0,347.0,2811.0,1478.0,1478.0,1478.0,1926.0,1510.0,2288.0,750.0,750.0,750.0,1478.0,1478.0,1478.0,1478.0,1478.0,1478.0,1478.0,1478.0,1478.0,1478.0,1478.0,2819.0,2819.0,2819.0,2819.0,2819.0,2819.0,2819.0,2819.0,2819.0,2819.0,2819.0,2819.0,2819.0,2819.0,2819.0,2819.0,2819.0,2819.0,2819.0,2819.0,2819.0,2819.0,2819.0,2306.0,2306.0,2306.0,2306.0,2306.0,2306.0,2306.0,2306.0,2306.0,2306.0,2306.0,2306.0,2306.0,2306.0,2306.0,2306.0,2306.0,2306.0,2789.0,2789.0,2789.0,2789.0,2789.0,2789.0,2789.0,2789.0,2789.0,2789.0,2789.0,2789.0,2789.0,2789.0,2789.0,2789.0,2789.0,2789.0,2789.0,2789.0,2789.0,2789.0,2811.0,2811.0,2811.0,2811.0,2811.0,2811.0,2811.0,2811.0,2811.0,2811.0,2811.0,2811.0,2811.0,2811.0,2811.0,2811.0,2811.0,2811.0,2811.0,2811.0,3030.0,3030.0,3030.0,3030.0,3030.0,3030.0,3030.0,3030.0,3030.0,3030.0,3030.0,3030.0,3030.0,3030.0,3030.0,3030.0,3030.0,3030.0,3030.0,3030.0,3030.0,3030.0,3030.0,3030.0,3030.0,3030.0,3030.0,3030.0,3030.0,3030.0,3030.0,3030.0,3030.0,3030.0,3030.0,3030.0,3030.0,3030.0,3030.0,3030.0,3030.0,3030.0,3030.0,242.0,242.0,242.0,242.0,242.0,242.0,242.0,242.0,242.0,242.0,242.0,242.0,242.0,242.0,242.0,242.0,242.0,242.0,242.0,242.0,242.0,242.0,242.0,242.0,242.0,242.0,242.0,242.0,242.0,592.0,592.0,592.0,592.0,592.0,592.0,592.0,592.0,592.0,592.0,592.0,592.0,592.0,592.0,592.0,592.0,592.0,592.0,592.0,592.0,592.0,592.0,592.0,592.0,592.0,592.0,592.0,592.0,592.0,592.0,592.0,592.0,592.0,592.0,592.0,592.0,592.0,592.0,592.0,592.0,592.0,592.0,592.0,592.0,592.0,592.0,592.0,592.0,592.0,592.0,551.0,551.0,551.0,597.0,597.0,597.0,551.0,551.0,551.0,551.0,597.0,551.0,551.0,551.0,551.0,551.0,551.0,597.0,551.0,551.0,551.0,597.0,597.0,551.0,551.0,551.0,551.0,551.0,597.0,551.0,551.0,551.0,551.0,597.0,597.0,551.0,551.0,551.0,597.0,597.0,551.0,551.0,597.0,551.0,551.0,551.0,551.0,551.0,551.0,551.0,551.0,551.0,551.0,597.0,597.0,597.0,551.0,551.0,551.0,551.0,551.0,551.0,3030.0,3030.0,3030.0,3030.0,3030.0,3030.0,3030.0,3030.0,3030.0,3030.0,3030.0,3030.0,3030.0,3030.0,3030.0,3030.0,3030.0,3030.0,3030.0,3030.0,3030.0,3030.0,3030.0,3030.0,3030.0,3030.0,3030.0,3030.0,3030.0,3030.0,3030.0,3030.0,3030.0,3030.0,3030.0,3030.0,3030.0,3030.0,3030.0,3030.0,3030.0,3030.0,3030.0,242.0,242.0,242.0,242.0,242.0,242.0,242.0,242.0,242.0,242.0,242.0,242.0,242.0,242.0,242.0,242.0,242.0,242.0
38,2544.0,2544.0,2544.0,2544.0,2544.0,2544.0,2479.0,2544.0,2544.0,2531.0,2544.0,2181.0,2181.0,1117.0,122.0,2068.0,545.0,2544.0,2544.0,2544.0,2544.0,2544.0,2544.0,2544.0,2544.0,2544.0,2544.0,2544.0,2544.0,2544.0,2544.0,2544.0,1407.0,1503.0,1907.0,1288.0,373.0,194.0,241.0,241.0,2360.0,1123.0,360.0,314.0,271.0,2358.0,1121.0,1121.0,1121.0,1548.0,1187.0,1905.0,542.0,542.0,542.0,1123.0,1123.0,1123.0,1123.0,1123.0,1123.0,1123.0,1123.0,1123.0,1123.0,1123.0,2360.0,2360.0,2360.0,2360.0,2360.0,2360.0,2360.0,2360.0,2360.0,2360.0,2360.0,2360.0,2360.0,2360.0,2360.0,2360.0,2360.0,2360.0,2360.0,2360.0,2360.0,2360.0,2360.0,1907.0,1907.0,1907.0,1907.0,1907.0,1907.0,1907.0,1907.0,1907.0,1907.0,1907.0,1907.0,1907.0,1907.0,1907.0,1907.0,1907.0,1907.0,2340.0,2340.0,2340.0,2340.0,2340.0,2340.0,2340.0,2340.0,2340.0,2340.0,2340.0,2340.0,2340.0,2340.0,2340.0,2340.0,2340.0,2340.0,2340.0,2340.0,2340.0,2340.0,2358.0,2358.0,2358.0,2358.0,2358.0,2358.0,2358.0,2358.0,2358.0,2358.0,2358.0,2358.0,2358.0,2358.0,2358.0,2358.0,2358.0,2358.0,2358.0,2358.0,2544.0,2544.0,2544.0,2544.0,2544.0,2544.0,2544.0,2544.0,2544.0,2544.0,2544.0,2544.0,2544.0,2544.0,2544.0,2544.0,2544.0,2544.0,2544.0,2544.0,2544.0,2544.0,2544.0,2544.0,2544.0,2544.0,2544.0,2544.0,2544.0,2544.0,2544.0,2544.0,2544.0,2544.0,2544.0,2544.0,2544.0,2544.0,2544.0,2544.0,2544.0,2544.0,2544.0,204.0,204.0,204.0,204.0,204.0,204.0,204.0,204.0,204.0,204.0,204.0,204.0,204.0,204.0,204.0,204.0,204.0,204.0,204.0,204.0,204.0,204.0,204.0,204.0,204.0,204.0,204.0,204.0,204.0,495.0,495.0,495.0,495.0,495.0,495.0,495.0,495.0,495.0,495.0,495.0,495.0,495.0,495.0,495.0,495.0,495.0,495.0,495.0,495.0,495.0,495.0,495.0,495.0,495.0,495.0,495.0,495.0,495.0,495.0,495.0,495.0,495.0,495.0,495.0,495.0,495.0,495.0,495.0,495.0,495.0,495.0,495.0,495.0,495.0,495.0,495.0,495.0,495.0,495.0,453.0,453.0,453.0,498.0,498.0,498.0,453.0,453.0,453.0,453.0,498.0,453.0,453.0,453.0,453.0,453.0,453.0,498.0,453.0,453.0,453.0,498.0,498.0,453.0,453.0,453.0,453.0,453.0,498.0,453.0,453.0,453.0,453.0,498.0,498.0,453.0,453.0,453.0,498.0,498.0,453.0,453.0,498.0,453.0,453.0,453.0,453.0,453.0,453.0,453.0,453.0,453.0,453.0,498.0,498.0,498.0,453.0,453.0,453.0,453.0,453.0,453.0,2544.0,2544.0,2544.0,2544.0,2544.0,2544.0,2544.0,2544.0,2544.0,2544.0,2544.0,2544.0,2544.0,2544.0,2544.0,2544.0,2544.0,2544.0,2544.0,2544.0,2544.0,2544.0,2544.0,2544.0,2544.0,2544.0,2544.0,2544.0,2544.0,2544.0,2544.0,2544.0,2544.0,2544.0,2544.0,2544.0,2544.0,2544.0,2544.0,2544.0,2544.0,2544.0,2544.0,204.0,204.0,204.0,204.0,204.0,204.0,204.0,204.0,204.0,204.0,204.0,204.0,204.0,204.0,204.0,204.0,204.0,204.0
39,3017.0,3017.0,3017.0,3017.0,3017.0,3017.0,2961.0,3017.0,3017.0,3002.0,3017.0,2654.0,2654.0,1343.0,171.0,2392.0,573.0,3017.0,3017.0,3017.0,3017.0,3017.0,3017.0,3017.0,3017.0,3017.0,3017.0,3017.0,3017.0,3017.0,3017.0,3017.0,1701.0,1791.0,2208.0,1477.0,393.0,235.0,298.0,298.0,2813.0,1344.0,358.0,334.0,334.0,2809.0,1344.0,1344.0,1344.0,1621.0,1262.0,2289.0,736.0,736.0,736.0,1344.0,1344.0,1344.0,1344.0,1344.0,1344.0,1344.0,1344.0,1344.0,1344.0,1344.0,2812.0,2812.0,2812.0,2812.0,2812.0,2812.0,2812.0,2812.0,2812.0,2812.0,2812.0,2812.0,2812.0,2812.0,2812.0,2812.0,2812.0,2812.0,2812.0,2812.0,2812.0,2812.0,2812.0,2208.0,2208.0,2208.0,2208.0,2208.0,2208.0,2208.0,2208.0,2208.0,2208.0,2208.0,2208.0,2208.0,2208.0,2208.0,2208.0,2208.0,2208.0,2780.0,2780.0,2780.0,2780.0,2780.0,2780.0,2780.0,2780.0,2780.0,2780.0,2780.0,2780.0,2780.0,2780.0,2780.0,2780.0,2780.0,2780.0,2780.0,2780.0,2780.0,2780.0,2809.0,2809.0,2809.0,2809.0,2809.0,2809.0,2809.0,2809.0,2809.0,2809.0,2809.0,2809.0,2809.0,2809.0,2809.0,2809.0,2809.0,2809.0,2809.0,2809.0,3017.0,3017.0,3017.0,3017.0,3017.0,3017.0,3017.0,3017.0,3017.0,3017.0,3017.0,3017.0,3017.0,3017.0,3017.0,3017.0,3017.0,3017.0,3017.0,3017.0,3017.0,3017.0,3017.0,3017.0,3017.0,3017.0,3017.0,3017.0,3017.0,3017.0,3017.0,3017.0,3017.0,3017.0,3017.0,3017.0,3017.0,3017.0,3017.0,3017.0,3017.0,3017.0,3017.0,248.0,248.0,248.0,248.0,248.0,248.0,248.0,248.0,248.0,248.0,248.0,248.0,248.0,248.0,248.0,248.0,248.0,248.0,248.0,248.0,248.0,248.0,248.0,248.0,248.0,248.0,248.0,248.0,248.0,572.0,572.0,572.0,572.0,572.0,572.0,572.0,572.0,572.0,572.0,572.0,572.0,572.0,572.0,572.0,572.0,572.0,572.0,572.0,572.0,572.0,572.0,572.0,572.0,572.0,572.0,572.0,572.0,572.0,572.0,572.0,572.0,572.0,572.0,572.0,572.0,572.0,572.0,572.0,572.0,572.0,572.0,572.0,572.0,572.0,572.0,572.0,572.0,572.0,572.0,538.0,538.0,538.0,577.0,577.0,577.0,538.0,538.0,538.0,538.0,577.0,538.0,538.0,538.0,538.0,538.0,538.0,577.0,538.0,538.0,538.0,577.0,577.0,538.0,538.0,538.0,538.0,538.0,577.0,538.0,538.0,538.0,538.0,577.0,577.0,538.0,538.0,538.0,577.0,577.0,538.0,538.0,577.0,538.0,538.0,538.0,538.0,538.0,538.0,538.0,538.0,538.0,538.0,577.0,577.0,577.0,538.0,538.0,538.0,538.0,538.0,538.0,3017.0,3017.0,3017.0,3017.0,3017.0,3017.0,3017.0,3017.0,3017.0,3017.0,3017.0,3017.0,3017.0,3017.0,3017.0,3017.0,3017.0,3017.0,3017.0,3017.0,3017.0,3017.0,3017.0,3017.0,3017.0,3017.0,3017.0,3017.0,3017.0,3017.0,3017.0,3017.0,3017.0,3017.0,3017.0,3017.0,3017.0,3017.0,3017.0,3017.0,3017.0,3017.0,3017.0,249.0,249.0,249.0,249.0,249.0,249.0,249.0,249.0,249.0,249.0,249.0,249.0,249.0,249.0,249.0,249.0,249.0,249.0
40,2914.0,2914.0,2914.0,2914.0,2914.0,2914.0,2840.0,2914.0,2914.0,2900.0,2914.0,2604.0,2604.0,1305.0,167.0,2306.0,507.0,2914.0,2914.0,2914.0,2914.0,2914.0,2914.0,2914.0,2914.0,2914.0,2914.0,2914.0,2914.0,2914.0,2914.0,2914.0,1622.0,1745.0,2151.0,1410.0,331.0,169.0,264.0,264.0,2723.0,1309.0,309.0,267.0,278.0,2714.0,1308.0,1308.0,1308.0,1555.0,1246.0,2274.0,643.0,643.0,643.0,1309.0,1309.0,1309.0,1309.0,1309.0,1309.0,1309.0,1309.0,1309.0,1309.0,1309.0,2723.0,2723.0,2723.0,2723.0,2723.0,2723.0,2723.0,2723.0,2723.0,2723.0,2723.0,2723.0,2723.0,2723.0,2723.0,2723.0,2723.0,2723.0,2723.0,2723.0,2723.0,2723.0,2723.0,2151.0,2151.0,2151.0,2151.0,2151.0,2151.0,2151.0,2151.0,2151.0,2151.0,2151.0,2151.0,2151.0,2151.0,2151.0,2151.0,2151.0,2151.0,2701.0,2701.0,2701.0,2701.0,2701.0,2701.0,2701.0,2701.0,2701.0,2701.0,2701.0,2701.0,2701.0,2701.0,2701.0,2701.0,2701.0,2701.0,2701.0,2701.0,2701.0,2701.0,2714.0,2714.0,2714.0,2714.0,2714.0,2714.0,2714.0,2714.0,2714.0,2714.0,2714.0,2714.0,2714.0,2714.0,2714.0,2714.0,2714.0,2714.0,2714.0,2714.0,2914.0,2914.0,2914.0,2914.0,2914.0,2914.0,2914.0,2914.0,2914.0,2914.0,2914.0,2914.0,2914.0,2914.0,2914.0,2914.0,2914.0,2914.0,2914.0,2914.0,2914.0,2914.0,2914.0,2914.0,2914.0,2914.0,2914.0,2914.0,2914.0,2914.0,2914.0,2914.0,2914.0,2914.0,2914.0,2914.0,2914.0,2914.0,2914.0,2914.0,2914.0,2914.0,2914.0,220.0,220.0,220.0,220.0,220.0,220.0,220.0,220.0,220.0,220.0,220.0,220.0,220.0,220.0,220.0,220.0,220.0,220.0,220.0,220.0,220.0,220.0,220.0,220.0,220.0,220.0,220.0,220.0,220.0,491.0,491.0,491.0,491.0,491.0,491.0,491.0,491.0,491.0,491.0,491.0,491.0,491.0,491.0,491.0,491.0,491.0,491.0,491.0,491.0,491.0,491.0,491.0,491.0,491.0,491.0,491.0,491.0,491.0,491.0,491.0,491.0,491.0,491.0,491.0,491.0,491.0,491.0,491.0,491.0,491.0,491.0,491.0,491.0,491.0,491.0,491.0,491.0,491.0,491.0,470.0,470.0,470.0,502.0,502.0,502.0,470.0,470.0,470.0,470.0,502.0,470.0,470.0,470.0,470.0,470.0,470.0,502.0,470.0,470.0,470.0,502.0,502.0,470.0,470.0,470.0,470.0,470.0,502.0,470.0,470.0,470.0,470.0,502.0,502.0,470.0,470.0,470.0,502.0,502.0,470.0,470.0,502.0,470.0,470.0,470.0,470.0,470.0,470.0,470.0,470.0,470.0,470.0,502.0,502.0,502.0,470.0,470.0,470.0,470.0,470.0,470.0,2914.0,2914.0,2914.0,2914.0,2914.0,2914.0,2914.0,2914.0,2914.0,2914.0,2914.0,2914.0,2914.0,2914.0,2914.0,2914.0,2914.0,2914.0,2914.0,2914.0,2914.0,2914.0,2914.0,2914.0,2914.0,2914.0,2914.0,2914.0,2914.0,2914.0,2914.0,2914.0,2914.0,2914.0,2914.0,2914.0,2914.0,2914.0,2914.0,2914.0,2914.0,2914.0,2914.0,225.0,225.0,225.0,225.0,225.0,225.0,225.0,225.0,225.0,225.0,225.0,225.0,225.0,225.0,225.0,225.0,225.0,225.0
41,2962.0,2962.0,2962.0,2962.0,2962.0,2962.0,2915.0,2962.0,2962.0,2940.0,2962.0,2694.0,2694.0,1330.0,157.0,2388.0,509.0,2962.0,2962.0,2962.0,2962.0,2962.0,2962.0,2962.0,2962.0,2962.0,2962.0,2962.0,2962.0,2962.0,2962.0,2962.0,1653.0,1729.0,2189.0,1424.0,294.0,153.0,263.0,263.0,2716.0,1337.0,268.0,238.0,244.0,2719.0,1334.0,1334.0,1334.0,1637.0,1369.0,2322.0,630.0,630.0,630.0,1337.0,1337.0,1337.0,1337.0,1337.0,1337.0,1337.0,1337.0,1337.0,1337.0,1337.0,2715.0,2715.0,2715.0,2715.0,2715.0,2715.0,2715.0,2715.0,2715.0,2715.0,2715.0,2715.0,2715.0,2715.0,2715.0,2715.0,2715.0,2715.0,2715.0,2715.0,2715.0,2715.0,2715.0,2189.0,2189.0,2189.0,2189.0,2189.0,2189.0,2189.0,2189.0,2189.0,2189.0,2189.0,2189.0,2189.0,2189.0,2189.0,2189.0,2189.0,2189.0,2699.0,2699.0,2699.0,2699.0,2699.0,2699.0,2699.0,2699.0,2699.0,2699.0,2699.0,2699.0,2699.0,2699.0,2699.0,2699.0,2699.0,2699.0,2699.0,2699.0,2699.0,2699.0,2719.0,2719.0,2719.0,2719.0,2719.0,2719.0,2719.0,2719.0,2719.0,2719.0,2719.0,2719.0,2719.0,2719.0,2719.0,2719.0,2719.0,2719.0,2719.0,2719.0,2962.0,2962.0,2962.0,2962.0,2962.0,2962.0,2962.0,2962.0,2962.0,2962.0,2962.0,2962.0,2962.0,2962.0,2962.0,2962.0,2962.0,2962.0,2962.0,2962.0,2962.0,2962.0,2962.0,2962.0,2962.0,2962.0,2962.0,2962.0,2962.0,2962.0,2962.0,2962.0,2962.0,2962.0,2962.0,2962.0,2962.0,2962.0,2962.0,2962.0,2962.0,2962.0,2962.0,271.0,271.0,271.0,271.0,271.0,271.0,271.0,271.0,271.0,271.0,271.0,271.0,271.0,271.0,271.0,271.0,271.0,271.0,271.0,271.0,271.0,271.0,271.0,271.0,271.0,271.0,271.0,271.0,271.0,501.0,501.0,501.0,501.0,501.0,501.0,501.0,501.0,501.0,501.0,501.0,501.0,501.0,501.0,501.0,501.0,501.0,501.0,501.0,501.0,501.0,501.0,501.0,501.0,501.0,501.0,501.0,501.0,501.0,501.0,501.0,501.0,501.0,501.0,501.0,501.0,501.0,501.0,501.0,501.0,501.0,501.0,501.0,501.0,501.0,501.0,501.0,501.0,501.0,501.0,478.0,478.0,478.0,507.0,507.0,507.0,478.0,478.0,478.0,478.0,507.0,478.0,478.0,478.0,478.0,478.0,478.0,507.0,478.0,478.0,478.0,507.0,507.0,478.0,478.0,478.0,478.0,478.0,507.0,478.0,478.0,478.0,478.0,507.0,507.0,478.0,478.0,478.0,507.0,507.0,478.0,478.0,507.0,478.0,478.0,478.0,478.0,478.0,478.0,478.0,478.0,478.0,478.0,507.0,507.0,507.0,478.0,478.0,478.0,478.0,478.0,478.0,2962.0,2962.0,2962.0,2962.0,2962.0,2962.0,2962.0,2962.0,2962.0,2962.0,2962.0,2962.0,2962.0,2962.0,2962.0,2962.0,2962.0,2962.0,2962.0,2962.0,2962.0,2962.0,2962.0,2962.0,2962.0,2962.0,2962.0,2962.0,2962.0,2962.0,2962.0,2962.0,2962.0,2962.0,2962.0,2962.0,2962.0,2962.0,2962.0,2962.0,2962.0,2962.0,2962.0,274.0,274.0,274.0,274.0,274.0,274.0,274.0,274.0,274.0,274.0,274.0,274.0,274.0,274.0,274.0,274.0,274.0,274.0
42,2881.0,2881.0,2881.0,2881.0,2881.0,2881.0,2827.0,2881.0,2881.0,2867.0,2881.0,2727.0,2727.0,1357.0,127.0,2317.0,333.0,2881.0,2881.0,2881.0,2881.0,2881.0,2881.0,2881.0,2881.0,2881.0,2881.0,2881.0,2881.0,2881.0,2881.0,2881.0,1582.0,1669.0,2168.0,1390.0,167.0,96.0,155.0,155.0,2701.0,1360.0,150.0,109.0,129.0,2694.0,1358.0,1358.0,1358.0,1691.0,1540.0,2429.0,700.0,700.0,700.0,1360.0,1360.0,1360.0,1360.0,1360.0,1360.0,1360.0,1360.0,1360.0,1360.0,1360.0,2701.0,2701.0,2701.0,2701.0,2701.0,2701.0,2701.0,2701.0,2701.0,2701.0,2701.0,2701.0,2701.0,2701.0,2701.0,2701.0,2701.0,2701.0,2701.0,2701.0,2701.0,2701.0,2701.0,2168.0,2168.0,2168.0,2168.0,2168.0,2168.0,2168.0,2168.0,2168.0,2168.0,2168.0,2168.0,2168.0,2168.0,2168.0,2168.0,2168.0,2168.0,2683.0,2683.0,2683.0,2683.0,2683.0,2683.0,2683.0,2683.0,2683.0,2683.0,2683.0,2683.0,2683.0,2683.0,2683.0,2683.0,2683.0,2683.0,2683.0,2683.0,2683.0,2683.0,2694.0,2694.0,2694.0,2694.0,2694.0,2694.0,2694.0,2694.0,2694.0,2694.0,2694.0,2694.0,2694.0,2694.0,2694.0,2694.0,2694.0,2694.0,2694.0,2694.0,2881.0,2881.0,2881.0,2881.0,2881.0,2881.0,2881.0,2881.0,2881.0,2881.0,2881.0,2881.0,2881.0,2881.0,2881.0,2881.0,2881.0,2881.0,2881.0,2881.0,2881.0,2881.0,2881.0,2881.0,2881.0,2881.0,2881.0,2881.0,2881.0,2881.0,2881.0,2881.0,2881.0,2881.0,2881.0,2881.0,2881.0,2881.0,2881.0,2881.0,2881.0,2881.0,2881.0,204.0,204.0,204.0,204.0,204.0,204.0,204.0,204.0,204.0,204.0,204.0,204.0,204.0,204.0,204.0,204.0,204.0,204.0,204.0,204.0,204.0,204.0,204.0,204.0,204.0,204.0,204.0,204.0,204.0,301.0,301.0,301.0,301.0,301.0,301.0,301.0,301.0,301.0,301.0,301.0,301.0,301.0,301.0,301.0,301.0,301.0,301.0,301.0,301.0,301.0,301.0,301.0,301.0,301.0,301.0,301.0,301.0,301.0,301.0,301.0,301.0,301.0,301.0,301.0,301.0,301.0,301.0,301.0,301.0,301.0,301.0,301.0,301.0,301.0,301.0,301.0,301.0,301.0,301.0,296.0,296.0,296.0,309.0,309.0,309.0,296.0,296.0,296.0,296.0,309.0,296.0,296.0,296.0,296.0,296.0,296.0,309.0,296.0,296.0,296.0,309.0,309.0,296.0,296.0,296.0,296.0,296.0,309.0,296.0,296.0,296.0,296.0,309.0,309.0,296.0,296.0,296.0,309.0,309.0,296.0,296.0,309.0,296.0,296.0,296.0,296.0,296.0,296.0,296.0,296.0,296.0,296.0,309.0,309.0,309.0,296.0,296.0,296.0,296.0,296.0,296.0,2881.0,2881.0,2881.0,2881.0,2881.0,2881.0,2881.0,2881.0,2881.0,2881.0,2881.0,2881.0,2881.0,2881.0,2881.0,2881.0,2881.0,2881.0,2881.0,2881.0,2881.0,2881.0,2881.0,2881.0,2881.0,2881.0,2881.0,2881.0,2881.0,2881.0,2881.0,2881.0,2881.0,2881.0,2881.0,2881.0,2881.0,2881.0,2881.0,2881.0,2881.0,2881.0,2881.0,208.0,208.0,208.0,208.0,208.0,208.0,208.0,208.0,208.0,208.0,208.0,208.0,208.0,208.0,208.0,208.0,208.0,208.0
43,3606.0,3606.0,3606.0,3606.0,3606.0,3606.0,3551.0,3606.0,3606.0,3594.0,3606.0,3263.0,3263.0,1580.0,296.0,3046.0,591.0,3606.0,3606.0,3606.0,3606.0,3606.0,3606.0,3606.0,3606.0,3606.0,3606.0,3606.0,3606.0,3606.0,3606.0,3606.0,1819.0,1928.0,2833.0,1767.0,360.0,183.0,324.0,324.0,3361.0,1581.0,341.0,282.0,320.0,3356.0,1579.0,1579.0,1579.0,2240.0,1896.0,2887.0,917.0,917.0,917.0,1581.0,1581.0,1581.0,1581.0,1581.0,1581.0,1581.0,1581.0,1581.0,1581.0,1581.0,3361.0,3361.0,3361.0,3361.0,3361.0,3361.0,3361.0,3361.0,3361.0,3361.0,3361.0,3361.0,3361.0,3361.0,3361.0,3361.0,3361.0,3361.0,3361.0,3361.0,3361.0,3361.0,3361.0,2833.0,2833.0,2833.0,2833.0,2833.0,2833.0,2833.0,2833.0,2833.0,2833.0,2833.0,2833.0,2833.0,2833.0,2833.0,2833.0,2833.0,2833.0,3319.0,3319.0,3319.0,3319.0,3319.0,3319.0,3319.0,3319.0,3319.0,3319.0,3319.0,3319.0,3319.0,3319.0,3319.0,3319.0,3319.0,3319.0,3319.0,3319.0,3319.0,3319.0,3356.0,3356.0,3356.0,3356.0,3356.0,3356.0,3356.0,3356.0,3356.0,3356.0,3356.0,3356.0,3356.0,3356.0,3356.0,3356.0,3356.0,3356.0,3356.0,3356.0,3606.0,3606.0,3606.0,3606.0,3606.0,3606.0,3606.0,3606.0,3606.0,3606.0,3606.0,3606.0,3606.0,3606.0,3606.0,3606.0,3606.0,3606.0,3606.0,3606.0,3606.0,3606.0,3606.0,3606.0,3606.0,3606.0,3606.0,3606.0,3606.0,3606.0,3606.0,3606.0,3606.0,3606.0,3606.0,3606.0,3606.0,3606.0,3606.0,3606.0,3606.0,3606.0,3606.0,274.0,274.0,274.0,274.0,274.0,274.0,274.0,274.0,274.0,274.0,274.0,274.0,274.0,274.0,274.0,274.0,274.0,274.0,274.0,274.0,274.0,274.0,274.0,274.0,274.0,274.0,274.0,274.0,274.0,566.0,566.0,566.0,566.0,566.0,566.0,566.0,566.0,566.0,566.0,566.0,566.0,566.0,566.0,566.0,566.0,566.0,566.0,566.0,566.0,566.0,566.0,566.0,566.0,566.0,566.0,566.0,566.0,566.0,566.0,566.0,566.0,566.0,566.0,566.0,566.0,566.0,566.0,566.0,566.0,566.0,566.0,566.0,566.0,566.0,566.0,566.0,566.0,566.0,566.0,529.0,529.0,529.0,574.0,574.0,574.0,529.0,529.0,529.0,529.0,574.0,529.0,529.0,529.0,529.0,529.0,529.0,574.0,529.0,529.0,529.0,574.0,574.0,529.0,529.0,529.0,529.0,529.0,574.0,529.0,529.0,529.0,529.0,574.0,574.0,529.0,529.0,529.0,574.0,574.0,529.0,529.0,574.0,529.0,529.0,529.0,529.0,529.0,529.0,529.0,529.0,529.0,529.0,574.0,574.0,574.0,529.0,529.0,529.0,529.0,529.0,529.0,3606.0,3606.0,3606.0,3606.0,3606.0,3606.0,3606.0,3606.0,3606.0,3606.0,3606.0,3606.0,3606.0,3606.0,3606.0,3606.0,3606.0,3606.0,3606.0,3606.0,3606.0,3606.0,3606.0,3606.0,3606.0,3606.0,3606.0,3606.0,3606.0,3606.0,3606.0,3606.0,3606.0,3606.0,3606.0,3606.0,3606.0,3606.0,3606.0,3606.0,3606.0,3606.0,3606.0,275.0,275.0,275.0,275.0,275.0,275.0,275.0,275.0,275.0,275.0,275.0,275.0,275.0,275.0,275.0,275.0,275.0,275.0
44,2786.0,2786.0,2786.0,2786.0,2786.0,2786.0,2727.0,2786.0,2786.0,2775.0,2786.0,2535.0,2535.0,1163.0,124.0,2301.0,457.0,2786.0,2786.0,2786.0,2786.0,2786.0,2786.0,2786.0,2786.0,2786.0,2786.0,2786.0,2786.0,2786.0,2786.0,2786.0,1538.0,1591.0,2122.0,1393.0,256.0,124.0,228.0,228.0,2570.0,1168.0,248.0,218.0,228.0,2569.0,1168.0,1168.0,1168.0,1699.0,1451.0,2195.0,687.0,687.0,687.0,1168.0,1168.0,1168.0,1168.0,1168.0,1168.0,1168.0,1168.0,1168.0,1168.0,1168.0,2570.0,2570.0,2570.0,2570.0,2570.0,2570.0,2570.0,2570.0,2570.0,2570.0,2570.0,2570.0,2570.0,2570.0,2570.0,2570.0,2570.0,2570.0,2570.0,2570.0,2570.0,2570.0,2570.0,2122.0,2122.0,2122.0,2122.0,2122.0,2122.0,2122.0,2122.0,2122.0,2122.0,2122.0,2122.0,2122.0,2122.0,2122.0,2122.0,2122.0,2122.0,2557.0,2557.0,2557.0,2557.0,2557.0,2557.0,2557.0,2557.0,2557.0,2557.0,2557.0,2557.0,2557.0,2557.0,2557.0,2557.0,2557.0,2557.0,2557.0,2557.0,2557.0,2557.0,2568.0,2568.0,2568.0,2568.0,2568.0,2568.0,2568.0,2568.0,2568.0,2568.0,2568.0,2568.0,2568.0,2568.0,2568.0,2568.0,2568.0,2568.0,2568.0,2568.0,2786.0,2786.0,2786.0,2786.0,2786.0,2786.0,2786.0,2786.0,2786.0,2786.0,2786.0,2786.0,2786.0,2786.0,2786.0,2786.0,2786.0,2786.0,2786.0,2786.0,2786.0,2786.0,2786.0,2786.0,2786.0,2786.0,2786.0,2786.0,2786.0,2786.0,2786.0,2786.0,2786.0,2786.0,2786.0,2786.0,2786.0,2786.0,2786.0,2786.0,2786.0,2786.0,2786.0,232.0,232.0,232.0,232.0,232.0,232.0,232.0,232.0,232.0,232.0,232.0,232.0,232.0,232.0,232.0,232.0,232.0,232.0,232.0,232.0,232.0,232.0,232.0,232.0,232.0,232.0,232.0,232.0,232.0,439.0,439.0,439.0,439.0,439.0,439.0,439.0,439.0,439.0,439.0,439.0,439.0,439.0,439.0,439.0,439.0,439.0,439.0,439.0,439.0,439.0,439.0,439.0,439.0,439.0,439.0,439.0,439.0,439.0,439.0,439.0,439.0,439.0,439.0,439.0,439.0,439.0,439.0,439.0,439.0,439.0,439.0,439.0,439.0,439.0,439.0,439.0,439.0,439.0,439.0,417.0,417.0,417.0,443.0,443.0,443.0,417.0,417.0,417.0,417.0,443.0,417.0,417.0,417.0,417.0,417.0,417.0,443.0,417.0,417.0,417.0,443.0,443.0,417.0,417.0,417.0,417.0,417.0,443.0,417.0,417.0,417.0,417.0,443.0,443.0,417.0,417.0,417.0,443.0,443.0,417.0,417.0,443.0,417.0,417.0,417.0,417.0,417.0,417.0,417.0,417.0,417.0,417.0,443.0,443.0,443.0,417.0,417.0,417.0,417.0,417.0,417.0,2786.0,2786.0,2786.0,2786.0,2786.0,2786.0,2786.0,2786.0,2786.0,2786.0,2786.0,2786.0,2786.0,2786.0,2786.0,2786.0,2786.0,2786.0,2786.0,2786.0,2786.0,2786.0,2786.0,2786.0,2786.0,2786.0,2786.0,2786.0,2786.0,2786.0,2786.0,2786.0,2786.0,2786.0,2786.0,2786.0,2786.0,2786.0,2786.0,2786.0,2786.0,2786.0,2786.0,232.0,232.0,232.0,232.0,232.0,232.0,232.0,232.0,232.0,232.0,232.0,232.0,232.0,232.0,232.0,232.0,232.0,232.0
45,2300.0,2300.0,2300.0,2300.0,2300.0,2300.0,2260.0,2300.0,2300.0,2282.0,2300.0,2034.0,2034.0,855.0,101.0,1857.0,438.0,2300.0,2300.0,2300.0,2300.0,2300.0,2300.0,2300.0,2300.0,2300.0,2300.0,2300.0,2300.0,2300.0,2300.0,2300.0,1295.0,1366.0,1700.0,1105.0,272.0,132.0,208.0,208.0,2113.0,859.0,262.0,236.0,236.0,2115.0,859.0,859.0,859.0,1389.0,1125.0,1762.0,497.0,497.0,497.0,859.0,859.0,859.0,859.0,859.0,859.0,859.0,859.0,859.0,859.0,859.0,2113.0,2113.0,2113.0,2113.0,2113.0,2113.0,2113.0,2113.0,2113.0,2113.0,2113.0,2113.0,2113.0,2113.0,2113.0,2113.0,2113.0,2113.0,2113.0,2113.0,2113.0,2113.0,2113.0,1700.0,1700.0,1700.0,1700.0,1700.0,1700.0,1700.0,1700.0,1700.0,1700.0,1700.0,1700.0,1700.0,1700.0,1700.0,1700.0,1700.0,1700.0,2101.0,2101.0,2101.0,2101.0,2101.0,2101.0,2101.0,2101.0,2101.0,2101.0,2101.0,2101.0,2101.0,2101.0,2101.0,2101.0,2101.0,2101.0,2101.0,2101.0,2101.0,2101.0,2115.0,2115.0,2115.0,2115.0,2115.0,2115.0,2115.0,2115.0,2115.0,2115.0,2115.0,2115.0,2115.0,2115.0,2115.0,2115.0,2115.0,2115.0,2115.0,2115.0,2300.0,2300.0,2300.0,2300.0,2300.0,2300.0,2300.0,2300.0,2300.0,2300.0,2300.0,2300.0,2300.0,2300.0,2300.0,2300.0,2300.0,2300.0,2300.0,2300.0,2300.0,2300.0,2300.0,2300.0,2300.0,2300.0,2300.0,2300.0,2300.0,2300.0,2300.0,2300.0,2300.0,2300.0,2300.0,2300.0,2300.0,2300.0,2300.0,2300.0,2300.0,2300.0,2300.0,195.0,195.0,195.0,195.0,195.0,195.0,195.0,195.0,195.0,195.0,195.0,195.0,195.0,195.0,195.0,195.0,195.0,195.0,195.0,195.0,195.0,195.0,195.0,195.0,195.0,195.0,195.0,195.0,195.0,428.0,428.0,428.0,428.0,428.0,428.0,428.0,428.0,428.0,428.0,428.0,428.0,428.0,428.0,428.0,428.0,428.0,428.0,428.0,428.0,428.0,428.0,428.0,428.0,428.0,428.0,428.0,428.0,428.0,428.0,428.0,428.0,428.0,428.0,428.0,428.0,428.0,428.0,428.0,428.0,428.0,428.0,428.0,428.0,428.0,428.0,428.0,428.0,428.0,428.0,392.0,392.0,392.0,428.0,428.0,428.0,392.0,392.0,392.0,392.0,428.0,392.0,392.0,392.0,392.0,392.0,392.0,428.0,392.0,392.0,392.0,428.0,428.0,392.0,392.0,392.0,392.0,392.0,428.0,392.0,392.0,392.0,392.0,428.0,428.0,392.0,392.0,392.0,428.0,428.0,392.0,392.0,428.0,392.0,392.0,392.0,392.0,392.0,392.0,392.0,392.0,392.0,392.0,428.0,428.0,428.0,392.0,392.0,392.0,392.0,392.0,392.0,2300.0,2300.0,2300.0,2300.0,2300.0,2300.0,2300.0,2300.0,2300.0,2300.0,2300.0,2300.0,2300.0,2300.0,2300.0,2300.0,2300.0,2300.0,2300.0,2300.0,2300.0,2300.0,2300.0,2300.0,2300.0,2300.0,2300.0,2300.0,2300.0,2300.0,2300.0,2300.0,2300.0,2300.0,2300.0,2300.0,2300.0,2300.0,2300.0,2300.0,2300.0,2300.0,2300.0,196.0,196.0,196.0,196.0,196.0,196.0,196.0,196.0,196.0,196.0,196.0,196.0,196.0,196.0,196.0,196.0,196.0,196.0
46,2786.0,2786.0,2786.0,2786.0,2786.0,2786.0,2742.0,2786.0,2786.0,2778.0,2786.0,2511.0,2511.0,972.0,139.0,2233.0,472.0,2786.0,2786.0,2786.0,2786.0,2786.0,2786.0,2786.0,2786.0,2786.0,2786.0,2786.0,2786.0,2786.0,2786.0,2786.0,1647.0,1713.0,2081.0,1409.0,295.0,161.0,221.0,221.0,2594.0,971.0,272.0,244.0,229.0,2584.0,975.0,975.0,975.0,1599.0,1327.0,2215.0,601.0,601.0,601.0,971.0,971.0,971.0,971.0,971.0,971.0,971.0,971.0,971.0,971.0,971.0,2594.0,2594.0,2594.0,2594.0,2594.0,2594.0,2594.0,2594.0,2594.0,2594.0,2594.0,2594.0,2594.0,2594.0,2594.0,2594.0,2594.0,2594.0,2594.0,2594.0,2594.0,2594.0,2594.0,2081.0,2081.0,2081.0,2081.0,2081.0,2081.0,2081.0,2081.0,2081.0,2081.0,2081.0,2081.0,2081.0,2081.0,2081.0,2081.0,2081.0,2081.0,2572.0,2572.0,2572.0,2572.0,2572.0,2572.0,2572.0,2572.0,2572.0,2572.0,2572.0,2572.0,2572.0,2572.0,2572.0,2572.0,2572.0,2572.0,2572.0,2572.0,2572.0,2572.0,2584.0,2584.0,2584.0,2584.0,2584.0,2584.0,2584.0,2584.0,2584.0,2584.0,2584.0,2584.0,2584.0,2584.0,2584.0,2584.0,2584.0,2584.0,2584.0,2584.0,2786.0,2786.0,2786.0,2786.0,2786.0,2786.0,2786.0,2786.0,2786.0,2786.0,2786.0,2786.0,2786.0,2786.0,2786.0,2786.0,2786.0,2786.0,2786.0,2786.0,2786.0,2786.0,2786.0,2786.0,2786.0,2786.0,2786.0,2786.0,2786.0,2786.0,2786.0,2786.0,2786.0,2786.0,2786.0,2786.0,2786.0,2786.0,2786.0,2786.0,2786.0,2786.0,2786.0,220.0,220.0,220.0,220.0,220.0,220.0,220.0,220.0,220.0,220.0,220.0,220.0,220.0,220.0,220.0,220.0,220.0,220.0,220.0,220.0,220.0,220.0,220.0,220.0,220.0,220.0,220.0,220.0,220.0,440.0,440.0,440.0,440.0,440.0,440.0,440.0,440.0,440.0,440.0,440.0,440.0,440.0,440.0,440.0,440.0,440.0,440.0,440.0,440.0,440.0,440.0,440.0,440.0,440.0,440.0,440.0,440.0,440.0,440.0,440.0,440.0,440.0,440.0,440.0,440.0,440.0,440.0,440.0,440.0,440.0,440.0,440.0,440.0,440.0,440.0,440.0,440.0,440.0,440.0,409.0,409.0,409.0,444.0,444.0,444.0,409.0,409.0,409.0,409.0,444.0,409.0,409.0,409.0,409.0,409.0,409.0,444.0,409.0,409.0,409.0,444.0,444.0,409.0,409.0,409.0,409.0,409.0,444.0,409.0,409.0,409.0,409.0,444.0,444.0,409.0,409.0,409.0,444.0,444.0,409.0,409.0,444.0,409.0,409.0,409.0,409.0,409.0,409.0,409.0,409.0,409.0,409.0,444.0,444.0,444.0,409.0,409.0,409.0,409.0,409.0,409.0,2786.0,2786.0,2786.0,2786.0,2786.0,2786.0,2786.0,2786.0,2786.0,2786.0,2786.0,2786.0,2786.0,2786.0,2786.0,2786.0,2786.0,2786.0,2786.0,2786.0,2786.0,2786.0,2786.0,2786.0,2786.0,2786.0,2786.0,2786.0,2786.0,2786.0,2786.0,2786.0,2786.0,2786.0,2786.0,2786.0,2786.0,2786.0,2786.0,2786.0,2786.0,2786.0,2786.0,220.0,220.0,220.0,220.0,220.0,220.0,220.0,220.0,220.0,220.0,220.0,220.0,220.0,220.0,220.0,220.0,220.0,220.0
47,2971.0,2971.0,2971.0,2971.0,2971.0,2971.0,2911.0,2971.0,2971.0,2950.0,2971.0,2707.0,2707.0,1209.0,168.0,2362.0,458.0,2971.0,2971.0,2971.0,2971.0,2971.0,2971.0,2971.0,2971.0,2971.0,2971.0,2971.0,2971.0,2971.0,2971.0,2971.0,1619.0,1709.0,2206.0,1412.0,284.0,122.0,209.0,209.0,2788.0,1209.0,264.0,238.0,227.0,2786.0,1208.0,1208.0,1208.0,1661.0,1396.0,2430.0,810.0,810.0,810.0,1209.0,1209.0,1209.0,1209.0,1209.0,1209.0,1209.0,1209.0,1209.0,1209.0,1209.0,2788.0,2788.0,2788.0,2788.0,2788.0,2788.0,2788.0,2788.0,2788.0,2788.0,2788.0,2788.0,2788.0,2788.0,2788.0,2788.0,2788.0,2788.0,2788.0,2788.0,2788.0,2788.0,2788.0,2206.0,2206.0,2206.0,2206.0,2206.0,2206.0,2206.0,2206.0,2206.0,2206.0,2206.0,2206.0,2206.0,2206.0,2206.0,2206.0,2206.0,2206.0,2776.0,2776.0,2776.0,2776.0,2776.0,2776.0,2776.0,2776.0,2776.0,2776.0,2776.0,2776.0,2776.0,2776.0,2776.0,2776.0,2776.0,2776.0,2776.0,2776.0,2776.0,2776.0,2786.0,2786.0,2786.0,2786.0,2786.0,2786.0,2786.0,2786.0,2786.0,2786.0,2786.0,2786.0,2786.0,2786.0,2786.0,2786.0,2786.0,2786.0,2786.0,2786.0,2971.0,2971.0,2971.0,2971.0,2971.0,2971.0,2971.0,2971.0,2971.0,2971.0,2971.0,2971.0,2971.0,2971.0,2971.0,2971.0,2971.0,2971.0,2971.0,2971.0,2971.0,2971.0,2971.0,2971.0,2971.0,2971.0,2971.0,2971.0,2971.0,2971.0,2971.0,2971.0,2971.0,2971.0,2971.0,2971.0,2971.0,2971.0,2971.0,2971.0,2971.0,2971.0,2971.0,203.0,203.0,203.0,203.0,203.0,203.0,203.0,203.0,203.0,203.0,203.0,203.0,203.0,203.0,203.0,203.0,203.0,203.0,203.0,203.0,203.0,203.0,203.0,203.0,203.0,203.0,203.0,203.0,203.0,430.0,430.0,430.0,430.0,430.0,430.0,430.0,430.0,430.0,430.0,430.0,430.0,430.0,430.0,430.0,430.0,430.0,430.0,430.0,430.0,430.0,430.0,430.0,430.0,430.0,430.0,430.0,430.0,430.0,430.0,430.0,430.0,430.0,430.0,430.0,430.0,430.0,430.0,430.0,430.0,430.0,430.0,430.0,430.0,430.0,430.0,430.0,430.0,430.0,430.0,404.0,404.0,404.0,438.0,438.0,438.0,404.0,404.0,404.0,404.0,438.0,404.0,404.0,404.0,404.0,404.0,404.0,438.0,404.0,404.0,404.0,438.0,438.0,404.0,404.0,404.0,404.0,404.0,438.0,404.0,404.0,404.0,404.0,438.0,438.0,404.0,404.0,404.0,438.0,438.0,404.0,404.0,438.0,404.0,404.0,404.0,404.0,404.0,404.0,404.0,404.0,404.0,404.0,438.0,438.0,438.0,404.0,404.0,404.0,404.0,404.0,404.0,2971.0,2971.0,2971.0,2971.0,2971.0,2971.0,2971.0,2971.0,2971.0,2971.0,2971.0,2971.0,2971.0,2971.0,2971.0,2971.0,2971.0,2971.0,2971.0,2971.0,2971.0,2971.0,2971.0,2971.0,2971.0,2971.0,2971.0,2971.0,2971.0,2971.0,2971.0,2971.0,2971.0,2971.0,2971.0,2971.0,2971.0,2971.0,2971.0,2971.0,2971.0,2971.0,2971.0,203.0,203.0,203.0,203.0,203.0,203.0,203.0,203.0,203.0,203.0,203.0,203.0,203.0,203.0,203.0,203.0,203.0,203.0
48,3062.0,3062.0,3062.0,3062.0,3062.0,3062.0,3007.0,3062.0,3062.0,3049.0,3062.0,2831.0,2831.0,1313.0,120.0,2472.0,418.0,3062.0,3062.0,3062.0,3062.0,3062.0,3062.0,3062.0,3062.0,3062.0,3062.0,3062.0,3062.0,3062.0,3062.0,3062.0,1740.0,1851.0,2339.0,1581.0,252.0,138.0,211.0,211.0,2887.0,1312.0,225.0,206.0,209.0,2884.0,1311.0,1311.0,1311.0,1730.0,1504.0,2521.0,941.0,941.0,941.0,1312.0,1312.0,1312.0,1312.0,1312.0,1312.0,1312.0,1312.0,1312.0,1312.0,1312.0,2887.0,2887.0,2887.0,2887.0,2887.0,2887.0,2887.0,2887.0,2887.0,2887.0,2887.0,2887.0,2887.0,2887.0,2887.0,2887.0,2887.0,2887.0,2887.0,2887.0,2887.0,2887.0,2887.0,2339.0,2339.0,2339.0,2339.0,2339.0,2339.0,2339.0,2339.0,2339.0,2339.0,2339.0,2339.0,2339.0,2339.0,2339.0,2339.0,2339.0,2339.0,2873.0,2873.0,2873.0,2873.0,2873.0,2873.0,2873.0,2873.0,2873.0,2873.0,2873.0,2873.0,2873.0,2873.0,2873.0,2873.0,2873.0,2873.0,2873.0,2873.0,2873.0,2873.0,2884.0,2884.0,2884.0,2884.0,2884.0,2884.0,2884.0,2884.0,2884.0,2884.0,2884.0,2884.0,2884.0,2884.0,2884.0,2884.0,2884.0,2884.0,2884.0,2884.0,3062.0,3062.0,3062.0,3062.0,3062.0,3062.0,3062.0,3062.0,3062.0,3062.0,3062.0,3062.0,3062.0,3062.0,3062.0,3062.0,3062.0,3062.0,3062.0,3062.0,3062.0,3062.0,3062.0,3062.0,3062.0,3062.0,3062.0,3062.0,3062.0,3062.0,3062.0,3062.0,3062.0,3062.0,3062.0,3062.0,3062.0,3062.0,3062.0,3062.0,3062.0,3062.0,3062.0,199.0,199.0,199.0,199.0,199.0,199.0,199.0,199.0,199.0,199.0,199.0,199.0,199.0,199.0,199.0,199.0,199.0,199.0,199.0,199.0,199.0,199.0,199.0,199.0,199.0,199.0,199.0,199.0,199.0,391.0,391.0,391.0,391.0,391.0,391.0,391.0,391.0,391.0,391.0,391.0,391.0,391.0,391.0,391.0,391.0,391.0,391.0,391.0,391.0,391.0,391.0,391.0,391.0,391.0,391.0,391.0,391.0,391.0,391.0,391.0,391.0,391.0,391.0,391.0,391.0,391.0,391.0,391.0,391.0,391.0,391.0,391.0,391.0,391.0,391.0,391.0,391.0,391.0,391.0,372.0,372.0,372.0,398.0,398.0,398.0,372.0,372.0,372.0,372.0,398.0,372.0,372.0,372.0,372.0,372.0,372.0,398.0,372.0,372.0,372.0,398.0,398.0,372.0,372.0,372.0,372.0,372.0,398.0,372.0,372.0,372.0,372.0,398.0,398.0,372.0,372.0,372.0,398.0,398.0,372.0,372.0,398.0,372.0,372.0,372.0,372.0,372.0,372.0,372.0,372.0,372.0,372.0,398.0,398.0,398.0,372.0,372.0,372.0,372.0,372.0,372.0,3062.0,3062.0,3062.0,3062.0,3062.0,3062.0,3062.0,3062.0,3062.0,3062.0,3062.0,3062.0,3062.0,3062.0,3062.0,3062.0,3062.0,3062.0,3062.0,3062.0,3062.0,3062.0,3062.0,3062.0,3062.0,3062.0,3062.0,3062.0,3062.0,3062.0,3062.0,3062.0,3062.0,3062.0,3062.0,3062.0,3062.0,3062.0,3062.0,3062.0,3062.0,3062.0,3062.0,199.0,199.0,199.0,199.0,199.0,199.0,199.0,199.0,199.0,199.0,199.0,199.0,199.0,199.0,199.0,199.0,199.0,199.0
49,3053.0,3053.0,3053.0,3053.0,3053.0,3053.0,2987.0,3053.0,3053.0,3031.0,3053.0,2767.0,2767.0,1193.0,156.0,2525.0,494.0,3053.0,3053.0,3053.0,3053.0,3053.0,3053.0,3053.0,3053.0,3053.0,3053.0,3053.0,3053.0,3053.0,3053.0,3053.0,1750.0,1846.0,2346.0,1567.0,302.0,163.0,264.0,264.0,2853.0,1195.0,285.0,254.0,261.0,2845.0,1195.0,1195.0,1195.0,1822.0,1535.0,2431.0,875.0,875.0,875.0,1195.0,1195.0,1195.0,1195.0,1195.0,1195.0,1195.0,1195.0,1195.0,1195.0,1195.0,2853.0,2853.0,2853.0,2853.0,2853.0,2853.0,2853.0,2853.0,2853.0,2853.0,2853.0,2853.0,2853.0,2853.0,2853.0,2853.0,2853.0,2853.0,2853.0,2853.0,2853.0,2853.0,2853.0,2346.0,2346.0,2346.0,2346.0,2346.0,2346.0,2346.0,2346.0,2346.0,2346.0,2346.0,2346.0,2346.0,2346.0,2346.0,2346.0,2346.0,2346.0,2835.0,2835.0,2835.0,2835.0,2835.0,2835.0,2835.0,2835.0,2835.0,2835.0,2835.0,2835.0,2835.0,2835.0,2835.0,2835.0,2835.0,2835.0,2835.0,2835.0,2835.0,2835.0,2845.0,2845.0,2845.0,2845.0,2845.0,2845.0,2845.0,2845.0,2845.0,2845.0,2845.0,2845.0,2845.0,2845.0,2845.0,2845.0,2845.0,2845.0,2845.0,2845.0,3053.0,3053.0,3053.0,3053.0,3053.0,3053.0,3053.0,3053.0,3053.0,3053.0,3053.0,3053.0,3053.0,3053.0,3053.0,3053.0,3053.0,3053.0,3053.0,3053.0,3053.0,3053.0,3053.0,3053.0,3053.0,3053.0,3053.0,3053.0,3053.0,3053.0,3053.0,3053.0,3053.0,3053.0,3053.0,3053.0,3053.0,3053.0,3053.0,3053.0,3053.0,3053.0,3053.0,228.0,228.0,228.0,228.0,228.0,228.0,228.0,228.0,228.0,228.0,228.0,228.0,228.0,228.0,228.0,228.0,228.0,228.0,228.0,228.0,228.0,228.0,228.0,228.0,228.0,228.0,228.0,228.0,228.0,468.0,468.0,468.0,468.0,468.0,468.0,468.0,468.0,468.0,468.0,468.0,468.0,468.0,468.0,468.0,468.0,468.0,468.0,468.0,468.0,468.0,468.0,468.0,468.0,468.0,468.0,468.0,468.0,468.0,468.0,468.0,468.0,468.0,468.0,468.0,468.0,468.0,468.0,468.0,468.0,468.0,468.0,468.0,468.0,468.0,468.0,468.0,468.0,468.0,468.0,440.0,440.0,440.0,474.0,474.0,474.0,440.0,440.0,440.0,440.0,474.0,440.0,440.0,440.0,440.0,440.0,440.0,474.0,440.0,440.0,440.0,474.0,474.0,440.0,440.0,440.0,440.0,440.0,474.0,440.0,440.0,440.0,440.0,474.0,474.0,440.0,440.0,440.0,474.0,474.0,440.0,440.0,474.0,440.0,440.0,440.0,440.0,440.0,440.0,440.0,440.0,440.0,440.0,474.0,474.0,474.0,440.0,440.0,440.0,440.0,440.0,440.0,3053.0,3053.0,3053.0,3053.0,3053.0,3053.0,3053.0,3053.0,3053.0,3053.0,3053.0,3053.0,3053.0,3053.0,3053.0,3053.0,3053.0,3053.0,3053.0,3053.0,3053.0,3053.0,3053.0,3053.0,3053.0,3053.0,3053.0,3053.0,3053.0,3053.0,3053.0,3053.0,3053.0,3053.0,3053.0,3053.0,3053.0,3053.0,3053.0,3053.0,3053.0,3053.0,3053.0,229.0,229.0,229.0,229.0,229.0,229.0,229.0,229.0,229.0,229.0,229.0,229.0,229.0,229.0,229.0,229.0,229.0,229.0
50,3336.0,3336.0,3336.0,3336.0,3336.0,3336.0,3266.0,3336.0,3335.0,3322.0,3336.0,3008.0,3008.0,1250.0,177.0,2758.0,585.0,3336.0,3336.0,3336.0,3336.0,3336.0,3336.0,3336.0,3336.0,3336.0,3336.0,3336.0,3336.0,3336.0,3336.0,3336.0,1918.0,2002.0,2541.0,1709.0,342.0,197.0,317.0,317.0,3069.0,1257.0,318.0,290.0,274.0,3074.0,1258.0,1258.0,1258.0,2022.0,1695.0,2636.0,938.0,938.0,938.0,1257.0,1257.0,1257.0,1257.0,1257.0,1257.0,1257.0,1257.0,1257.0,1257.0,1257.0,3069.0,3069.0,3069.0,3069.0,3069.0,3069.0,3069.0,3069.0,3069.0,3069.0,3069.0,3069.0,3069.0,3069.0,3069.0,3069.0,3069.0,3069.0,3069.0,3069.0,3069.0,3069.0,3069.0,2541.0,2541.0,2541.0,2541.0,2541.0,2541.0,2541.0,2541.0,2541.0,2541.0,2541.0,2541.0,2541.0,2541.0,2541.0,2541.0,2541.0,2541.0,3053.0,3053.0,3053.0,3053.0,3053.0,3053.0,3053.0,3053.0,3053.0,3053.0,3053.0,3053.0,3053.0,3053.0,3053.0,3053.0,3053.0,3053.0,3053.0,3053.0,3053.0,3053.0,3074.0,3074.0,3074.0,3074.0,3074.0,3074.0,3074.0,3074.0,3074.0,3074.0,3074.0,3074.0,3074.0,3074.0,3074.0,3074.0,3074.0,3074.0,3074.0,3074.0,3336.0,3336.0,3336.0,3336.0,3336.0,3336.0,3336.0,3336.0,3336.0,3336.0,3336.0,3336.0,3336.0,3336.0,3336.0,3336.0,3336.0,3336.0,3336.0,3336.0,3336.0,3336.0,3336.0,3336.0,3336.0,3336.0,3336.0,3336.0,3336.0,3336.0,3336.0,3336.0,3336.0,3336.0,3336.0,3336.0,3336.0,3336.0,3336.0,3336.0,3336.0,3336.0,3336.0,285.0,285.0,285.0,285.0,285.0,285.0,285.0,285.0,285.0,285.0,285.0,285.0,285.0,285.0,285.0,285.0,285.0,285.0,285.0,285.0,285.0,285.0,285.0,285.0,285.0,285.0,285.0,285.0,285.0,562.0,562.0,562.0,562.0,562.0,562.0,562.0,562.0,562.0,562.0,562.0,562.0,562.0,562.0,562.0,562.0,562.0,562.0,562.0,562.0,562.0,562.0,562.0,562.0,562.0,562.0,562.0,562.0,562.0,562.0,562.0,562.0,562.0,562.0,562.0,562.0,562.0,562.0,562.0,562.0,562.0,562.0,562.0,562.0,562.0,562.0,562.0,562.0,562.0,562.0,518.0,518.0,518.0,565.0,565.0,565.0,518.0,518.0,518.0,518.0,565.0,518.0,518.0,518.0,518.0,518.0,518.0,565.0,518.0,518.0,518.0,565.0,565.0,518.0,518.0,518.0,518.0,518.0,565.0,518.0,518.0,518.0,518.0,565.0,565.0,518.0,518.0,518.0,565.0,565.0,518.0,518.0,565.0,518.0,518.0,518.0,518.0,518.0,518.0,518.0,518.0,518.0,518.0,565.0,565.0,565.0,518.0,518.0,518.0,518.0,518.0,518.0,3336.0,3336.0,3336.0,3336.0,3336.0,3336.0,3336.0,3336.0,3336.0,3336.0,3336.0,3336.0,3336.0,3336.0,3336.0,3336.0,3336.0,3336.0,3336.0,3336.0,3336.0,3336.0,3336.0,3336.0,3336.0,3336.0,3336.0,3336.0,3336.0,3336.0,3336.0,3336.0,3336.0,3336.0,3336.0,3336.0,3336.0,3336.0,3336.0,3336.0,3336.0,3336.0,3336.0,289.0,289.0,289.0,289.0,289.0,289.0,289.0,289.0,289.0,289.0,289.0,289.0,289.0,289.0,289.0,289.0,289.0,289.0
51,2826.0,2826.0,2826.0,2826.0,2826.0,2826.0,2740.0,2826.0,2826.0,2804.0,2826.0,2528.0,2528.0,1118.0,162.0,2331.0,526.0,2826.0,2826.0,2826.0,2826.0,2826.0,2826.0,2826.0,2826.0,2826.0,2826.0,2826.0,2826.0,2826.0,2826.0,2826.0,1602.0,1657.0,2146.0,1433.0,307.0,162.0,288.0,288.0,2590.0,1121.0,295.0,270.0,235.0,2588.0,1120.0,1120.0,1120.0,1755.0,1458.0,2194.0,792.0,792.0,792.0,1121.0,1121.0,1121.0,1121.0,1121.0,1121.0,1121.0,1121.0,1121.0,1121.0,1121.0,2590.0,2590.0,2590.0,2590.0,2590.0,2590.0,2590.0,2590.0,2590.0,2590.0,2590.0,2590.0,2590.0,2590.0,2590.0,2590.0,2590.0,2590.0,2590.0,2590.0,2590.0,2590.0,2590.0,2146.0,2146.0,2146.0,2146.0,2146.0,2146.0,2146.0,2146.0,2146.0,2146.0,2146.0,2146.0,2146.0,2146.0,2146.0,2146.0,2146.0,2146.0,2580.0,2580.0,2580.0,2580.0,2580.0,2580.0,2580.0,2580.0,2580.0,2580.0,2580.0,2580.0,2580.0,2580.0,2580.0,2580.0,2580.0,2580.0,2580.0,2580.0,2580.0,2580.0,2588.0,2588.0,2588.0,2588.0,2588.0,2588.0,2588.0,2588.0,2588.0,2588.0,2588.0,2588.0,2588.0,2588.0,2588.0,2588.0,2588.0,2588.0,2588.0,2588.0,2826.0,2826.0,2826.0,2826.0,2826.0,2826.0,2826.0,2826.0,2826.0,2826.0,2826.0,2826.0,2826.0,2826.0,2826.0,2826.0,2826.0,2826.0,2826.0,2826.0,2826.0,2826.0,2826.0,2826.0,2826.0,2826.0,2826.0,2826.0,2826.0,2826.0,2826.0,2826.0,2826.0,2826.0,2826.0,2826.0,2826.0,2826.0,2826.0,2826.0,2826.0,2826.0,2826.0,254.0,254.0,254.0,254.0,254.0,254.0,254.0,254.0,254.0,254.0,254.0,254.0,254.0,254.0,254.0,254.0,254.0,254.0,254.0,254.0,254.0,254.0,254.0,254.0,254.0,254.0,254.0,254.0,254.0,508.0,508.0,508.0,508.0,508.0,508.0,508.0,508.0,508.0,508.0,508.0,508.0,508.0,508.0,508.0,508.0,508.0,508.0,508.0,508.0,508.0,508.0,508.0,508.0,508.0,508.0,508.0,508.0,508.0,508.0,508.0,508.0,508.0,508.0,508.0,508.0,508.0,508.0,508.0,508.0,508.0,508.0,508.0,508.0,508.0,508.0,508.0,508.0,508.0,508.0,455.0,455.0,455.0,513.0,513.0,513.0,455.0,455.0,455.0,455.0,513.0,455.0,455.0,455.0,455.0,455.0,455.0,513.0,455.0,455.0,455.0,513.0,513.0,455.0,455.0,455.0,455.0,455.0,513.0,455.0,455.0,455.0,455.0,513.0,513.0,455.0,455.0,455.0,513.0,513.0,455.0,455.0,513.0,455.0,455.0,455.0,455.0,455.0,455.0,455.0,455.0,455.0,455.0,513.0,513.0,513.0,455.0,455.0,455.0,455.0,455.0,455.0,2826.0,2826.0,2826.0,2826.0,2826.0,2826.0,2826.0,2826.0,2826.0,2826.0,2826.0,2826.0,2826.0,2826.0,2826.0,2826.0,2826.0,2826.0,2826.0,2826.0,2826.0,2826.0,2826.0,2826.0,2826.0,2826.0,2826.0,2826.0,2826.0,2826.0,2826.0,2826.0,2826.0,2826.0,2826.0,2826.0,2826.0,2826.0,2826.0,2826.0,2826.0,2826.0,2826.0,256.0,256.0,256.0,256.0,256.0,256.0,256.0,256.0,256.0,256.0,256.0,256.0,256.0,256.0,256.0,256.0,256.0,256.0
52,2333.0,2333.0,2333.0,2333.0,2333.0,2333.0,2281.0,2333.0,2333.0,2315.0,2333.0,2026.0,2026.0,752.0,165.0,1910.0,454.0,2333.0,2333.0,2333.0,2333.0,2333.0,2333.0,2333.0,2333.0,2333.0,2333.0,2333.0,2333.0,2333.0,2333.0,2333.0,1349.0,1440.0,1787.0,1237.0,316.0,181.0,223.0,223.0,2168.0,757.0,305.0,263.0,286.0,2164.0,758.0,758.0,758.0,1377.0,1071.0,1792.0,569.0,569.0,569.0,757.0,757.0,757.0,757.0,757.0,757.0,757.0,757.0,757.0,757.0,757.0,2168.0,2168.0,2168.0,2168.0,2168.0,2168.0,2168.0,2168.0,2168.0,2168.0,2168.0,2168.0,2168.0,2168.0,2168.0,2168.0,2168.0,2168.0,2168.0,2168.0,2168.0,2168.0,2168.0,1787.0,1787.0,1787.0,1787.0,1787.0,1787.0,1787.0,1787.0,1787.0,1787.0,1787.0,1787.0,1787.0,1787.0,1787.0,1787.0,1787.0,1787.0,2155.0,2155.0,2155.0,2155.0,2155.0,2155.0,2155.0,2155.0,2155.0,2155.0,2155.0,2155.0,2155.0,2155.0,2155.0,2155.0,2155.0,2155.0,2155.0,2155.0,2155.0,2155.0,2164.0,2164.0,2164.0,2164.0,2164.0,2164.0,2164.0,2164.0,2164.0,2164.0,2164.0,2164.0,2164.0,2164.0,2164.0,2164.0,2164.0,2164.0,2164.0,2164.0,2333.0,2333.0,2333.0,2333.0,2333.0,2333.0,2333.0,2333.0,2333.0,2333.0,2333.0,2333.0,2333.0,2333.0,2333.0,2333.0,2333.0,2333.0,2333.0,2333.0,2333.0,2333.0,2333.0,2333.0,2333.0,2333.0,2333.0,2333.0,2333.0,2333.0,2333.0,2333.0,2333.0,2333.0,2333.0,2333.0,2333.0,2333.0,2333.0,2333.0,2333.0,2333.0,2333.0,180.0,180.0,180.0,180.0,180.0,180.0,180.0,180.0,180.0,180.0,180.0,180.0,180.0,180.0,180.0,180.0,180.0,180.0,180.0,180.0,180.0,180.0,180.0,180.0,180.0,180.0,180.0,180.0,180.0,439.0,439.0,439.0,439.0,439.0,439.0,439.0,439.0,439.0,439.0,439.0,439.0,439.0,439.0,439.0,439.0,439.0,439.0,439.0,439.0,439.0,439.0,439.0,439.0,439.0,439.0,439.0,439.0,439.0,439.0,439.0,439.0,439.0,439.0,439.0,439.0,439.0,439.0,439.0,439.0,439.0,439.0,439.0,439.0,439.0,439.0,439.0,439.0,439.0,439.0,423.0,423.0,423.0,445.0,445.0,445.0,423.0,423.0,423.0,423.0,445.0,423.0,423.0,423.0,423.0,423.0,423.0,445.0,423.0,423.0,423.0,445.0,445.0,423.0,423.0,423.0,423.0,423.0,445.0,423.0,423.0,423.0,423.0,445.0,445.0,423.0,423.0,423.0,445.0,445.0,423.0,423.0,445.0,423.0,423.0,423.0,423.0,423.0,423.0,423.0,423.0,423.0,423.0,445.0,445.0,445.0,423.0,423.0,423.0,423.0,423.0,423.0,2333.0,2333.0,2333.0,2333.0,2333.0,2333.0,2333.0,2333.0,2333.0,2333.0,2333.0,2333.0,2333.0,2333.0,2333.0,2333.0,2333.0,2333.0,2333.0,2333.0,2333.0,2333.0,2333.0,2333.0,2333.0,2333.0,2333.0,2333.0,2333.0,2333.0,2333.0,2333.0,2333.0,2333.0,2333.0,2333.0,2333.0,2333.0,2333.0,2333.0,2333.0,2333.0,2333.0,181.0,181.0,181.0,181.0,181.0,181.0,181.0,181.0,181.0,181.0,181.0,181.0,181.0,181.0,181.0,181.0,181.0,181.0
53,2908.0,2908.0,2908.0,2908.0,2908.0,2908.0,2847.0,2908.0,2908.0,2888.0,2908.0,2642.0,2642.0,1052.0,169.0,2358.0,433.0,2908.0,2908.0,2908.0,2908.0,2908.0,2908.0,2908.0,2908.0,2908.0,2908.0,2908.0,2908.0,2908.0,2908.0,2907.0,1663.0,1769.0,2222.0,1515.0,288.0,144.0,223.0,223.0,2737.0,1048.0,262.0,244.0,239.0,2743.0,1051.0,1051.0,1051.0,1520.0,1257.0,2345.0,816.0,816.0,816.0,1048.0,1048.0,1048.0,1048.0,1048.0,1048.0,1048.0,1048.0,1048.0,1048.0,1048.0,2737.0,2737.0,2737.0,2737.0,2737.0,2737.0,2737.0,2737.0,2737.0,2737.0,2737.0,2737.0,2737.0,2737.0,2737.0,2737.0,2737.0,2737.0,2737.0,2737.0,2737.0,2737.0,2737.0,2222.0,2222.0,2222.0,2222.0,2222.0,2222.0,2222.0,2222.0,2222.0,2222.0,2222.0,2222.0,2222.0,2222.0,2222.0,2222.0,2222.0,2222.0,2741.0,2741.0,2741.0,2741.0,2741.0,2741.0,2741.0,2741.0,2741.0,2741.0,2741.0,2741.0,2741.0,2741.0,2741.0,2741.0,2741.0,2741.0,2741.0,2741.0,2741.0,2741.0,2743.0,2743.0,2743.0,2743.0,2743.0,2743.0,2743.0,2743.0,2743.0,2743.0,2743.0,2743.0,2743.0,2743.0,2743.0,2743.0,2743.0,2743.0,2743.0,2743.0,2908.0,2908.0,2908.0,2908.0,2908.0,2908.0,2908.0,2908.0,2908.0,2908.0,2908.0,2908.0,2908.0,2908.0,2908.0,2908.0,2908.0,2908.0,2908.0,2908.0,2908.0,2908.0,2908.0,2908.0,2908.0,2908.0,2908.0,2908.0,2908.0,2908.0,2908.0,2908.0,2908.0,2908.0,2908.0,2908.0,2908.0,2908.0,2908.0,2908.0,2908.0,2908.0,2908.0,183.0,183.0,183.0,183.0,183.0,183.0,183.0,183.0,183.0,183.0,183.0,183.0,183.0,183.0,183.0,183.0,183.0,183.0,183.0,183.0,183.0,183.0,183.0,183.0,183.0,183.0,183.0,183.0,183.0,419.0,419.0,419.0,419.0,419.0,419.0,419.0,419.0,419.0,419.0,419.0,419.0,419.0,419.0,419.0,419.0,419.0,419.0,419.0,419.0,419.0,419.0,419.0,419.0,419.0,419.0,419.0,419.0,419.0,419.0,419.0,419.0,419.0,419.0,419.0,419.0,419.0,419.0,419.0,419.0,419.0,419.0,419.0,419.0,419.0,419.0,419.0,419.0,419.0,419.0,390.0,390.0,390.0,417.0,417.0,417.0,390.0,390.0,390.0,390.0,417.0,390.0,390.0,390.0,390.0,390.0,390.0,417.0,390.0,390.0,390.0,417.0,417.0,390.0,390.0,390.0,390.0,390.0,417.0,390.0,390.0,390.0,390.0,417.0,417.0,390.0,390.0,390.0,417.0,417.0,390.0,390.0,417.0,390.0,390.0,390.0,390.0,390.0,390.0,390.0,390.0,390.0,390.0,417.0,417.0,417.0,390.0,390.0,390.0,390.0,390.0,390.0,2908.0,2908.0,2907.0,2907.0,2907.0,2908.0,2908.0,2908.0,2908.0,2907.0,2907.0,2908.0,2908.0,2908.0,2908.0,2908.0,2908.0,2907.0,2908.0,2908.0,2908.0,2907.0,2907.0,2908.0,2908.0,2908.0,2908.0,2908.0,2908.0,2908.0,2908.0,2908.0,2908.0,2908.0,2907.0,2907.0,2907.0,2908.0,2908.0,2908.0,2908.0,2908.0,2908.0,185.0,185.0,185.0,185.0,185.0,185.0,185.0,185.0,185.0,185.0,185.0,185.0,185.0,185.0,185.0,185.0,185.0,185.0
54,2798.0,2798.0,2798.0,2798.0,2798.0,2798.0,2725.0,2798.0,2798.0,2777.0,2798.0,2543.0,2543.0,1010.0,230.0,2361.0,484.0,2798.0,2798.0,2798.0,2798.0,2798.0,2798.0,2798.0,2798.0,2798.0,2798.0,2798.0,2798.0,2798.0,2798.0,2798.0,1566.0,1647.0,2197.0,1440.0,290.0,146.0,234.0,234.0,2587.0,1015.0,253.0,237.0,242.0,2585.0,1015.0,1015.0,1015.0,1520.0,1266.0,2184.0,824.0,824.0,824.0,1015.0,1015.0,1015.0,1015.0,1015.0,1015.0,1015.0,1015.0,1015.0,1015.0,1015.0,2587.0,2587.0,2587.0,2587.0,2587.0,2587.0,2587.0,2587.0,2587.0,2587.0,2587.0,2587.0,2587.0,2587.0,2587.0,2587.0,2587.0,2587.0,2587.0,2587.0,2587.0,2587.0,2587.0,2197.0,2197.0,2197.0,2197.0,2197.0,2197.0,2197.0,2197.0,2197.0,2197.0,2197.0,2197.0,2197.0,2197.0,2197.0,2197.0,2197.0,2197.0,2565.0,2565.0,2565.0,2565.0,2565.0,2565.0,2565.0,2565.0,2565.0,2565.0,2565.0,2565.0,2565.0,2565.0,2565.0,2565.0,2565.0,2565.0,2565.0,2565.0,2565.0,2565.0,2585.0,2585.0,2585.0,2585.0,2585.0,2585.0,2585.0,2585.0,2585.0,2585.0,2585.0,2585.0,2585.0,2585.0,2585.0,2585.0,2585.0,2585.0,2585.0,2585.0,2798.0,2798.0,2798.0,2798.0,2798.0,2798.0,2798.0,2798.0,2798.0,2798.0,2798.0,2798.0,2798.0,2798.0,2798.0,2798.0,2798.0,2798.0,2798.0,2798.0,2798.0,2798.0,2798.0,2798.0,2798.0,2798.0,2798.0,2798.0,2798.0,2798.0,2798.0,2798.0,2798.0,2798.0,2798.0,2798.0,2798.0,2798.0,2798.0,2798.0,2798.0,2798.0,2798.0,246.0,246.0,246.0,246.0,246.0,246.0,246.0,246.0,246.0,246.0,246.0,246.0,246.0,246.0,246.0,246.0,246.0,246.0,246.0,246.0,246.0,246.0,246.0,246.0,246.0,246.0,246.0,246.0,246.0,473.0,473.0,473.0,473.0,473.0,473.0,473.0,473.0,473.0,473.0,473.0,473.0,473.0,473.0,473.0,473.0,473.0,473.0,473.0,473.0,473.0,473.0,473.0,473.0,473.0,473.0,473.0,473.0,473.0,473.0,473.0,473.0,473.0,473.0,473.0,473.0,473.0,473.0,473.0,473.0,473.0,473.0,473.0,473.0,473.0,473.0,473.0,473.0,473.0,473.0,448.0,448.0,448.0,474.0,474.0,474.0,448.0,448.0,448.0,448.0,474.0,448.0,448.0,448.0,448.0,448.0,448.0,474.0,448.0,448.0,448.0,474.0,474.0,448.0,448.0,448.0,448.0,448.0,474.0,448.0,448.0,448.0,448.0,474.0,474.0,448.0,448.0,448.0,474.0,474.0,448.0,448.0,474.0,448.0,448.0,448.0,448.0,448.0,448.0,448.0,448.0,448.0,448.0,474.0,474.0,474.0,448.0,448.0,448.0,448.0,448.0,448.0,2798.0,2798.0,2798.0,2798.0,2798.0,2798.0,2798.0,2798.0,2798.0,2798.0,2798.0,2798.0,2798.0,2798.0,2798.0,2798.0,2798.0,2798.0,2798.0,2798.0,2798.0,2798.0,2798.0,2798.0,2798.0,2798.0,2798.0,2798.0,2798.0,2798.0,2798.0,2798.0,2798.0,2798.0,2798.0,2798.0,2798.0,2798.0,2798.0,2798.0,2798.0,2798.0,2798.0,249.0,249.0,249.0,249.0,249.0,249.0,249.0,249.0,249.0,249.0,249.0,249.0,249.0,249.0,249.0,249.0,249.0,249.0
55,2771.0,2771.0,2771.0,2771.0,2771.0,2771.0,2717.0,2771.0,2771.0,2753.0,2771.0,2492.0,2492.0,1012.0,190.0,2281.0,481.0,2771.0,2771.0,2771.0,2771.0,2771.0,2771.0,2771.0,2771.0,2771.0,2771.0,2771.0,2771.0,2771.0,2771.0,2770.0,1529.0,1610.0,2127.0,1382.0,303.0,149.0,267.0,267.0,2565.0,1012.0,271.0,258.0,269.0,2569.0,1012.0,1012.0,1012.0,1532.0,1258.0,2164.0,827.0,827.0,827.0,1012.0,1012.0,1012.0,1012.0,1012.0,1012.0,1012.0,1012.0,1012.0,1012.0,1012.0,2565.0,2565.0,2565.0,2565.0,2565.0,2565.0,2565.0,2565.0,2565.0,2565.0,2565.0,2565.0,2565.0,2565.0,2565.0,2565.0,2565.0,2565.0,2565.0,2565.0,2565.0,2565.0,2565.0,2127.0,2127.0,2127.0,2127.0,2127.0,2127.0,2127.0,2127.0,2127.0,2127.0,2127.0,2127.0,2127.0,2127.0,2127.0,2127.0,2127.0,2127.0,2554.0,2554.0,2554.0,2554.0,2554.0,2554.0,2554.0,2554.0,2554.0,2554.0,2554.0,2554.0,2554.0,2554.0,2554.0,2554.0,2554.0,2554.0,2554.0,2554.0,2554.0,2554.0,2569.0,2569.0,2569.0,2569.0,2569.0,2569.0,2569.0,2569.0,2569.0,2569.0,2569.0,2569.0,2569.0,2569.0,2569.0,2569.0,2569.0,2569.0,2569.0,2569.0,2771.0,2771.0,2771.0,2771.0,2771.0,2771.0,2771.0,2771.0,2771.0,2771.0,2771.0,2771.0,2771.0,2771.0,2771.0,2771.0,2771.0,2771.0,2771.0,2771.0,2771.0,2771.0,2771.0,2771.0,2771.0,2771.0,2771.0,2771.0,2771.0,2771.0,2771.0,2771.0,2771.0,2771.0,2771.0,2771.0,2771.0,2771.0,2771.0,2771.0,2771.0,2771.0,2771.0,240.0,240.0,240.0,240.0,240.0,240.0,240.0,240.0,240.0,240.0,240.0,240.0,240.0,240.0,240.0,240.0,240.0,240.0,240.0,240.0,240.0,240.0,240.0,240.0,240.0,240.0,240.0,240.0,240.0,471.0,471.0,471.0,471.0,471.0,471.0,471.0,471.0,471.0,471.0,471.0,471.0,471.0,471.0,471.0,471.0,471.0,471.0,471.0,471.0,471.0,471.0,471.0,471.0,471.0,471.0,471.0,471.0,471.0,471.0,471.0,471.0,471.0,471.0,471.0,471.0,471.0,471.0,471.0,471.0,471.0,471.0,471.0,471.0,471.0,471.0,471.0,471.0,471.0,471.0,446.0,446.0,446.0,483.0,483.0,483.0,446.0,446.0,446.0,446.0,483.0,446.0,446.0,446.0,446.0,446.0,446.0,483.0,446.0,446.0,446.0,483.0,483.0,446.0,446.0,446.0,446.0,446.0,483.0,446.0,446.0,446.0,446.0,483.0,483.0,446.0,446.0,446.0,483.0,483.0,446.0,446.0,483.0,446.0,446.0,446.0,446.0,446.0,446.0,446.0,446.0,446.0,446.0,483.0,483.0,483.0,446.0,446.0,446.0,446.0,446.0,446.0,2771.0,2771.0,2770.0,2770.0,2770.0,2771.0,2771.0,2771.0,2771.0,2770.0,2770.0,2771.0,2771.0,2771.0,2771.0,2771.0,2771.0,2770.0,2771.0,2771.0,2771.0,2770.0,2770.0,2771.0,2771.0,2771.0,2771.0,2771.0,2771.0,2771.0,2771.0,2771.0,2771.0,2771.0,2770.0,2770.0,2770.0,2771.0,2771.0,2771.0,2771.0,2771.0,2771.0,242.0,242.0,242.0,242.0,242.0,242.0,242.0,242.0,242.0,242.0,242.0,242.0,242.0,242.0,242.0,242.0,242.0,242.0
56,2789.0,2789.0,2789.0,2789.0,2789.0,2789.0,2729.0,2789.0,2789.0,2764.0,2789.0,2395.0,2395.0,955.0,201.0,2337.0,606.0,2789.0,2789.0,2789.0,2789.0,2789.0,2789.0,2789.0,2789.0,2789.0,2789.0,2789.0,2789.0,2789.0,2789.0,2789.0,1500.0,1594.0,2173.0,1434.0,411.0,225.0,303.0,303.0,2591.0,960.0,390.0,348.0,322.0,2584.0,960.0,960.0,960.0,1687.0,1295.0,2102.0,765.0,765.0,765.0,960.0,960.0,960.0,960.0,960.0,960.0,960.0,960.0,960.0,960.0,960.0,2591.0,2591.0,2591.0,2591.0,2591.0,2591.0,2591.0,2591.0,2591.0,2591.0,2591.0,2591.0,2591.0,2591.0,2591.0,2591.0,2591.0,2591.0,2591.0,2591.0,2591.0,2591.0,2591.0,2173.0,2173.0,2173.0,2173.0,2173.0,2173.0,2173.0,2173.0,2173.0,2173.0,2173.0,2173.0,2173.0,2173.0,2173.0,2173.0,2173.0,2173.0,2576.0,2576.0,2576.0,2576.0,2576.0,2576.0,2576.0,2576.0,2576.0,2576.0,2576.0,2576.0,2576.0,2576.0,2576.0,2576.0,2576.0,2576.0,2576.0,2576.0,2576.0,2576.0,2584.0,2584.0,2584.0,2584.0,2584.0,2584.0,2584.0,2584.0,2584.0,2584.0,2584.0,2584.0,2584.0,2584.0,2584.0,2584.0,2584.0,2584.0,2584.0,2584.0,2789.0,2789.0,2789.0,2789.0,2789.0,2789.0,2789.0,2789.0,2789.0,2789.0,2789.0,2789.0,2789.0,2789.0,2789.0,2789.0,2789.0,2789.0,2789.0,2789.0,2789.0,2789.0,2789.0,2789.0,2789.0,2789.0,2789.0,2789.0,2789.0,2789.0,2789.0,2789.0,2789.0,2789.0,2789.0,2789.0,2789.0,2789.0,2789.0,2789.0,2789.0,2789.0,2789.0,221.0,221.0,221.0,221.0,221.0,221.0,221.0,221.0,221.0,221.0,221.0,221.0,221.0,221.0,221.0,221.0,221.0,221.0,221.0,221.0,221.0,221.0,221.0,221.0,221.0,221.0,221.0,221.0,221.0,554.0,554.0,554.0,554.0,554.0,554.0,554.0,554.0,554.0,554.0,554.0,554.0,554.0,554.0,554.0,554.0,554.0,554.0,554.0,554.0,554.0,554.0,554.0,554.0,554.0,554.0,554.0,554.0,554.0,554.0,554.0,554.0,554.0,554.0,554.0,554.0,554.0,554.0,554.0,554.0,554.0,554.0,554.0,554.0,554.0,554.0,554.0,554.0,554.0,554.0,498.0,498.0,498.0,561.0,561.0,561.0,498.0,498.0,498.0,498.0,561.0,498.0,498.0,498.0,498.0,498.0,498.0,561.0,498.0,498.0,498.0,561.0,561.0,498.0,498.0,498.0,498.0,498.0,561.0,498.0,498.0,498.0,498.0,561.0,561.0,498.0,498.0,498.0,561.0,561.0,498.0,498.0,561.0,498.0,498.0,498.0,498.0,498.0,498.0,498.0,498.0,498.0,498.0,561.0,561.0,561.0,498.0,498.0,498.0,498.0,498.0,498.0,2789.0,2789.0,2789.0,2789.0,2789.0,2789.0,2789.0,2789.0,2789.0,2789.0,2789.0,2789.0,2789.0,2789.0,2789.0,2789.0,2789.0,2789.0,2789.0,2789.0,2789.0,2789.0,2789.0,2789.0,2789.0,2789.0,2789.0,2789.0,2789.0,2789.0,2789.0,2789.0,2789.0,2789.0,2789.0,2789.0,2789.0,2789.0,2789.0,2789.0,2789.0,2789.0,2789.0,223.0,223.0,223.0,223.0,223.0,223.0,223.0,223.0,223.0,223.0,223.0,223.0,223.0,223.0,223.0,223.0,223.0,223.0
57,3274.0,3274.0,3274.0,3274.0,3274.0,3274.0,3198.0,3274.0,3274.0,3255.0,3274.0,2911.0,2911.0,1233.0,212.0,2701.0,590.0,3274.0,3274.0,3274.0,3274.0,3274.0,3274.0,3274.0,3274.0,3274.0,3274.0,3274.0,3274.0,3274.0,3274.0,3274.0,1814.0,1931.0,2515.0,1644.0,371.0,194.0,326.0,326.0,3005.0,1236.0,333.0,304.0,296.0,2967.0,1236.0,1236.0,1236.0,1985.0,1650.0,2513.0,1018.0,1018.0,1018.0,1236.0,1236.0,1236.0,1236.0,1236.0,1236.0,1236.0,1236.0,1236.0,1236.0,1236.0,3004.0,3004.0,3004.0,3004.0,3004.0,3004.0,3004.0,3004.0,3004.0,3004.0,3004.0,3004.0,3004.0,3004.0,3004.0,3004.0,3004.0,3004.0,3004.0,3004.0,3004.0,3004.0,3004.0,2515.0,2515.0,2515.0,2515.0,2515.0,2515.0,2515.0,2515.0,2515.0,2515.0,2515.0,2515.0,2515.0,2515.0,2515.0,2515.0,2515.0,2515.0,3013.0,3013.0,3013.0,3013.0,3013.0,3013.0,3013.0,3013.0,3013.0,3013.0,3013.0,3013.0,3013.0,3013.0,3013.0,3013.0,3013.0,3013.0,3013.0,3013.0,3013.0,3013.0,2967.0,2967.0,2967.0,2967.0,2967.0,2967.0,2967.0,2967.0,2967.0,2967.0,2967.0,2967.0,2967.0,2967.0,2967.0,2967.0,2967.0,2967.0,2967.0,2967.0,3274.0,3274.0,3274.0,3274.0,3274.0,3274.0,3274.0,3274.0,3274.0,3274.0,3274.0,3274.0,3274.0,3274.0,3274.0,3274.0,3274.0,3274.0,3274.0,3274.0,3274.0,3274.0,3274.0,3274.0,3274.0,3274.0,3274.0,3274.0,3274.0,3274.0,3274.0,3274.0,3274.0,3274.0,3274.0,3274.0,3274.0,3274.0,3274.0,3274.0,3274.0,3274.0,3274.0,264.0,264.0,264.0,264.0,264.0,264.0,264.0,264.0,264.0,264.0,264.0,264.0,264.0,264.0,264.0,264.0,264.0,264.0,264.0,264.0,264.0,264.0,264.0,264.0,264.0,264.0,264.0,264.0,264.0,562.0,562.0,562.0,562.0,562.0,562.0,562.0,562.0,562.0,562.0,562.0,562.0,562.0,562.0,562.0,562.0,562.0,562.0,562.0,562.0,562.0,562.0,562.0,562.0,562.0,562.0,562.0,562.0,562.0,562.0,562.0,562.0,562.0,562.0,562.0,562.0,562.0,562.0,562.0,562.0,562.0,562.0,562.0,562.0,562.0,562.0,562.0,562.0,562.0,562.0,507.0,507.0,507.0,563.0,563.0,563.0,507.0,507.0,507.0,507.0,563.0,507.0,507.0,507.0,507.0,507.0,507.0,563.0,507.0,507.0,507.0,563.0,563.0,507.0,507.0,507.0,507.0,507.0,563.0,507.0,507.0,507.0,507.0,563.0,563.0,507.0,507.0,507.0,563.0,563.0,507.0,507.0,563.0,507.0,507.0,507.0,507.0,507.0,507.0,507.0,507.0,507.0,507.0,563.0,563.0,563.0,507.0,507.0,507.0,507.0,507.0,507.0,3274.0,3274.0,3274.0,3274.0,3274.0,3274.0,3274.0,3274.0,3274.0,3274.0,3274.0,3274.0,3274.0,3274.0,3274.0,3274.0,3274.0,3274.0,3274.0,3274.0,3274.0,3274.0,3274.0,3274.0,3274.0,3274.0,3274.0,3274.0,3274.0,3274.0,3274.0,3274.0,3274.0,3274.0,3274.0,3274.0,3274.0,3274.0,3274.0,3274.0,3274.0,3274.0,3274.0,270.0,270.0,270.0,270.0,270.0,270.0,270.0,270.0,270.0,270.0,270.0,270.0,270.0,270.0,270.0,270.0,270.0,270.0
58,2681.0,2681.0,2681.0,2681.0,2681.0,2681.0,2636.0,2681.0,2681.0,2663.0,2681.0,2354.0,2354.0,1076.0,172.0,2235.0,513.0,2681.0,2681.0,2681.0,2681.0,2681.0,2681.0,2681.0,2681.0,2681.0,2681.0,2681.0,2681.0,2681.0,2681.0,2681.0,1479.0,1572.0,2077.0,1401.0,345.0,208.0,255.0,255.0,2503.0,1074.0,321.0,302.0,297.0,2491.0,1082.0,1082.0,1082.0,1658.0,1332.0,2076.0,888.0,888.0,888.0,1074.0,1074.0,1074.0,1074.0,1074.0,1074.0,1074.0,1074.0,1074.0,1074.0,1074.0,2502.0,2502.0,2502.0,2502.0,2502.0,2502.0,2502.0,2502.0,2502.0,2502.0,2502.0,2502.0,2502.0,2502.0,2502.0,2502.0,2502.0,2502.0,2502.0,2502.0,2502.0,2502.0,2502.0,2077.0,2077.0,2077.0,2077.0,2077.0,2077.0,2077.0,2077.0,2077.0,2077.0,2077.0,2077.0,2077.0,2077.0,2077.0,2077.0,2077.0,2077.0,2490.0,2490.0,2490.0,2490.0,2490.0,2490.0,2490.0,2490.0,2490.0,2490.0,2490.0,2490.0,2490.0,2490.0,2490.0,2490.0,2490.0,2490.0,2490.0,2490.0,2490.0,2490.0,2491.0,2491.0,2491.0,2491.0,2491.0,2491.0,2491.0,2491.0,2491.0,2491.0,2491.0,2491.0,2491.0,2491.0,2491.0,2491.0,2491.0,2491.0,2491.0,2491.0,2681.0,2681.0,2681.0,2681.0,2681.0,2681.0,2681.0,2681.0,2681.0,2681.0,2681.0,2681.0,2681.0,2681.0,2681.0,2681.0,2681.0,2681.0,2681.0,2681.0,2681.0,2681.0,2681.0,2681.0,2681.0,2681.0,2681.0,2681.0,2681.0,2681.0,2681.0,2681.0,2681.0,2681.0,2681.0,2681.0,2681.0,2681.0,2681.0,2681.0,2681.0,2681.0,2681.0,196.0,196.0,196.0,196.0,196.0,196.0,196.0,196.0,196.0,196.0,196.0,196.0,196.0,196.0,196.0,196.0,196.0,196.0,196.0,196.0,196.0,196.0,196.0,196.0,196.0,196.0,196.0,196.0,196.0,492.0,492.0,492.0,492.0,492.0,492.0,492.0,492.0,492.0,492.0,492.0,492.0,492.0,492.0,492.0,492.0,492.0,492.0,492.0,492.0,492.0,492.0,492.0,492.0,492.0,492.0,492.0,492.0,492.0,492.0,492.0,492.0,492.0,492.0,492.0,492.0,492.0,492.0,492.0,492.0,492.0,492.0,492.0,492.0,492.0,492.0,492.0,492.0,492.0,492.0,462.0,462.0,462.0,493.0,493.0,493.0,462.0,462.0,462.0,462.0,493.0,462.0,462.0,462.0,462.0,462.0,462.0,493.0,462.0,462.0,462.0,493.0,493.0,462.0,462.0,462.0,462.0,462.0,493.0,462.0,462.0,462.0,462.0,493.0,493.0,462.0,462.0,462.0,493.0,493.0,462.0,462.0,493.0,462.0,462.0,462.0,462.0,462.0,462.0,462.0,462.0,462.0,462.0,493.0,493.0,493.0,462.0,462.0,462.0,462.0,462.0,462.0,2681.0,2681.0,2681.0,2681.0,2681.0,2681.0,2681.0,2681.0,2681.0,2681.0,2681.0,2681.0,2681.0,2681.0,2681.0,2681.0,2681.0,2681.0,2681.0,2681.0,2681.0,2681.0,2681.0,2681.0,2681.0,2681.0,2681.0,2681.0,2681.0,2681.0,2681.0,2681.0,2681.0,2681.0,2681.0,2681.0,2681.0,2681.0,2681.0,2681.0,2681.0,2681.0,2681.0,196.0,196.0,196.0,196.0,196.0,196.0,196.0,196.0,196.0,196.0,196.0,196.0,196.0,196.0,196.0,196.0,196.0,196.0
59,2402.0,2402.0,2402.0,2402.0,2402.0,2402.0,2346.0,2402.0,2402.0,2394.0,2402.0,2048.0,2048.0,845.0,169.0,1940.0,548.0,2402.0,2402.0,2402.0,2402.0,2402.0,2402.0,2402.0,2402.0,2402.0,2402.0,2402.0,2402.0,2402.0,2402.0,2402.0,1270.0,1362.0,1821.0,1239.0,371.0,217.0,274.0,274.0,2216.0,846.0,354.0,316.0,307.0,2221.0,847.0,847.0,847.0,1447.0,1092.0,1768.0,685.0,685.0,685.0,846.0,846.0,846.0,846.0,846.0,846.0,846.0,846.0,846.0,846.0,846.0,2216.0,2216.0,2216.0,2216.0,2216.0,2216.0,2216.0,2216.0,2216.0,2216.0,2216.0,2216.0,2216.0,2216.0,2216.0,2216.0,2216.0,2216.0,2216.0,2216.0,2216.0,2216.0,2216.0,1821.0,1821.0,1821.0,1821.0,1821.0,1821.0,1821.0,1821.0,1821.0,1821.0,1821.0,1821.0,1821.0,1821.0,1821.0,1821.0,1821.0,1821.0,2206.0,2206.0,2206.0,2206.0,2206.0,2206.0,2206.0,2206.0,2206.0,2206.0,2206.0,2206.0,2206.0,2206.0,2206.0,2206.0,2206.0,2206.0,2206.0,2206.0,2206.0,2206.0,2221.0,2221.0,2221.0,2221.0,2221.0,2221.0,2221.0,2221.0,2221.0,2221.0,2221.0,2221.0,2221.0,2221.0,2221.0,2221.0,2221.0,2221.0,2221.0,2221.0,2402.0,2402.0,2402.0,2402.0,2402.0,2402.0,2402.0,2402.0,2402.0,2402.0,2402.0,2402.0,2402.0,2402.0,2402.0,2402.0,2402.0,2402.0,2402.0,2402.0,2402.0,2402.0,2402.0,2402.0,2402.0,2402.0,2402.0,2402.0,2402.0,2402.0,2402.0,2402.0,2402.0,2402.0,2402.0,2402.0,2402.0,2402.0,2402.0,2402.0,2402.0,2402.0,2402.0,205.0,205.0,205.0,205.0,205.0,205.0,205.0,205.0,205.0,205.0,205.0,205.0,205.0,205.0,205.0,205.0,205.0,205.0,205.0,205.0,205.0,205.0,205.0,205.0,205.0,205.0,205.0,205.0,205.0,523.0,523.0,523.0,523.0,523.0,523.0,523.0,523.0,523.0,523.0,523.0,523.0,523.0,523.0,523.0,523.0,523.0,523.0,523.0,523.0,523.0,523.0,523.0,523.0,523.0,523.0,523.0,523.0,523.0,523.0,523.0,523.0,523.0,523.0,523.0,523.0,523.0,523.0,523.0,523.0,523.0,523.0,523.0,523.0,523.0,523.0,523.0,523.0,523.0,523.0,492.0,492.0,492.0,526.0,526.0,526.0,492.0,492.0,492.0,492.0,526.0,492.0,492.0,492.0,492.0,492.0,492.0,526.0,492.0,492.0,492.0,526.0,526.0,492.0,492.0,492.0,492.0,492.0,526.0,492.0,492.0,492.0,492.0,526.0,526.0,492.0,492.0,492.0,526.0,526.0,492.0,492.0,526.0,492.0,492.0,492.0,492.0,492.0,492.0,492.0,492.0,492.0,492.0,526.0,526.0,526.0,492.0,492.0,492.0,492.0,492.0,492.0,2402.0,2402.0,2402.0,2402.0,2402.0,2402.0,2402.0,2402.0,2402.0,2402.0,2402.0,2402.0,2402.0,2402.0,2402.0,2402.0,2402.0,2402.0,2402.0,2402.0,2402.0,2402.0,2402.0,2402.0,2402.0,2402.0,2402.0,2402.0,2402.0,2402.0,2402.0,2402.0,2402.0,2402.0,2402.0,2402.0,2402.0,2402.0,2402.0,2402.0,2402.0,2402.0,2402.0,206.0,206.0,206.0,206.0,206.0,206.0,206.0,206.0,206.0,206.0,206.0,206.0,206.0,206.0,206.0,206.0,206.0,206.0
60,2932.0,2932.0,2932.0,2932.0,2932.0,2932.0,2860.0,2932.0,2932.0,2917.0,2932.0,2632.0,2632.0,1005.0,184.0,2397.0,497.0,2932.0,2932.0,2932.0,2932.0,2932.0,2932.0,2932.0,2932.0,2932.0,2932.0,2932.0,2932.0,2932.0,2932.0,2932.0,1662.0,1773.0,2258.0,1500.0,319.0,164.0,257.0,257.0,2729.0,1008.0,298.0,268.0,267.0,2726.0,1010.0,1010.0,1010.0,1541.0,1241.0,2315.0,830.0,830.0,830.0,1008.0,1008.0,1008.0,1008.0,1008.0,1008.0,1008.0,1008.0,1008.0,1008.0,1008.0,2728.0,2728.0,2728.0,2728.0,2728.0,2728.0,2728.0,2728.0,2728.0,2728.0,2728.0,2728.0,2728.0,2728.0,2728.0,2728.0,2728.0,2728.0,2728.0,2728.0,2728.0,2728.0,2728.0,2258.0,2258.0,2258.0,2258.0,2258.0,2258.0,2258.0,2258.0,2258.0,2258.0,2258.0,2258.0,2258.0,2258.0,2258.0,2258.0,2258.0,2258.0,2706.0,2706.0,2706.0,2706.0,2706.0,2706.0,2706.0,2706.0,2706.0,2706.0,2706.0,2706.0,2706.0,2706.0,2706.0,2706.0,2706.0,2706.0,2706.0,2706.0,2706.0,2706.0,2726.0,2726.0,2726.0,2726.0,2726.0,2726.0,2726.0,2726.0,2726.0,2726.0,2726.0,2726.0,2726.0,2726.0,2726.0,2726.0,2726.0,2726.0,2726.0,2726.0,2932.0,2932.0,2932.0,2932.0,2932.0,2932.0,2932.0,2932.0,2932.0,2932.0,2932.0,2932.0,2932.0,2932.0,2932.0,2932.0,2932.0,2932.0,2932.0,2932.0,2932.0,2932.0,2932.0,2932.0,2932.0,2932.0,2932.0,2932.0,2932.0,2932.0,2932.0,2932.0,2932.0,2932.0,2932.0,2932.0,2932.0,2932.0,2932.0,2932.0,2932.0,2932.0,2932.0,225.0,225.0,225.0,225.0,225.0,225.0,225.0,225.0,225.0,225.0,225.0,225.0,225.0,225.0,225.0,225.0,225.0,225.0,225.0,225.0,225.0,225.0,225.0,225.0,225.0,225.0,225.0,225.0,225.0,493.0,493.0,493.0,493.0,493.0,493.0,493.0,493.0,493.0,493.0,493.0,493.0,493.0,493.0,493.0,493.0,493.0,493.0,493.0,493.0,493.0,493.0,493.0,493.0,493.0,493.0,493.0,493.0,493.0,493.0,493.0,493.0,493.0,493.0,493.0,493.0,493.0,493.0,493.0,493.0,493.0,493.0,493.0,493.0,493.0,493.0,493.0,493.0,493.0,493.0,452.0,452.0,452.0,496.0,496.0,496.0,452.0,452.0,452.0,452.0,496.0,452.0,452.0,452.0,452.0,452.0,452.0,496.0,452.0,452.0,452.0,496.0,496.0,452.0,452.0,452.0,452.0,452.0,496.0,452.0,452.0,452.0,452.0,496.0,496.0,452.0,452.0,452.0,496.0,496.0,452.0,452.0,496.0,452.0,452.0,452.0,452.0,452.0,452.0,452.0,452.0,452.0,452.0,496.0,496.0,496.0,452.0,452.0,452.0,452.0,452.0,452.0,2932.0,2932.0,2932.0,2932.0,2932.0,2932.0,2932.0,2932.0,2932.0,2932.0,2932.0,2932.0,2932.0,2932.0,2932.0,2932.0,2932.0,2932.0,2932.0,2932.0,2932.0,2932.0,2932.0,2932.0,2932.0,2932.0,2932.0,2932.0,2932.0,2932.0,2932.0,2932.0,2932.0,2932.0,2932.0,2932.0,2932.0,2932.0,2932.0,2932.0,2932.0,2932.0,2932.0,231.0,231.0,231.0,231.0,231.0,231.0,231.0,231.0,231.0,231.0,231.0,231.0,231.0,231.0,231.0,231.0,231.0,231.0
61,3111.0,3111.0,3111.0,3111.0,3111.0,3111.0,3040.0,3111.0,3111.0,3092.0,3111.0,2786.0,2786.0,1133.0,181.0,2610.0,562.0,3111.0,3111.0,3111.0,3111.0,3111.0,3111.0,3111.0,3111.0,3111.0,3111.0,3111.0,3111.0,3111.0,3111.0,3111.0,1696.0,1810.0,2441.0,1610.0,358.0,186.0,272.0,272.0,2888.0,1136.0,325.0,293.0,284.0,2886.0,1136.0,1136.0,1136.0,1612.0,1287.0,2418.0,971.0,971.0,971.0,1136.0,1136.0,1136.0,1136.0,1136.0,1136.0,1136.0,1136.0,1136.0,1136.0,1136.0,2888.0,2888.0,2888.0,2888.0,2888.0,2888.0,2888.0,2888.0,2888.0,2888.0,2888.0,2888.0,2888.0,2888.0,2888.0,2888.0,2888.0,2888.0,2888.0,2888.0,2888.0,2888.0,2888.0,2441.0,2441.0,2441.0,2441.0,2441.0,2441.0,2441.0,2441.0,2441.0,2441.0,2441.0,2441.0,2441.0,2441.0,2441.0,2441.0,2441.0,2441.0,2869.0,2869.0,2869.0,2869.0,2869.0,2869.0,2869.0,2869.0,2869.0,2869.0,2869.0,2869.0,2869.0,2869.0,2869.0,2869.0,2869.0,2869.0,2869.0,2869.0,2869.0,2869.0,2886.0,2886.0,2886.0,2886.0,2886.0,2886.0,2886.0,2886.0,2886.0,2886.0,2886.0,2886.0,2886.0,2886.0,2886.0,2886.0,2886.0,2886.0,2886.0,2886.0,3111.0,3111.0,3111.0,3111.0,3111.0,3111.0,3111.0,3111.0,3111.0,3111.0,3111.0,3111.0,3111.0,3111.0,3111.0,3111.0,3111.0,3111.0,3111.0,3111.0,3111.0,3111.0,3111.0,3111.0,3111.0,3111.0,3111.0,3111.0,3111.0,3111.0,3111.0,3111.0,3111.0,3111.0,3111.0,3111.0,3111.0,3111.0,3111.0,3111.0,3111.0,3111.0,3111.0,255.0,255.0,255.0,255.0,255.0,255.0,255.0,255.0,255.0,255.0,255.0,255.0,255.0,255.0,255.0,255.0,255.0,255.0,255.0,255.0,255.0,255.0,255.0,255.0,255.0,255.0,255.0,255.0,255.0,528.0,528.0,528.0,528.0,528.0,528.0,528.0,528.0,528.0,528.0,528.0,528.0,528.0,528.0,528.0,528.0,528.0,528.0,528.0,528.0,528.0,528.0,528.0,528.0,528.0,528.0,528.0,528.0,528.0,528.0,528.0,528.0,528.0,528.0,528.0,528.0,528.0,528.0,528.0,528.0,528.0,528.0,528.0,528.0,528.0,528.0,528.0,528.0,528.0,528.0,481.0,481.0,481.0,535.0,535.0,535.0,481.0,481.0,481.0,481.0,535.0,481.0,481.0,481.0,481.0,481.0,481.0,535.0,481.0,481.0,481.0,535.0,535.0,481.0,481.0,481.0,481.0,481.0,535.0,481.0,481.0,481.0,481.0,535.0,535.0,481.0,481.0,481.0,535.0,535.0,481.0,481.0,535.0,481.0,481.0,481.0,481.0,481.0,481.0,481.0,481.0,481.0,481.0,535.0,535.0,535.0,481.0,481.0,481.0,481.0,481.0,481.0,3111.0,3111.0,3111.0,3111.0,3111.0,3111.0,3111.0,3111.0,3111.0,3111.0,3111.0,3111.0,3111.0,3111.0,3111.0,3111.0,3111.0,3111.0,3111.0,3111.0,3111.0,3111.0,3111.0,3111.0,3111.0,3111.0,3111.0,3111.0,3111.0,3111.0,3111.0,3111.0,3111.0,3111.0,3111.0,3111.0,3111.0,3111.0,3111.0,3111.0,3111.0,3111.0,3111.0,255.0,255.0,255.0,255.0,255.0,255.0,255.0,255.0,255.0,255.0,255.0,255.0,255.0,255.0,255.0,255.0,255.0,255.0
62,3057.0,3057.0,3057.0,3057.0,3057.0,3057.0,2984.0,3057.0,3057.0,3034.0,3057.0,2657.0,2657.0,1475.0,238.0,2628.0,594.0,3057.0,3057.0,3057.0,3057.0,3057.0,3057.0,3057.0,3057.0,3057.0,3057.0,3057.0,3057.0,3057.0,3057.0,3057.0,1611.0,1725.0,2495.0,1587.0,419.0,219.0,300.0,300.0,2869.0,1477.0,391.0,347.0,356.0,2871.0,1479.0,1479.0,1479.0,1695.0,1290.0,2346.0,1141.0,1141.0,1141.0,1477.0,1477.0,1477.0,1477.0,1477.0,1477.0,1477.0,1477.0,1477.0,1477.0,1477.0,2869.0,2869.0,2869.0,2869.0,2869.0,2869.0,2869.0,2869.0,2869.0,2869.0,2869.0,2869.0,2869.0,2869.0,2869.0,2869.0,2869.0,2869.0,2869.0,2869.0,2869.0,2869.0,2869.0,2495.0,2495.0,2495.0,2495.0,2495.0,2495.0,2495.0,2495.0,2495.0,2495.0,2495.0,2495.0,2495.0,2495.0,2495.0,2495.0,2495.0,2495.0,2836.0,2836.0,2836.0,2836.0,2836.0,2836.0,2836.0,2836.0,2836.0,2836.0,2836.0,2836.0,2836.0,2836.0,2836.0,2836.0,2836.0,2836.0,2836.0,2836.0,2836.0,2836.0,2871.0,2871.0,2871.0,2871.0,2871.0,2871.0,2871.0,2871.0,2871.0,2871.0,2871.0,2871.0,2871.0,2871.0,2871.0,2871.0,2871.0,2871.0,2871.0,2871.0,3057.0,3057.0,3057.0,3057.0,3057.0,3057.0,3057.0,3057.0,3057.0,3057.0,3057.0,3057.0,3057.0,3057.0,3057.0,3057.0,3057.0,3057.0,3057.0,3057.0,3057.0,3057.0,3057.0,3057.0,3057.0,3057.0,3057.0,3057.0,3057.0,3057.0,3057.0,3057.0,3057.0,3057.0,3057.0,3057.0,3057.0,3057.0,3057.0,3057.0,3057.0,3057.0,3057.0,226.0,226.0,226.0,226.0,226.0,226.0,226.0,226.0,226.0,226.0,226.0,226.0,226.0,226.0,226.0,226.0,226.0,226.0,226.0,226.0,226.0,226.0,226.0,226.0,226.0,226.0,226.0,226.0,226.0,555.0,555.0,555.0,555.0,555.0,555.0,555.0,555.0,555.0,555.0,555.0,555.0,555.0,555.0,555.0,555.0,555.0,555.0,555.0,555.0,555.0,555.0,555.0,555.0,555.0,555.0,555.0,555.0,555.0,555.0,555.0,555.0,555.0,555.0,555.0,555.0,555.0,555.0,555.0,555.0,555.0,555.0,555.0,555.0,555.0,555.0,555.0,555.0,555.0,555.0,525.0,525.0,525.0,563.0,563.0,563.0,525.0,525.0,525.0,525.0,563.0,525.0,525.0,525.0,525.0,525.0,525.0,563.0,525.0,525.0,525.0,563.0,563.0,525.0,525.0,525.0,525.0,525.0,563.0,525.0,525.0,525.0,525.0,563.0,563.0,525.0,525.0,525.0,563.0,563.0,525.0,525.0,563.0,525.0,525.0,525.0,525.0,525.0,525.0,525.0,525.0,525.0,525.0,563.0,563.0,563.0,525.0,525.0,525.0,525.0,525.0,525.0,3057.0,3057.0,3057.0,3057.0,3057.0,3057.0,3057.0,3057.0,3057.0,3057.0,3057.0,3057.0,3057.0,3057.0,3057.0,3057.0,3057.0,3057.0,3057.0,3057.0,3057.0,3057.0,3057.0,3057.0,3057.0,3057.0,3057.0,3057.0,3057.0,3057.0,3057.0,3057.0,3057.0,3057.0,3057.0,3057.0,3057.0,3057.0,3057.0,3057.0,3057.0,3057.0,3057.0,227.0,227.0,227.0,227.0,227.0,227.0,227.0,227.0,227.0,227.0,227.0,227.0,227.0,227.0,227.0,227.0,227.0,227.0
63,3975.0,3975.0,3975.0,3975.0,3975.0,3975.0,3895.0,3975.0,3975.0,3962.0,3975.0,3561.0,3561.0,2030.0,231.0,3295.0,618.0,3975.0,3975.0,3975.0,3975.0,3975.0,3975.0,3975.0,3975.0,3975.0,3975.0,3975.0,3975.0,3975.0,3975.0,3975.0,2230.0,2364.0,3139.0,1986.0,434.0,196.0,290.0,290.0,3780.0,2034.0,413.0,389.0,356.0,3778.0,2032.0,2032.0,2032.0,2190.0,1757.0,3204.0,1534.0,1534.0,1534.0,2034.0,2034.0,2034.0,2034.0,2034.0,2034.0,2034.0,2034.0,2034.0,2034.0,2034.0,3780.0,3780.0,3780.0,3780.0,3780.0,3780.0,3780.0,3780.0,3780.0,3780.0,3780.0,3780.0,3780.0,3780.0,3780.0,3780.0,3780.0,3780.0,3780.0,3780.0,3780.0,3780.0,3780.0,3139.0,3139.0,3139.0,3139.0,3139.0,3139.0,3139.0,3139.0,3139.0,3139.0,3139.0,3139.0,3139.0,3139.0,3139.0,3139.0,3139.0,3139.0,3763.0,3763.0,3763.0,3763.0,3763.0,3763.0,3763.0,3763.0,3763.0,3763.0,3763.0,3763.0,3763.0,3763.0,3763.0,3763.0,3763.0,3763.0,3763.0,3763.0,3763.0,3763.0,3778.0,3778.0,3778.0,3778.0,3778.0,3778.0,3778.0,3778.0,3778.0,3778.0,3778.0,3778.0,3778.0,3778.0,3778.0,3778.0,3778.0,3778.0,3778.0,3778.0,3975.0,3975.0,3975.0,3975.0,3975.0,3975.0,3975.0,3975.0,3975.0,3975.0,3975.0,3975.0,3975.0,3975.0,3975.0,3975.0,3975.0,3975.0,3975.0,3975.0,3975.0,3975.0,3975.0,3975.0,3975.0,3975.0,3975.0,3975.0,3975.0,3975.0,3975.0,3975.0,3975.0,3975.0,3975.0,3975.0,3975.0,3975.0,3975.0,3975.0,3975.0,3975.0,3975.0,229.0,229.0,229.0,229.0,229.0,229.0,229.0,229.0,229.0,229.0,229.0,229.0,229.0,229.0,229.0,229.0,229.0,229.0,229.0,229.0,229.0,229.0,229.0,229.0,229.0,229.0,229.0,229.0,229.0,603.0,603.0,603.0,603.0,603.0,603.0,603.0,603.0,603.0,603.0,603.0,603.0,603.0,603.0,603.0,603.0,603.0,603.0,603.0,603.0,603.0,603.0,603.0,603.0,603.0,603.0,603.0,603.0,603.0,603.0,603.0,603.0,603.0,603.0,603.0,603.0,603.0,603.0,603.0,603.0,603.0,603.0,603.0,603.0,603.0,603.0,603.0,603.0,603.0,603.0,539.0,539.0,539.0,608.0,608.0,608.0,539.0,539.0,539.0,539.0,608.0,539.0,539.0,539.0,539.0,539.0,539.0,608.0,539.0,539.0,539.0,608.0,608.0,539.0,539.0,539.0,539.0,539.0,608.0,539.0,539.0,539.0,539.0,608.0,608.0,539.0,539.0,539.0,608.0,608.0,539.0,539.0,608.0,539.0,539.0,539.0,539.0,539.0,539.0,539.0,539.0,539.0,539.0,608.0,608.0,608.0,539.0,539.0,539.0,539.0,539.0,539.0,3975.0,3975.0,3975.0,3975.0,3975.0,3975.0,3975.0,3975.0,3975.0,3975.0,3975.0,3975.0,3975.0,3975.0,3975.0,3975.0,3975.0,3975.0,3975.0,3975.0,3975.0,3975.0,3975.0,3975.0,3975.0,3975.0,3975.0,3975.0,3975.0,3975.0,3975.0,3975.0,3975.0,3975.0,3975.0,3975.0,3975.0,3975.0,3975.0,3975.0,3975.0,3975.0,3975.0,229.0,229.0,229.0,229.0,229.0,229.0,229.0,229.0,229.0,229.0,229.0,229.0,229.0,229.0,229.0,229.0,229.0,229.0
64,4317.0,4317.0,4317.0,4317.0,4317.0,4317.0,4232.0,4317.0,4316.0,4299.0,4317.0,3772.0,3772.0,2089.0,281.0,3609.0,784.0,4317.0,4317.0,4317.0,4317.0,4317.0,4317.0,4317.0,4317.0,4317.0,4317.0,4317.0,4317.0,4317.0,4317.0,4317.0,2379.0,2617.0,3423.0,2256.0,569.0,323.0,426.0,426.0,4081.0,2091.0,543.0,444.0,482.0,4081.0,2091.0,2091.0,2091.0,2404.0,1833.0,3370.0,1602.0,1602.0,1602.0,2091.0,2091.0,2091.0,2091.0,2091.0,2091.0,2091.0,2091.0,2091.0,2091.0,2091.0,4081.0,4081.0,4081.0,4081.0,4081.0,4081.0,4081.0,4081.0,4081.0,4081.0,4081.0,4081.0,4081.0,4081.0,4081.0,4081.0,4081.0,4081.0,4081.0,4081.0,4081.0,4081.0,4081.0,3423.0,3423.0,3423.0,3423.0,3423.0,3423.0,3423.0,3423.0,3423.0,3423.0,3423.0,3423.0,3423.0,3423.0,3423.0,3423.0,3423.0,3423.0,4058.0,4058.0,4058.0,4058.0,4058.0,4058.0,4058.0,4058.0,4058.0,4058.0,4058.0,4058.0,4058.0,4058.0,4058.0,4058.0,4058.0,4058.0,4058.0,4058.0,4058.0,4058.0,4080.0,4080.0,4080.0,4080.0,4080.0,4080.0,4080.0,4080.0,4080.0,4080.0,4080.0,4080.0,4080.0,4080.0,4080.0,4080.0,4080.0,4080.0,4080.0,4080.0,4317.0,4317.0,4317.0,4317.0,4317.0,4317.0,4317.0,4317.0,4317.0,4317.0,4317.0,4317.0,4317.0,4317.0,4317.0,4317.0,4317.0,4317.0,4317.0,4317.0,4317.0,4317.0,4317.0,4317.0,4317.0,4317.0,4317.0,4317.0,4317.0,4317.0,4317.0,4317.0,4317.0,4317.0,4317.0,4317.0,4317.0,4317.0,4317.0,4317.0,4317.0,4317.0,4317.0,267.0,267.0,267.0,267.0,267.0,267.0,267.0,267.0,267.0,267.0,267.0,267.0,267.0,267.0,267.0,267.0,267.0,267.0,267.0,267.0,267.0,267.0,267.0,267.0,267.0,267.0,267.0,267.0,267.0,751.0,751.0,751.0,751.0,751.0,751.0,751.0,751.0,751.0,751.0,751.0,751.0,751.0,751.0,751.0,751.0,751.0,751.0,751.0,751.0,751.0,751.0,751.0,751.0,751.0,751.0,751.0,751.0,751.0,751.0,751.0,751.0,751.0,751.0,751.0,751.0,751.0,751.0,751.0,751.0,751.0,751.0,751.0,751.0,751.0,751.0,751.0,751.0,751.0,751.0,675.0,675.0,675.0,757.0,757.0,757.0,675.0,675.0,675.0,675.0,757.0,675.0,675.0,675.0,675.0,675.0,675.0,757.0,675.0,675.0,675.0,757.0,757.0,675.0,675.0,675.0,675.0,675.0,757.0,675.0,675.0,675.0,675.0,757.0,757.0,675.0,675.0,675.0,757.0,757.0,675.0,675.0,757.0,675.0,675.0,675.0,675.0,675.0,675.0,675.0,675.0,675.0,675.0,757.0,757.0,757.0,675.0,675.0,675.0,675.0,675.0,675.0,4317.0,4317.0,4317.0,4317.0,4317.0,4317.0,4317.0,4317.0,4317.0,4317.0,4317.0,4317.0,4317.0,4317.0,4317.0,4317.0,4317.0,4317.0,4317.0,4317.0,4317.0,4317.0,4317.0,4317.0,4317.0,4317.0,4317.0,4317.0,4317.0,4317.0,4317.0,4317.0,4317.0,4317.0,4317.0,4317.0,4317.0,4317.0,4317.0,4317.0,4317.0,4317.0,4317.0,267.0,267.0,267.0,267.0,267.0,267.0,267.0,267.0,267.0,267.0,267.0,267.0,267.0,267.0,267.0,267.0,267.0,267.0
65,3209.0,3209.0,3209.0,3209.0,3209.0,3209.0,3125.0,3209.0,3209.0,3195.0,3209.0,2814.0,2814.0,1416.0,159.0,2721.0,572.0,3209.0,3209.0,3209.0,3209.0,3209.0,3209.0,3209.0,3209.0,3209.0,3209.0,3209.0,3209.0,3209.0,3209.0,3209.0,1744.0,1902.0,2568.0,1698.0,401.0,184.0,268.0,268.0,3024.0,1421.0,392.0,343.0,331.0,3021.0,1423.0,1423.0,1423.0,1836.0,1431.0,2529.0,955.0,955.0,955.0,1421.0,1421.0,1421.0,1421.0,1421.0,1421.0,1421.0,1421.0,1421.0,1421.0,1421.0,3024.0,3024.0,3024.0,3024.0,3024.0,3024.0,3024.0,3024.0,3024.0,3024.0,3024.0,3024.0,3024.0,3024.0,3024.0,3024.0,3024.0,3024.0,3024.0,3024.0,3024.0,3024.0,3024.0,2568.0,2568.0,2568.0,2568.0,2568.0,2568.0,2568.0,2568.0,2568.0,2568.0,2568.0,2568.0,2568.0,2568.0,2568.0,2568.0,2568.0,2568.0,3005.0,3005.0,3005.0,3005.0,3005.0,3005.0,3005.0,3005.0,3005.0,3005.0,3005.0,3005.0,3005.0,3005.0,3005.0,3005.0,3005.0,3005.0,3005.0,3005.0,3005.0,3005.0,3021.0,3021.0,3021.0,3021.0,3021.0,3021.0,3021.0,3021.0,3021.0,3021.0,3021.0,3021.0,3021.0,3021.0,3021.0,3021.0,3021.0,3021.0,3021.0,3021.0,3209.0,3209.0,3209.0,3209.0,3209.0,3209.0,3209.0,3209.0,3209.0,3209.0,3209.0,3209.0,3209.0,3209.0,3209.0,3209.0,3209.0,3209.0,3209.0,3209.0,3209.0,3209.0,3209.0,3209.0,3209.0,3209.0,3209.0,3209.0,3209.0,3209.0,3209.0,3209.0,3209.0,3209.0,3209.0,3209.0,3209.0,3209.0,3209.0,3209.0,3209.0,3209.0,3209.0,200.0,200.0,200.0,200.0,200.0,200.0,200.0,200.0,200.0,200.0,200.0,200.0,200.0,200.0,200.0,200.0,200.0,200.0,200.0,200.0,200.0,200.0,200.0,200.0,200.0,200.0,200.0,200.0,200.0,551.0,551.0,551.0,551.0,551.0,551.0,551.0,551.0,551.0,551.0,551.0,551.0,551.0,551.0,551.0,551.0,551.0,551.0,551.0,551.0,551.0,551.0,551.0,551.0,551.0,551.0,551.0,551.0,551.0,551.0,551.0,551.0,551.0,551.0,551.0,551.0,551.0,551.0,551.0,551.0,551.0,551.0,551.0,551.0,551.0,551.0,551.0,551.0,551.0,551.0,514.0,514.0,514.0,551.0,551.0,551.0,514.0,514.0,514.0,514.0,551.0,514.0,514.0,514.0,514.0,514.0,514.0,551.0,514.0,514.0,514.0,551.0,551.0,514.0,514.0,514.0,514.0,514.0,551.0,514.0,514.0,514.0,514.0,551.0,551.0,514.0,514.0,514.0,551.0,551.0,514.0,514.0,551.0,514.0,514.0,514.0,514.0,514.0,514.0,514.0,514.0,514.0,514.0,551.0,551.0,551.0,514.0,514.0,514.0,514.0,514.0,514.0,3209.0,3209.0,3209.0,3209.0,3209.0,3209.0,3209.0,3209.0,3209.0,3209.0,3209.0,3209.0,3209.0,3209.0,3209.0,3209.0,3209.0,3209.0,3209.0,3209.0,3209.0,3209.0,3209.0,3209.0,3209.0,3209.0,3209.0,3209.0,3209.0,3209.0,3209.0,3209.0,3209.0,3209.0,3209.0,3209.0,3209.0,3209.0,3209.0,3209.0,3209.0,3209.0,3209.0,202.0,202.0,202.0,202.0,202.0,202.0,202.0,202.0,202.0,202.0,202.0,202.0,202.0,202.0,202.0,202.0,202.0,202.0
66,2584.0,2584.0,2584.0,2584.0,2584.0,2584.0,2527.0,2584.0,2584.0,2564.0,2584.0,2236.0,2236.0,1115.0,135.0,2234.0,474.0,2584.0,2584.0,2584.0,2584.0,2584.0,2584.0,2584.0,2584.0,2584.0,2584.0,2584.0,2584.0,2584.0,2584.0,2584.0,1471.0,1559.0,2120.0,1396.0,353.0,178.0,214.0,214.0,2448.0,1123.0,343.0,309.0,271.0,2453.0,1123.0,1123.0,1123.0,1477.0,1123.0,2012.0,780.0,780.0,780.0,1123.0,1123.0,1123.0,1123.0,1123.0,1123.0,1123.0,1123.0,1123.0,1123.0,1123.0,2448.0,2448.0,2448.0,2448.0,2448.0,2448.0,2448.0,2448.0,2448.0,2448.0,2448.0,2448.0,2448.0,2448.0,2448.0,2448.0,2448.0,2448.0,2448.0,2448.0,2448.0,2448.0,2448.0,2120.0,2120.0,2120.0,2120.0,2120.0,2120.0,2120.0,2120.0,2120.0,2120.0,2120.0,2120.0,2120.0,2120.0,2120.0,2120.0,2120.0,2120.0,2429.0,2429.0,2429.0,2429.0,2429.0,2429.0,2429.0,2429.0,2429.0,2429.0,2429.0,2429.0,2429.0,2429.0,2429.0,2429.0,2429.0,2429.0,2429.0,2429.0,2429.0,2429.0,2453.0,2453.0,2453.0,2453.0,2453.0,2453.0,2453.0,2453.0,2453.0,2453.0,2453.0,2453.0,2453.0,2453.0,2453.0,2453.0,2453.0,2453.0,2453.0,2453.0,2584.0,2584.0,2584.0,2584.0,2584.0,2584.0,2584.0,2584.0,2584.0,2584.0,2584.0,2584.0,2584.0,2584.0,2584.0,2584.0,2584.0,2584.0,2584.0,2584.0,2584.0,2584.0,2584.0,2584.0,2584.0,2584.0,2584.0,2584.0,2584.0,2584.0,2584.0,2584.0,2584.0,2584.0,2584.0,2584.0,2584.0,2584.0,2584.0,2584.0,2584.0,2584.0,2584.0,148.0,148.0,148.0,148.0,148.0,148.0,148.0,148.0,148.0,148.0,148.0,148.0,148.0,148.0,148.0,148.0,148.0,148.0,148.0,148.0,148.0,148.0,148.0,148.0,148.0,148.0,148.0,148.0,148.0,452.0,452.0,452.0,452.0,452.0,452.0,452.0,452.0,452.0,452.0,452.0,452.0,452.0,452.0,452.0,452.0,452.0,452.0,452.0,452.0,452.0,452.0,452.0,452.0,452.0,452.0,452.0,452.0,452.0,452.0,452.0,452.0,452.0,452.0,452.0,452.0,452.0,452.0,452.0,452.0,452.0,452.0,452.0,452.0,452.0,452.0,452.0,452.0,452.0,452.0,408.0,408.0,408.0,455.0,455.0,455.0,408.0,408.0,408.0,408.0,455.0,408.0,408.0,408.0,408.0,408.0,408.0,455.0,408.0,408.0,408.0,455.0,455.0,408.0,408.0,408.0,408.0,408.0,455.0,408.0,408.0,408.0,408.0,455.0,455.0,408.0,408.0,408.0,455.0,455.0,408.0,408.0,455.0,408.0,408.0,408.0,408.0,408.0,408.0,408.0,408.0,408.0,408.0,455.0,455.0,455.0,408.0,408.0,408.0,408.0,408.0,408.0,2584.0,2584.0,2584.0,2584.0,2584.0,2584.0,2584.0,2584.0,2584.0,2584.0,2584.0,2584.0,2584.0,2584.0,2584.0,2584.0,2584.0,2584.0,2584.0,2584.0,2584.0,2584.0,2584.0,2584.0,2584.0,2584.0,2584.0,2584.0,2584.0,2584.0,2584.0,2584.0,2584.0,2584.0,2584.0,2584.0,2584.0,2584.0,2584.0,2584.0,2584.0,2584.0,2584.0,148.0,148.0,148.0,148.0,148.0,148.0,148.0,148.0,148.0,148.0,148.0,148.0,148.0,148.0,148.0,148.0,148.0,148.0
67,3223.0,3223.0,3223.0,3223.0,3223.0,3223.0,3159.0,3223.0,3223.0,3211.0,3223.0,2834.0,2834.0,1503.0,143.0,2713.0,561.0,3223.0,3223.0,3223.0,3223.0,3223.0,3223.0,3223.0,3223.0,3223.0,3223.0,3223.0,3223.0,3223.0,3223.0,3223.0,1822.0,1948.0,2584.0,1730.0,403.0,198.0,265.0,265.0,3052.0,1497.0,386.0,365.0,337.0,3051.0,1496.0,1496.0,1496.0,1571.0,1171.0,2538.0,1158.0,1158.0,1158.0,1497.0,1497.0,1497.0,1497.0,1497.0,1497.0,1497.0,1497.0,1497.0,1497.0,1497.0,3052.0,3052.0,3052.0,3052.0,3052.0,3052.0,3052.0,3052.0,3052.0,3052.0,3052.0,3052.0,3052.0,3052.0,3052.0,3052.0,3052.0,3052.0,3052.0,3052.0,3052.0,3052.0,3052.0,2584.0,2584.0,2584.0,2584.0,2584.0,2584.0,2584.0,2584.0,2584.0,2584.0,2584.0,2584.0,2584.0,2584.0,2584.0,2584.0,2584.0,2584.0,3027.0,3027.0,3027.0,3027.0,3027.0,3027.0,3027.0,3027.0,3027.0,3027.0,3027.0,3027.0,3027.0,3027.0,3027.0,3027.0,3027.0,3027.0,3027.0,3027.0,3027.0,3027.0,3051.0,3051.0,3051.0,3051.0,3051.0,3051.0,3051.0,3051.0,3051.0,3051.0,3051.0,3051.0,3051.0,3051.0,3051.0,3051.0,3051.0,3051.0,3051.0,3051.0,3223.0,3223.0,3223.0,3223.0,3223.0,3223.0,3223.0,3223.0,3223.0,3223.0,3223.0,3223.0,3223.0,3223.0,3223.0,3223.0,3223.0,3223.0,3223.0,3223.0,3223.0,3223.0,3223.0,3223.0,3223.0,3223.0,3223.0,3223.0,3223.0,3223.0,3223.0,3223.0,3223.0,3223.0,3223.0,3223.0,3223.0,3223.0,3223.0,3223.0,3223.0,3223.0,3223.0,187.0,187.0,187.0,187.0,187.0,187.0,187.0,187.0,187.0,187.0,187.0,187.0,187.0,187.0,187.0,187.0,187.0,187.0,187.0,187.0,187.0,187.0,187.0,187.0,187.0,187.0,187.0,187.0,187.0,539.0,539.0,539.0,539.0,539.0,539.0,539.0,539.0,539.0,539.0,539.0,539.0,539.0,539.0,539.0,539.0,539.0,539.0,539.0,539.0,539.0,539.0,539.0,539.0,539.0,539.0,539.0,539.0,539.0,539.0,539.0,539.0,539.0,539.0,539.0,539.0,539.0,539.0,539.0,539.0,539.0,539.0,539.0,539.0,539.0,539.0,539.0,539.0,539.0,539.0,498.0,498.0,498.0,545.0,545.0,545.0,498.0,498.0,498.0,498.0,545.0,498.0,498.0,498.0,498.0,498.0,498.0,545.0,498.0,498.0,498.0,545.0,545.0,498.0,498.0,498.0,498.0,498.0,545.0,498.0,498.0,498.0,498.0,545.0,545.0,498.0,498.0,498.0,545.0,545.0,498.0,498.0,545.0,498.0,498.0,498.0,498.0,498.0,498.0,498.0,498.0,498.0,498.0,545.0,545.0,545.0,498.0,498.0,498.0,498.0,498.0,498.0,3223.0,3223.0,3223.0,3223.0,3223.0,3223.0,3223.0,3223.0,3223.0,3223.0,3223.0,3223.0,3223.0,3223.0,3223.0,3223.0,3223.0,3223.0,3223.0,3223.0,3223.0,3223.0,3223.0,3223.0,3223.0,3223.0,3223.0,3223.0,3223.0,3223.0,3223.0,3223.0,3223.0,3223.0,3223.0,3223.0,3223.0,3223.0,3223.0,3223.0,3223.0,3223.0,3223.0,191.0,191.0,191.0,191.0,191.0,191.0,191.0,191.0,191.0,191.0,191.0,191.0,191.0,191.0,191.0,191.0,191.0,191.0
68,3158.0,3158.0,3158.0,3158.0,3158.0,3158.0,3086.0,3158.0,3158.0,3142.0,3158.0,2891.0,2891.0,1583.0,139.0,2704.0,480.0,3158.0,3158.0,3158.0,3158.0,3158.0,3158.0,3158.0,3158.0,3158.0,3158.0,3158.0,3158.0,3158.0,3158.0,3158.0,1727.0,1846.0,2546.0,1678.0,286.0,149.0,242.0,242.0,2963.0,1585.0,264.0,239.0,214.0,2957.0,1586.0,1586.0,1586.0,1528.0,1249.0,2540.0,1261.0,1261.0,1261.0,1585.0,1585.0,1585.0,1585.0,1585.0,1585.0,1585.0,1585.0,1585.0,1585.0,1585.0,2963.0,2963.0,2963.0,2963.0,2963.0,2963.0,2963.0,2963.0,2963.0,2963.0,2963.0,2963.0,2963.0,2963.0,2963.0,2963.0,2963.0,2963.0,2963.0,2963.0,2963.0,2963.0,2963.0,2545.0,2545.0,2545.0,2545.0,2545.0,2545.0,2545.0,2545.0,2545.0,2545.0,2545.0,2545.0,2545.0,2545.0,2545.0,2545.0,2545.0,2545.0,2941.0,2941.0,2941.0,2941.0,2941.0,2941.0,2941.0,2941.0,2941.0,2941.0,2941.0,2941.0,2941.0,2941.0,2941.0,2941.0,2941.0,2941.0,2941.0,2941.0,2941.0,2941.0,2957.0,2957.0,2957.0,2957.0,2957.0,2957.0,2957.0,2957.0,2957.0,2957.0,2957.0,2957.0,2957.0,2957.0,2957.0,2957.0,2957.0,2957.0,2957.0,2957.0,3158.0,3158.0,3158.0,3158.0,3158.0,3158.0,3158.0,3158.0,3158.0,3158.0,3158.0,3158.0,3158.0,3158.0,3158.0,3158.0,3158.0,3158.0,3158.0,3158.0,3158.0,3158.0,3158.0,3158.0,3158.0,3158.0,3158.0,3158.0,3158.0,3158.0,3158.0,3158.0,3158.0,3158.0,3158.0,3158.0,3158.0,3158.0,3158.0,3158.0,3158.0,3158.0,3158.0,233.0,233.0,233.0,233.0,233.0,233.0,233.0,233.0,233.0,233.0,233.0,233.0,233.0,233.0,233.0,233.0,233.0,233.0,233.0,233.0,233.0,233.0,233.0,233.0,233.0,233.0,233.0,233.0,233.0,453.0,453.0,453.0,453.0,453.0,453.0,453.0,453.0,453.0,453.0,453.0,453.0,453.0,453.0,453.0,453.0,453.0,453.0,453.0,453.0,453.0,453.0,453.0,453.0,453.0,453.0,453.0,453.0,453.0,453.0,453.0,453.0,453.0,453.0,453.0,453.0,453.0,453.0,453.0,453.0,453.0,453.0,453.0,453.0,453.0,453.0,453.0,453.0,453.0,453.0,404.0,404.0,404.0,462.0,462.0,462.0,404.0,404.0,404.0,404.0,462.0,404.0,404.0,404.0,404.0,404.0,404.0,462.0,404.0,404.0,404.0,462.0,462.0,404.0,404.0,404.0,404.0,404.0,462.0,404.0,404.0,404.0,404.0,462.0,462.0,404.0,404.0,404.0,462.0,462.0,404.0,404.0,462.0,404.0,404.0,404.0,404.0,404.0,404.0,404.0,404.0,404.0,404.0,462.0,462.0,462.0,404.0,404.0,404.0,404.0,404.0,404.0,3158.0,3158.0,3158.0,3158.0,3158.0,3158.0,3158.0,3158.0,3158.0,3158.0,3158.0,3158.0,3158.0,3158.0,3158.0,3158.0,3158.0,3158.0,3158.0,3158.0,3158.0,3158.0,3158.0,3158.0,3158.0,3158.0,3158.0,3158.0,3158.0,3158.0,3158.0,3158.0,3158.0,3158.0,3158.0,3158.0,3158.0,3158.0,3158.0,3158.0,3158.0,3158.0,3158.0,234.0,234.0,234.0,234.0,234.0,234.0,234.0,234.0,234.0,234.0,234.0,234.0,234.0,234.0,234.0,234.0,234.0,234.0
69,3130.0,3130.0,3130.0,3130.0,3130.0,3130.0,3066.0,3130.0,3130.0,3109.0,3130.0,2823.0,2823.0,1609.0,280.0,2681.0,533.0,3130.0,3130.0,3130.0,3130.0,3130.0,3130.0,3130.0,3130.0,3130.0,3130.0,3130.0,3130.0,3130.0,3130.0,3130.0,1706.0,1820.0,2520.0,1658.0,326.0,173.0,273.0,273.0,2916.0,1615.0,305.0,267.0,273.0,2921.0,1614.0,1614.0,1614.0,1658.0,1335.0,2484.0,1287.0,1287.0,1287.0,1615.0,1615.0,1615.0,1615.0,1615.0,1615.0,1615.0,1615.0,1615.0,1615.0,1615.0,2916.0,2916.0,2916.0,2916.0,2916.0,2916.0,2916.0,2916.0,2916.0,2916.0,2916.0,2916.0,2916.0,2916.0,2916.0,2916.0,2916.0,2916.0,2916.0,2916.0,2916.0,2916.0,2916.0,2519.0,2519.0,2519.0,2519.0,2519.0,2519.0,2519.0,2519.0,2519.0,2519.0,2519.0,2519.0,2519.0,2519.0,2519.0,2519.0,2519.0,2519.0,2892.0,2892.0,2892.0,2892.0,2892.0,2892.0,2892.0,2892.0,2892.0,2892.0,2892.0,2892.0,2892.0,2892.0,2892.0,2892.0,2892.0,2892.0,2892.0,2892.0,2892.0,2892.0,2920.0,2920.0,2920.0,2920.0,2920.0,2920.0,2920.0,2920.0,2920.0,2920.0,2920.0,2920.0,2920.0,2920.0,2920.0,2920.0,2920.0,2920.0,2920.0,2920.0,3130.0,3130.0,3130.0,3130.0,3130.0,3130.0,3130.0,3130.0,3130.0,3130.0,3130.0,3130.0,3130.0,3130.0,3130.0,3130.0,3130.0,3130.0,3130.0,3130.0,3130.0,3130.0,3130.0,3130.0,3130.0,3130.0,3130.0,3130.0,3130.0,3130.0,3130.0,3130.0,3130.0,3130.0,3130.0,3130.0,3130.0,3130.0,3130.0,3130.0,3130.0,3130.0,3130.0,241.0,241.0,241.0,241.0,241.0,241.0,241.0,241.0,241.0,241.0,241.0,241.0,241.0,241.0,241.0,241.0,241.0,241.0,241.0,241.0,241.0,241.0,241.0,241.0,241.0,241.0,241.0,241.0,241.0,503.0,503.0,503.0,503.0,503.0,503.0,503.0,503.0,503.0,503.0,503.0,503.0,503.0,503.0,503.0,503.0,503.0,503.0,503.0,503.0,503.0,503.0,503.0,503.0,503.0,503.0,503.0,503.0,503.0,503.0,503.0,503.0,503.0,503.0,503.0,503.0,503.0,503.0,503.0,503.0,503.0,503.0,503.0,503.0,503.0,503.0,503.0,503.0,503.0,503.0,475.0,475.0,475.0,507.0,507.0,507.0,475.0,475.0,475.0,475.0,507.0,475.0,475.0,475.0,475.0,475.0,475.0,507.0,475.0,475.0,475.0,507.0,507.0,475.0,475.0,475.0,475.0,475.0,507.0,475.0,475.0,475.0,475.0,507.0,507.0,475.0,475.0,475.0,507.0,507.0,475.0,475.0,507.0,475.0,475.0,475.0,475.0,475.0,475.0,475.0,475.0,475.0,475.0,507.0,507.0,507.0,475.0,475.0,475.0,475.0,475.0,475.0,3130.0,3130.0,3130.0,3130.0,3130.0,3130.0,3130.0,3130.0,3130.0,3130.0,3130.0,3130.0,3130.0,3130.0,3130.0,3130.0,3130.0,3130.0,3130.0,3130.0,3130.0,3130.0,3130.0,3130.0,3130.0,3130.0,3130.0,3130.0,3130.0,3130.0,3130.0,3130.0,3130.0,3130.0,3130.0,3130.0,3130.0,3130.0,3130.0,3130.0,3130.0,3130.0,3130.0,244.0,244.0,244.0,244.0,244.0,244.0,244.0,244.0,244.0,244.0,244.0,244.0,244.0,244.0,244.0,244.0,244.0,244.0
70,2913.0,2913.0,2913.0,2913.0,2913.0,2913.0,2839.0,2912.0,2912.0,2892.0,2912.0,2499.0,2499.0,1347.0,353.0,2507.0,662.0,2913.0,2913.0,2913.0,2913.0,2913.0,2913.0,2913.0,2913.0,2913.0,2913.0,2913.0,2913.0,2913.0,2913.0,2912.0,1552.0,1625.0,2311.0,1475.0,430.0,207.0,343.0,343.0,2668.0,1346.0,412.0,377.0,380.0,2665.0,1345.0,1345.0,1345.0,1640.0,1205.0,2145.0,1107.0,1107.0,1107.0,1346.0,1346.0,1346.0,1346.0,1346.0,1346.0,1346.0,1346.0,1346.0,1346.0,1346.0,2668.0,2668.0,2668.0,2668.0,2668.0,2668.0,2668.0,2668.0,2668.0,2668.0,2668.0,2668.0,2668.0,2668.0,2668.0,2668.0,2668.0,2668.0,2668.0,2668.0,2668.0,2668.0,2668.0,2311.0,2311.0,2311.0,2311.0,2311.0,2311.0,2311.0,2311.0,2311.0,2311.0,2311.0,2311.0,2311.0,2311.0,2311.0,2311.0,2311.0,2311.0,2646.0,2646.0,2646.0,2646.0,2646.0,2646.0,2646.0,2646.0,2646.0,2646.0,2646.0,2646.0,2646.0,2646.0,2646.0,2646.0,2646.0,2646.0,2646.0,2646.0,2646.0,2646.0,2665.0,2665.0,2665.0,2665.0,2665.0,2665.0,2665.0,2665.0,2665.0,2665.0,2665.0,2665.0,2665.0,2665.0,2665.0,2665.0,2665.0,2665.0,2665.0,2665.0,2913.0,2913.0,2913.0,2913.0,2913.0,2913.0,2913.0,2913.0,2913.0,2913.0,2913.0,2913.0,2913.0,2913.0,2913.0,2913.0,2913.0,2913.0,2913.0,2913.0,2913.0,2913.0,2913.0,2913.0,2913.0,2913.0,2913.0,2913.0,2913.0,2913.0,2913.0,2913.0,2913.0,2913.0,2913.0,2913.0,2913.0,2913.0,2913.0,2913.0,2913.0,2913.0,2913.0,270.0,270.0,270.0,270.0,270.0,270.0,270.0,270.0,270.0,270.0,270.0,270.0,270.0,270.0,270.0,270.0,270.0,270.0,270.0,270.0,270.0,270.0,270.0,270.0,270.0,270.0,270.0,270.0,270.0,643.0,643.0,643.0,643.0,643.0,643.0,643.0,643.0,643.0,643.0,643.0,643.0,643.0,643.0,643.0,643.0,643.0,643.0,643.0,643.0,643.0,643.0,643.0,643.0,643.0,643.0,643.0,643.0,643.0,643.0,643.0,643.0,643.0,643.0,643.0,643.0,643.0,643.0,643.0,643.0,643.0,643.0,643.0,643.0,643.0,643.0,643.0,643.0,643.0,643.0,589.0,589.0,589.0,644.0,644.0,644.0,589.0,589.0,589.0,589.0,644.0,589.0,589.0,589.0,589.0,589.0,589.0,644.0,589.0,589.0,589.0,644.0,644.0,589.0,589.0,589.0,589.0,589.0,644.0,589.0,589.0,589.0,589.0,644.0,644.0,589.0,589.0,589.0,644.0,644.0,589.0,589.0,644.0,589.0,589.0,589.0,589.0,589.0,589.0,589.0,589.0,589.0,589.0,644.0,644.0,644.0,589.0,589.0,589.0,589.0,589.0,589.0,2912.0,2912.0,2912.0,2912.0,2912.0,2912.0,2912.0,2912.0,2912.0,2912.0,2912.0,2912.0,2912.0,2912.0,2912.0,2912.0,2912.0,2912.0,2912.0,2912.0,2912.0,2912.0,2912.0,2912.0,2912.0,2912.0,2912.0,2912.0,2912.0,2912.0,2912.0,2912.0,2912.0,2912.0,2912.0,2912.0,2912.0,2912.0,2912.0,2912.0,2912.0,2912.0,2912.0,272.0,272.0,272.0,272.0,272.0,272.0,272.0,272.0,272.0,272.0,272.0,272.0,272.0,272.0,272.0,272.0,272.0,272.0
71,3267.0,3267.0,3267.0,3267.0,3267.0,3267.0,3199.0,3267.0,3267.0,3245.0,3267.0,2764.0,2764.0,1524.0,424.0,2856.0,735.0,3267.0,3267.0,3267.0,3267.0,3267.0,3267.0,3267.0,3267.0,3267.0,3267.0,3267.0,3267.0,3267.0,3267.0,3267.0,1789.0,1894.0,2684.0,1743.0,527.0,268.0,369.0,369.0,3040.0,1529.0,498.0,453.0,433.0,3053.0,1529.0,1529.0,1529.0,1946.0,1418.0,2407.0,1189.0,1189.0,1189.0,1529.0,1529.0,1529.0,1529.0,1529.0,1529.0,1529.0,1529.0,1529.0,1529.0,1529.0,3040.0,3040.0,3040.0,3040.0,3040.0,3040.0,3040.0,3040.0,3040.0,3040.0,3040.0,3040.0,3040.0,3040.0,3040.0,3040.0,3040.0,3040.0,3040.0,3040.0,3040.0,3040.0,3040.0,2683.0,2683.0,2683.0,2683.0,2683.0,2683.0,2683.0,2683.0,2683.0,2683.0,2683.0,2683.0,2683.0,2683.0,2683.0,2683.0,2683.0,2683.0,3023.0,3023.0,3023.0,3023.0,3023.0,3023.0,3023.0,3023.0,3023.0,3023.0,3023.0,3023.0,3023.0,3023.0,3023.0,3023.0,3023.0,3023.0,3023.0,3023.0,3023.0,3023.0,3053.0,3053.0,3053.0,3053.0,3053.0,3053.0,3053.0,3053.0,3053.0,3053.0,3053.0,3053.0,3053.0,3053.0,3053.0,3053.0,3053.0,3053.0,3053.0,3053.0,3267.0,3267.0,3267.0,3267.0,3267.0,3267.0,3267.0,3267.0,3267.0,3267.0,3267.0,3267.0,3267.0,3267.0,3267.0,3267.0,3267.0,3267.0,3267.0,3267.0,3267.0,3267.0,3267.0,3267.0,3267.0,3267.0,3267.0,3267.0,3267.0,3267.0,3267.0,3267.0,3267.0,3267.0,3267.0,3267.0,3267.0,3267.0,3267.0,3267.0,3267.0,3267.0,3267.0,255.0,255.0,255.0,255.0,255.0,255.0,255.0,255.0,255.0,255.0,255.0,255.0,255.0,255.0,255.0,255.0,255.0,255.0,255.0,255.0,255.0,255.0,255.0,255.0,255.0,255.0,255.0,255.0,255.0,699.0,699.0,699.0,699.0,699.0,699.0,699.0,699.0,699.0,699.0,699.0,699.0,699.0,699.0,699.0,699.0,699.0,699.0,699.0,699.0,699.0,699.0,699.0,699.0,699.0,699.0,699.0,699.0,699.0,699.0,699.0,699.0,699.0,699.0,699.0,699.0,699.0,699.0,699.0,699.0,699.0,699.0,699.0,699.0,699.0,699.0,699.0,699.0,699.0,699.0,654.0,654.0,654.0,701.0,701.0,701.0,654.0,654.0,654.0,654.0,701.0,654.0,654.0,654.0,654.0,654.0,654.0,701.0,654.0,654.0,654.0,701.0,701.0,654.0,654.0,654.0,654.0,654.0,701.0,654.0,654.0,654.0,654.0,701.0,701.0,654.0,654.0,654.0,701.0,701.0,654.0,654.0,701.0,654.0,654.0,654.0,654.0,654.0,654.0,654.0,654.0,654.0,654.0,701.0,701.0,701.0,654.0,654.0,654.0,654.0,654.0,654.0,3267.0,3267.0,3267.0,3267.0,3267.0,3267.0,3267.0,3267.0,3267.0,3267.0,3267.0,3267.0,3267.0,3267.0,3267.0,3267.0,3267.0,3267.0,3267.0,3267.0,3267.0,3267.0,3267.0,3267.0,3267.0,3267.0,3267.0,3267.0,3267.0,3267.0,3267.0,3267.0,3267.0,3267.0,3267.0,3267.0,3267.0,3267.0,3267.0,3267.0,3267.0,3267.0,3267.0,256.0,256.0,256.0,256.0,256.0,256.0,256.0,256.0,256.0,256.0,256.0,256.0,256.0,256.0,256.0,256.0,256.0,256.0
72,2744.0,2744.0,2744.0,2744.0,2744.0,2744.0,2697.0,2744.0,2744.0,2730.0,2744.0,2432.0,2432.0,1244.0,289.0,2307.0,529.0,2744.0,2744.0,2744.0,2744.0,2744.0,2744.0,2744.0,2744.0,2744.0,2744.0,2744.0,2744.0,2744.0,2744.0,2744.0,1422.0,1512.0,2113.0,1328.0,314.0,127.0,229.0,229.0,2501.0,1245.0,292.0,273.0,245.0,2423.0,1246.0,1246.0,1246.0,1616.0,1305.0,1994.0,909.0,909.0,909.0,1245.0,1245.0,1245.0,1245.0,1245.0,1245.0,1245.0,1245.0,1245.0,1245.0,1245.0,2501.0,2501.0,2501.0,2501.0,2501.0,2501.0,2501.0,2501.0,2501.0,2501.0,2501.0,2501.0,2501.0,2501.0,2501.0,2501.0,2501.0,2501.0,2501.0,2501.0,2501.0,2501.0,2501.0,2112.0,2112.0,2112.0,2112.0,2112.0,2112.0,2112.0,2112.0,2112.0,2112.0,2112.0,2112.0,2112.0,2112.0,2112.0,2112.0,2112.0,2112.0,2510.0,2510.0,2510.0,2510.0,2510.0,2510.0,2510.0,2510.0,2510.0,2510.0,2510.0,2510.0,2510.0,2510.0,2510.0,2510.0,2510.0,2510.0,2510.0,2510.0,2510.0,2510.0,2423.0,2423.0,2423.0,2423.0,2423.0,2423.0,2423.0,2423.0,2423.0,2423.0,2423.0,2423.0,2423.0,2423.0,2423.0,2423.0,2423.0,2423.0,2423.0,2423.0,2744.0,2744.0,2744.0,2744.0,2744.0,2744.0,2744.0,2744.0,2744.0,2744.0,2744.0,2744.0,2744.0,2744.0,2744.0,2744.0,2744.0,2744.0,2744.0,2744.0,2744.0,2744.0,2744.0,2744.0,2744.0,2744.0,2744.0,2744.0,2744.0,2744.0,2744.0,2744.0,2744.0,2744.0,2744.0,2744.0,2744.0,2744.0,2744.0,2744.0,2744.0,2744.0,2744.0,250.0,250.0,250.0,250.0,250.0,250.0,250.0,250.0,250.0,250.0,250.0,250.0,250.0,250.0,250.0,250.0,250.0,250.0,250.0,250.0,250.0,250.0,250.0,250.0,250.0,250.0,250.0,250.0,250.0,506.0,506.0,506.0,506.0,506.0,506.0,506.0,506.0,506.0,506.0,506.0,506.0,506.0,506.0,506.0,506.0,506.0,506.0,506.0,506.0,506.0,506.0,506.0,506.0,506.0,506.0,506.0,506.0,506.0,506.0,506.0,506.0,506.0,506.0,506.0,506.0,506.0,506.0,506.0,506.0,506.0,506.0,506.0,506.0,506.0,506.0,506.0,506.0,506.0,506.0,471.0,471.0,471.0,517.0,517.0,517.0,471.0,471.0,471.0,471.0,517.0,471.0,471.0,471.0,471.0,471.0,471.0,517.0,471.0,471.0,471.0,517.0,517.0,471.0,471.0,471.0,471.0,471.0,517.0,471.0,471.0,471.0,471.0,517.0,517.0,471.0,471.0,471.0,517.0,517.0,471.0,471.0,517.0,471.0,471.0,471.0,471.0,471.0,471.0,471.0,471.0,471.0,471.0,517.0,517.0,517.0,471.0,471.0,471.0,471.0,471.0,471.0,2744.0,2744.0,2744.0,2744.0,2744.0,2744.0,2744.0,2744.0,2744.0,2744.0,2744.0,2744.0,2744.0,2744.0,2744.0,2744.0,2744.0,2744.0,2744.0,2744.0,2744.0,2744.0,2744.0,2744.0,2744.0,2744.0,2744.0,2744.0,2744.0,2744.0,2744.0,2744.0,2744.0,2744.0,2744.0,2744.0,2744.0,2744.0,2744.0,2744.0,2744.0,2744.0,2744.0,250.0,250.0,250.0,250.0,250.0,250.0,250.0,250.0,250.0,250.0,250.0,250.0,250.0,250.0,250.0,250.0,250.0,250.0
73,2304.0,2304.0,2304.0,2304.0,2304.0,2304.0,2266.0,2304.0,2304.0,2296.0,2304.0,1965.0,1965.0,1003.0,307.0,1972.0,548.0,2304.0,2304.0,2304.0,2304.0,2304.0,2304.0,2304.0,2304.0,2304.0,2304.0,2304.0,2304.0,2304.0,2304.0,2303.0,1284.0,1357.0,1816.0,1217.0,367.0,205.0,257.0,257.0,2118.0,1006.0,337.0,303.0,280.0,2116.0,1006.0,1006.0,1006.0,1277.0,923.0,1658.0,764.0,764.0,764.0,1006.0,1006.0,1006.0,1006.0,1006.0,1006.0,1006.0,1006.0,1006.0,1006.0,1006.0,2118.0,2118.0,2118.0,2118.0,2118.0,2118.0,2118.0,2118.0,2118.0,2118.0,2118.0,2118.0,2118.0,2118.0,2118.0,2118.0,2118.0,2118.0,2118.0,2118.0,2118.0,2118.0,2118.0,1816.0,1816.0,1816.0,1816.0,1816.0,1816.0,1816.0,1816.0,1816.0,1816.0,1816.0,1816.0,1816.0,1816.0,1816.0,1816.0,1816.0,1816.0,2093.0,2093.0,2093.0,2093.0,2093.0,2093.0,2093.0,2093.0,2093.0,2093.0,2093.0,2093.0,2093.0,2093.0,2093.0,2093.0,2093.0,2093.0,2093.0,2093.0,2093.0,2093.0,2116.0,2116.0,2116.0,2116.0,2116.0,2116.0,2116.0,2116.0,2116.0,2116.0,2116.0,2116.0,2116.0,2116.0,2116.0,2116.0,2116.0,2116.0,2116.0,2116.0,2304.0,2304.0,2304.0,2304.0,2304.0,2304.0,2304.0,2304.0,2304.0,2304.0,2304.0,2304.0,2304.0,2304.0,2304.0,2304.0,2304.0,2304.0,2304.0,2304.0,2304.0,2304.0,2304.0,2304.0,2304.0,2304.0,2304.0,2304.0,2304.0,2304.0,2304.0,2304.0,2304.0,2304.0,2304.0,2304.0,2304.0,2304.0,2304.0,2304.0,2304.0,2304.0,2304.0,222.0,222.0,222.0,222.0,222.0,222.0,222.0,222.0,222.0,222.0,222.0,222.0,222.0,222.0,222.0,222.0,222.0,222.0,222.0,222.0,222.0,222.0,222.0,222.0,222.0,222.0,222.0,222.0,222.0,514.0,514.0,514.0,514.0,514.0,514.0,514.0,514.0,514.0,514.0,514.0,514.0,514.0,514.0,514.0,514.0,514.0,514.0,514.0,514.0,514.0,514.0,514.0,514.0,514.0,514.0,514.0,514.0,514.0,514.0,514.0,514.0,514.0,514.0,514.0,514.0,514.0,514.0,514.0,514.0,514.0,514.0,514.0,514.0,514.0,514.0,514.0,514.0,514.0,514.0,477.0,477.0,477.0,520.0,520.0,520.0,477.0,477.0,477.0,477.0,520.0,477.0,477.0,477.0,477.0,477.0,477.0,520.0,477.0,477.0,477.0,520.0,520.0,477.0,477.0,477.0,477.0,477.0,520.0,477.0,477.0,477.0,477.0,520.0,520.0,477.0,477.0,477.0,520.0,520.0,477.0,477.0,520.0,477.0,477.0,477.0,477.0,477.0,477.0,477.0,477.0,477.0,477.0,520.0,520.0,520.0,477.0,477.0,477.0,477.0,477.0,477.0,2304.0,2304.0,2303.0,2303.0,2303.0,2304.0,2304.0,2304.0,2304.0,2303.0,2303.0,2304.0,2304.0,2304.0,2304.0,2304.0,2304.0,2303.0,2304.0,2304.0,2304.0,2303.0,2303.0,2304.0,2304.0,2304.0,2304.0,2304.0,2304.0,2304.0,2304.0,2304.0,2304.0,2304.0,2303.0,2303.0,2303.0,2304.0,2304.0,2304.0,2304.0,2304.0,2304.0,223.0,223.0,223.0,223.0,223.0,223.0,223.0,223.0,223.0,223.0,223.0,223.0,223.0,223.0,223.0,223.0,223.0,223.0
74,3122.0,3122.0,3122.0,3122.0,3122.0,3122.0,3061.0,3122.0,3122.0,3105.0,3122.0,2759.0,2759.0,1474.0,321.0,2680.0,644.0,3122.0,3122.0,3122.0,3122.0,3122.0,3122.0,3122.0,3122.0,3122.0,3122.0,3122.0,3122.0,3122.0,3122.0,3122.0,1730.0,1845.0,2460.0,1630.0,405.0,211.0,311.0,311.0,2863.0,1477.0,359.0,329.0,310.0,2872.0,1478.0,1478.0,1478.0,1593.0,1211.0,2378.0,1153.0,1153.0,1153.0,1477.0,1477.0,1477.0,1477.0,1477.0,1477.0,1477.0,1477.0,1477.0,1477.0,1477.0,2863.0,2863.0,2863.0,2863.0,2863.0,2863.0,2863.0,2863.0,2863.0,2863.0,2863.0,2863.0,2863.0,2863.0,2863.0,2863.0,2863.0,2863.0,2863.0,2863.0,2863.0,2863.0,2863.0,2460.0,2460.0,2460.0,2460.0,2460.0,2460.0,2460.0,2460.0,2460.0,2460.0,2460.0,2460.0,2460.0,2460.0,2460.0,2460.0,2460.0,2460.0,2852.0,2852.0,2852.0,2852.0,2852.0,2852.0,2852.0,2852.0,2852.0,2852.0,2852.0,2852.0,2852.0,2852.0,2852.0,2852.0,2852.0,2852.0,2852.0,2852.0,2852.0,2852.0,2872.0,2872.0,2872.0,2872.0,2872.0,2872.0,2872.0,2872.0,2872.0,2872.0,2872.0,2872.0,2872.0,2872.0,2872.0,2872.0,2872.0,2872.0,2872.0,2872.0,3122.0,3122.0,3122.0,3122.0,3122.0,3122.0,3122.0,3122.0,3122.0,3122.0,3122.0,3122.0,3122.0,3122.0,3122.0,3122.0,3122.0,3122.0,3122.0,3122.0,3122.0,3122.0,3122.0,3122.0,3122.0,3122.0,3122.0,3122.0,3122.0,3122.0,3122.0,3122.0,3122.0,3122.0,3122.0,3122.0,3122.0,3122.0,3122.0,3122.0,3122.0,3122.0,3122.0,302.0,302.0,302.0,302.0,302.0,302.0,302.0,302.0,302.0,302.0,302.0,302.0,302.0,302.0,302.0,302.0,302.0,302.0,302.0,302.0,302.0,302.0,302.0,302.0,302.0,302.0,302.0,302.0,302.0,610.0,610.0,610.0,610.0,610.0,610.0,610.0,610.0,610.0,610.0,610.0,610.0,610.0,610.0,610.0,610.0,610.0,610.0,610.0,610.0,610.0,610.0,610.0,610.0,610.0,610.0,610.0,610.0,610.0,610.0,610.0,610.0,610.0,610.0,610.0,610.0,610.0,610.0,610.0,610.0,610.0,610.0,610.0,610.0,610.0,610.0,610.0,610.0,610.0,610.0,552.0,552.0,552.0,614.0,614.0,614.0,552.0,552.0,552.0,552.0,614.0,552.0,552.0,552.0,552.0,552.0,552.0,614.0,552.0,552.0,552.0,614.0,614.0,552.0,552.0,552.0,552.0,552.0,614.0,552.0,552.0,552.0,552.0,614.0,614.0,552.0,552.0,552.0,614.0,614.0,552.0,552.0,614.0,552.0,552.0,552.0,552.0,552.0,552.0,552.0,552.0,552.0,552.0,614.0,614.0,614.0,552.0,552.0,552.0,552.0,552.0,552.0,3122.0,3122.0,3122.0,3122.0,3122.0,3122.0,3122.0,3122.0,3122.0,3122.0,3122.0,3122.0,3122.0,3122.0,3122.0,3122.0,3122.0,3122.0,3122.0,3122.0,3122.0,3122.0,3122.0,3122.0,3122.0,3122.0,3122.0,3122.0,3122.0,3122.0,3122.0,3122.0,3122.0,3122.0,3122.0,3122.0,3122.0,3122.0,3122.0,3122.0,3122.0,3122.0,3122.0,302.0,302.0,302.0,302.0,302.0,302.0,302.0,302.0,302.0,302.0,302.0,302.0,302.0,302.0,302.0,302.0,302.0,302.0
75,3054.0,3054.0,3054.0,3054.0,3054.0,3054.0,3032.0,3054.0,3054.0,3041.0,3054.0,2700.0,2700.0,1323.0,250.0,2615.0,675.0,3054.0,3054.0,3054.0,3054.0,3054.0,3054.0,3054.0,3054.0,3054.0,3054.0,3054.0,3054.0,3054.0,3054.0,3054.0,1653.0,1757.0,1832.0,1275.0,276.0,156.0,358.0,358.0,2742.0,1152.0,232.0,182.0,223.0,2156.0,1418.0,1418.0,1418.0,1589.0,1209.0,2257.0,1109.0,1109.0,1109.0,1152.0,1152.0,1152.0,1152.0,1152.0,1152.0,1152.0,1152.0,1152.0,1152.0,1152.0,2737.0,2737.0,2737.0,2737.0,2737.0,2737.0,2737.0,2737.0,2737.0,2737.0,2737.0,2737.0,2737.0,2737.0,2737.0,2737.0,2737.0,2737.0,2737.0,2737.0,2737.0,2737.0,2737.0,1832.0,1832.0,1832.0,1832.0,1832.0,1832.0,1832.0,1832.0,1832.0,1832.0,1832.0,1832.0,1832.0,1832.0,1832.0,1832.0,1832.0,1832.0,2726.0,2726.0,2726.0,2726.0,2726.0,2726.0,2726.0,2726.0,2726.0,2726.0,2726.0,2726.0,2726.0,2726.0,2726.0,2726.0,2726.0,2726.0,2726.0,2726.0,2726.0,2726.0,2156.0,2156.0,2156.0,2156.0,2156.0,2156.0,2156.0,2156.0,2156.0,2156.0,2156.0,2156.0,2156.0,2156.0,2156.0,2156.0,2156.0,2156.0,2156.0,2156.0,3054.0,3054.0,3054.0,3054.0,3054.0,3054.0,3054.0,3054.0,3054.0,3054.0,3054.0,3054.0,3054.0,3054.0,3054.0,3054.0,3054.0,3054.0,3054.0,3054.0,3054.0,3054.0,3054.0,3054.0,3054.0,3054.0,3054.0,3054.0,3054.0,3054.0,3054.0,3054.0,3054.0,3054.0,3054.0,3054.0,3054.0,3054.0,3054.0,3054.0,3054.0,3054.0,3054.0,350.0,350.0,350.0,350.0,350.0,350.0,350.0,350.0,350.0,350.0,350.0,350.0,350.0,350.0,350.0,350.0,350.0,350.0,350.0,350.0,350.0,350.0,350.0,350.0,350.0,350.0,350.0,350.0,350.0,652.0,652.0,641.0,641.0,641.0,652.0,652.0,641.0,641.0,652.0,652.0,652.0,652.0,641.0,652.0,652.0,652.0,641.0,641.0,652.0,652.0,641.0,641.0,652.0,652.0,652.0,652.0,641.0,641.0,652.0,641.0,641.0,652.0,641.0,641.0,652.0,652.0,652.0,652.0,652.0,652.0,641.0,641.0,641.0,652.0,652.0,652.0,652.0,652.0,652.0,602.0,602.0,602.0,646.0,646.0,646.0,602.0,602.0,602.0,602.0,646.0,602.0,602.0,602.0,602.0,602.0,602.0,646.0,602.0,602.0,602.0,646.0,646.0,602.0,602.0,602.0,602.0,602.0,646.0,602.0,602.0,602.0,602.0,646.0,646.0,602.0,602.0,602.0,646.0,646.0,602.0,602.0,646.0,602.0,602.0,602.0,602.0,602.0,602.0,602.0,602.0,602.0,602.0,646.0,646.0,646.0,602.0,602.0,602.0,602.0,602.0,602.0,3054.0,3054.0,3054.0,3054.0,3054.0,3054.0,3054.0,3054.0,3054.0,3054.0,3054.0,3054.0,3054.0,3054.0,3054.0,3054.0,3054.0,3054.0,3054.0,3054.0,3054.0,3054.0,3054.0,3054.0,3054.0,3054.0,3054.0,3054.0,3054.0,3054.0,3054.0,3054.0,3054.0,3054.0,3054.0,3054.0,3054.0,3054.0,3054.0,3054.0,3054.0,3054.0,3054.0,352.0,352.0,352.0,352.0,352.0,352.0,352.0,352.0,352.0,352.0,352.0,352.0,352.0,352.0,352.0,352.0,352.0,352.0
76,3456.0,3456.0,3456.0,3456.0,3456.0,3456.0,3432.0,3456.0,3456.0,3442.0,3456.0,3111.0,3111.0,1620.0,351.0,2976.0,947.0,3456.0,3456.0,3456.0,3456.0,3456.0,3456.0,3456.0,3456.0,3456.0,3456.0,3456.0,3456.0,3456.0,3456.0,3456.0,1764.0,1852.0,2504.0,1697.0,387.0,218.0,541.0,541.0,2884.0,1622.0,341.0,308.0,369.0,2885.0,1622.0,1622.0,1622.0,1720.0,1341.0,2386.0,1313.0,1313.0,1313.0,1622.0,1622.0,1622.0,1622.0,1622.0,1622.0,1622.0,1622.0,1622.0,1622.0,1622.0,2884.0,2884.0,2884.0,2884.0,2884.0,2884.0,2884.0,2884.0,2884.0,2884.0,2884.0,2884.0,2884.0,2884.0,2884.0,2884.0,2884.0,2884.0,2884.0,2884.0,2884.0,2884.0,2884.0,2504.0,2504.0,2504.0,2504.0,2504.0,2504.0,2504.0,2504.0,2504.0,2504.0,2504.0,2504.0,2504.0,2504.0,2504.0,2504.0,2504.0,2504.0,2846.0,2846.0,2846.0,2846.0,2846.0,2846.0,2846.0,2846.0,2846.0,2846.0,2846.0,2846.0,2846.0,2846.0,2846.0,2846.0,2846.0,2846.0,2846.0,2846.0,2846.0,2846.0,2885.0,2885.0,2885.0,2885.0,2885.0,2885.0,2885.0,2885.0,2885.0,2885.0,2885.0,2885.0,2885.0,2885.0,2885.0,2885.0,2885.0,2885.0,2885.0,2885.0,3456.0,3456.0,3456.0,3456.0,3456.0,3456.0,3456.0,3456.0,3456.0,3456.0,3456.0,3456.0,3456.0,3456.0,3456.0,3456.0,3456.0,3456.0,3456.0,3456.0,3456.0,3456.0,3456.0,3456.0,3456.0,3456.0,3456.0,3456.0,3456.0,3456.0,3456.0,3456.0,3456.0,3456.0,3456.0,3456.0,3456.0,3456.0,3456.0,3456.0,3456.0,3456.0,3456.0,619.0,619.0,619.0,619.0,619.0,619.0,619.0,619.0,619.0,619.0,619.0,619.0,619.0,619.0,619.0,619.0,619.0,619.0,619.0,619.0,619.0,619.0,619.0,619.0,619.0,619.0,619.0,619.0,619.0,911.0,911.0,911.0,911.0,911.0,911.0,911.0,911.0,911.0,911.0,911.0,911.0,911.0,911.0,911.0,911.0,911.0,911.0,911.0,911.0,911.0,911.0,911.0,911.0,911.0,911.0,911.0,911.0,911.0,911.0,911.0,911.0,911.0,911.0,911.0,911.0,911.0,911.0,911.0,911.0,911.0,911.0,911.0,911.0,911.0,911.0,911.0,911.0,911.0,911.0,878.0,878.0,878.0,924.0,924.0,924.0,878.0,878.0,878.0,878.0,924.0,878.0,878.0,878.0,878.0,878.0,878.0,924.0,878.0,878.0,878.0,924.0,924.0,878.0,878.0,878.0,878.0,878.0,924.0,878.0,878.0,878.0,878.0,924.0,924.0,878.0,878.0,878.0,924.0,924.0,878.0,878.0,924.0,878.0,878.0,878.0,878.0,878.0,878.0,878.0,878.0,878.0,878.0,924.0,924.0,924.0,878.0,878.0,878.0,878.0,878.0,878.0,3456.0,3456.0,3456.0,3456.0,3456.0,3456.0,3456.0,3456.0,3456.0,3456.0,3456.0,3456.0,3456.0,3456.0,3456.0,3456.0,3456.0,3456.0,3456.0,3456.0,3456.0,3456.0,3456.0,3456.0,3456.0,3456.0,3456.0,3456.0,3456.0,3456.0,3456.0,3456.0,3456.0,3456.0,3456.0,3456.0,3456.0,3456.0,3456.0,3456.0,3456.0,3456.0,3456.0,622.0,622.0,622.0,622.0,622.0,622.0,622.0,622.0,622.0,622.0,622.0,622.0,622.0,622.0,622.0,622.0,622.0,622.0
77,3006.0,3006.0,3006.0,3006.0,3006.0,3006.0,2982.0,3006.0,3006.0,2999.0,3006.0,2607.0,2607.0,1508.0,370.0,2626.0,651.0,3006.0,3006.0,3006.0,3006.0,3006.0,3006.0,3006.0,3006.0,3006.0,3006.0,3006.0,3006.0,3006.0,3006.0,3006.0,1645.0,1762.0,2439.0,1641.0,421.0,239.0,334.0,334.0,2775.0,1513.0,396.0,366.0,351.0,2773.0,1511.0,1511.0,1511.0,1692.0,1278.0,2244.0,1218.0,1218.0,1218.0,1513.0,1513.0,1513.0,1513.0,1513.0,1513.0,1513.0,1513.0,1513.0,1513.0,1513.0,2775.0,2775.0,2775.0,2775.0,2775.0,2775.0,2775.0,2775.0,2775.0,2775.0,2775.0,2775.0,2775.0,2775.0,2775.0,2775.0,2775.0,2775.0,2775.0,2775.0,2775.0,2775.0,2775.0,2439.0,2439.0,2439.0,2439.0,2439.0,2439.0,2439.0,2439.0,2439.0,2439.0,2439.0,2439.0,2439.0,2439.0,2439.0,2439.0,2439.0,2439.0,2760.0,2760.0,2760.0,2760.0,2760.0,2760.0,2760.0,2760.0,2760.0,2760.0,2760.0,2760.0,2760.0,2760.0,2760.0,2760.0,2760.0,2760.0,2760.0,2760.0,2760.0,2760.0,2773.0,2773.0,2773.0,2773.0,2773.0,2773.0,2773.0,2773.0,2773.0,2773.0,2773.0,2773.0,2773.0,2773.0,2773.0,2773.0,2773.0,2773.0,2773.0,2773.0,3006.0,3006.0,3006.0,3006.0,3006.0,3006.0,3006.0,3006.0,3006.0,3006.0,3006.0,3006.0,3006.0,3006.0,3006.0,3006.0,3006.0,3006.0,3006.0,3006.0,3006.0,3006.0,3006.0,3006.0,3006.0,3006.0,3006.0,3006.0,3006.0,3006.0,3006.0,3006.0,3006.0,3006.0,3006.0,3006.0,3006.0,3006.0,3006.0,3006.0,3006.0,3006.0,3006.0,271.0,271.0,271.0,271.0,271.0,271.0,271.0,271.0,271.0,271.0,271.0,271.0,271.0,271.0,271.0,271.0,271.0,271.0,271.0,271.0,271.0,271.0,271.0,271.0,271.0,271.0,271.0,271.0,271.0,616.0,616.0,616.0,616.0,616.0,616.0,616.0,616.0,616.0,616.0,616.0,616.0,616.0,616.0,616.0,616.0,616.0,616.0,616.0,616.0,616.0,616.0,616.0,616.0,616.0,616.0,616.0,616.0,616.0,616.0,616.0,616.0,616.0,616.0,616.0,616.0,616.0,616.0,616.0,616.0,616.0,616.0,616.0,616.0,616.0,616.0,616.0,616.0,616.0,616.0,552.0,552.0,552.0,633.0,633.0,633.0,552.0,552.0,552.0,552.0,633.0,552.0,552.0,552.0,552.0,552.0,552.0,633.0,552.0,552.0,552.0,633.0,633.0,552.0,552.0,552.0,552.0,552.0,633.0,552.0,552.0,552.0,552.0,633.0,633.0,552.0,552.0,552.0,633.0,633.0,552.0,552.0,633.0,552.0,552.0,552.0,552.0,552.0,552.0,552.0,552.0,552.0,552.0,633.0,633.0,633.0,552.0,552.0,552.0,552.0,552.0,552.0,3006.0,3006.0,3006.0,3006.0,3006.0,3006.0,3006.0,3006.0,3006.0,3006.0,3006.0,3006.0,3006.0,3006.0,3006.0,3006.0,3006.0,3006.0,3006.0,3006.0,3006.0,3006.0,3006.0,3006.0,3006.0,3006.0,3006.0,3006.0,3006.0,3006.0,3006.0,3006.0,3006.0,3006.0,3006.0,3006.0,3006.0,3006.0,3006.0,3006.0,3006.0,3006.0,3006.0,272.0,272.0,272.0,272.0,272.0,272.0,272.0,272.0,272.0,272.0,272.0,272.0,272.0,272.0,272.0,272.0,272.0,272.0
78,3166.0,3166.0,3166.0,3166.0,3166.0,3166.0,3149.0,3166.0,3166.0,3155.0,3166.0,2654.0,2654.0,1614.0,386.0,2779.0,752.0,3166.0,3166.0,3166.0,3166.0,3166.0,3166.0,3166.0,3166.0,3166.0,3166.0,3166.0,3166.0,3166.0,3166.0,3166.0,1661.0,1786.0,2578.0,1699.0,532.0,288.0,372.0,372.0,2928.0,1621.0,509.0,444.0,421.0,2925.0,1622.0,1622.0,1622.0,1945.0,1405.0,2303.0,1266.0,1266.0,1266.0,1621.0,1621.0,1621.0,1621.0,1621.0,1621.0,1621.0,1621.0,1621.0,1621.0,1621.0,2928.0,2928.0,2928.0,2928.0,2928.0,2928.0,2928.0,2928.0,2928.0,2928.0,2928.0,2928.0,2928.0,2928.0,2928.0,2928.0,2928.0,2928.0,2928.0,2928.0,2928.0,2928.0,2928.0,2577.0,2577.0,2577.0,2577.0,2577.0,2577.0,2577.0,2577.0,2577.0,2577.0,2577.0,2577.0,2577.0,2577.0,2577.0,2577.0,2577.0,2577.0,2913.0,2913.0,2913.0,2913.0,2913.0,2913.0,2913.0,2913.0,2913.0,2913.0,2913.0,2913.0,2913.0,2913.0,2913.0,2913.0,2913.0,2913.0,2913.0,2913.0,2913.0,2913.0,2925.0,2925.0,2925.0,2925.0,2925.0,2925.0,2925.0,2925.0,2925.0,2925.0,2925.0,2925.0,2925.0,2925.0,2925.0,2925.0,2925.0,2925.0,2925.0,2925.0,3166.0,3166.0,3166.0,3166.0,3166.0,3166.0,3166.0,3166.0,3166.0,3166.0,3166.0,3166.0,3166.0,3166.0,3166.0,3166.0,3166.0,3166.0,3166.0,3166.0,3166.0,3166.0,3166.0,3166.0,3166.0,3166.0,3166.0,3166.0,3166.0,3166.0,3166.0,3166.0,3166.0,3166.0,3166.0,3166.0,3166.0,3166.0,3166.0,3166.0,3166.0,3166.0,3166.0,258.0,258.0,258.0,258.0,258.0,258.0,258.0,258.0,258.0,258.0,258.0,258.0,258.0,258.0,258.0,258.0,258.0,258.0,258.0,258.0,258.0,258.0,258.0,258.0,258.0,258.0,258.0,258.0,258.0,684.0,684.0,684.0,684.0,684.0,684.0,684.0,684.0,684.0,684.0,684.0,684.0,684.0,684.0,684.0,684.0,684.0,684.0,684.0,684.0,684.0,684.0,684.0,684.0,684.0,684.0,684.0,684.0,684.0,684.0,684.0,684.0,684.0,684.0,684.0,684.0,684.0,684.0,684.0,684.0,684.0,684.0,684.0,684.0,684.0,684.0,684.0,684.0,684.0,684.0,629.0,629.0,629.0,699.0,699.0,699.0,629.0,629.0,629.0,629.0,699.0,629.0,629.0,629.0,629.0,629.0,629.0,699.0,629.0,629.0,629.0,699.0,699.0,629.0,629.0,629.0,629.0,629.0,699.0,629.0,629.0,629.0,629.0,699.0,699.0,629.0,629.0,629.0,699.0,699.0,629.0,629.0,699.0,629.0,629.0,629.0,629.0,629.0,629.0,629.0,629.0,629.0,629.0,699.0,699.0,699.0,629.0,629.0,629.0,629.0,629.0,629.0,3166.0,3166.0,3166.0,3166.0,3166.0,3166.0,3166.0,3166.0,3166.0,3166.0,3166.0,3166.0,3166.0,3166.0,3166.0,3166.0,3166.0,3166.0,3166.0,3166.0,3166.0,3166.0,3166.0,3166.0,3166.0,3166.0,3166.0,3166.0,3166.0,3166.0,3166.0,3166.0,3166.0,3166.0,3166.0,3166.0,3166.0,3166.0,3166.0,3166.0,3166.0,3166.0,3166.0,258.0,258.0,258.0,258.0,258.0,258.0,258.0,258.0,258.0,258.0,258.0,258.0,258.0,258.0,258.0,258.0,258.0,258.0
79,2688.0,2688.0,2688.0,2688.0,2688.0,2688.0,2656.0,2688.0,2688.0,2672.0,2688.0,2353.0,2353.0,1328.0,311.0,2336.0,541.0,2688.0,2688.0,2688.0,2688.0,2688.0,2688.0,2688.0,2688.0,2688.0,2688.0,2688.0,2688.0,2688.0,2688.0,2688.0,1434.0,1557.0,2170.0,1457.0,352.0,198.0,302.0,302.0,2488.0,1335.0,331.0,320.0,277.0,2479.0,1335.0,1335.0,1335.0,1603.0,1254.0,2027.0,1045.0,1045.0,1045.0,1335.0,1335.0,1335.0,1335.0,1335.0,1335.0,1335.0,1335.0,1335.0,1335.0,1335.0,2488.0,2488.0,2488.0,2488.0,2488.0,2488.0,2488.0,2488.0,2488.0,2488.0,2488.0,2488.0,2488.0,2488.0,2488.0,2488.0,2488.0,2488.0,2488.0,2488.0,2488.0,2488.0,2488.0,2170.0,2170.0,2170.0,2170.0,2170.0,2170.0,2170.0,2170.0,2170.0,2170.0,2170.0,2170.0,2170.0,2170.0,2170.0,2170.0,2170.0,2170.0,2468.0,2468.0,2468.0,2468.0,2468.0,2468.0,2468.0,2468.0,2468.0,2468.0,2468.0,2468.0,2468.0,2468.0,2468.0,2468.0,2468.0,2468.0,2468.0,2468.0,2468.0,2468.0,2479.0,2479.0,2479.0,2479.0,2479.0,2479.0,2479.0,2479.0,2479.0,2479.0,2479.0,2479.0,2479.0,2479.0,2479.0,2479.0,2479.0,2479.0,2479.0,2479.0,2688.0,2688.0,2688.0,2688.0,2688.0,2688.0,2688.0,2688.0,2688.0,2688.0,2688.0,2688.0,2688.0,2688.0,2688.0,2688.0,2688.0,2688.0,2688.0,2688.0,2688.0,2688.0,2688.0,2688.0,2688.0,2688.0,2688.0,2688.0,2688.0,2688.0,2688.0,2688.0,2688.0,2688.0,2688.0,2688.0,2688.0,2688.0,2688.0,2688.0,2688.0,2688.0,2688.0,228.0,228.0,228.0,228.0,228.0,228.0,228.0,228.0,228.0,228.0,228.0,228.0,228.0,228.0,228.0,228.0,228.0,228.0,228.0,228.0,228.0,228.0,228.0,228.0,228.0,228.0,228.0,228.0,228.0,533.0,533.0,533.0,533.0,533.0,533.0,533.0,533.0,533.0,533.0,533.0,533.0,533.0,533.0,533.0,533.0,533.0,533.0,533.0,533.0,533.0,533.0,533.0,533.0,533.0,533.0,533.0,533.0,533.0,533.0,533.0,533.0,533.0,533.0,533.0,533.0,533.0,533.0,533.0,533.0,533.0,533.0,533.0,533.0,533.0,533.0,533.0,533.0,533.0,533.0,485.0,485.0,485.0,542.0,542.0,542.0,485.0,485.0,485.0,485.0,542.0,485.0,485.0,485.0,485.0,485.0,485.0,542.0,485.0,485.0,485.0,542.0,542.0,485.0,485.0,485.0,485.0,485.0,542.0,485.0,485.0,485.0,485.0,542.0,542.0,485.0,485.0,485.0,542.0,542.0,485.0,485.0,542.0,485.0,485.0,485.0,485.0,485.0,485.0,485.0,485.0,485.0,485.0,542.0,542.0,542.0,485.0,485.0,485.0,485.0,485.0,485.0,2688.0,2688.0,2688.0,2688.0,2688.0,2688.0,2688.0,2688.0,2688.0,2688.0,2688.0,2688.0,2688.0,2688.0,2688.0,2688.0,2688.0,2688.0,2688.0,2688.0,2688.0,2688.0,2688.0,2688.0,2688.0,2688.0,2688.0,2688.0,2688.0,2688.0,2688.0,2688.0,2688.0,2688.0,2688.0,2688.0,2688.0,2688.0,2688.0,2688.0,2688.0,2688.0,2688.0,231.0,231.0,231.0,231.0,231.0,231.0,231.0,231.0,231.0,231.0,231.0,231.0,231.0,231.0,231.0,231.0,231.0,231.0
80,2204.0,2204.0,2204.0,2204.0,2204.0,2204.0,2180.0,2203.0,2203.0,2194.0,2203.0,1878.0,1878.0,949.0,266.0,1921.0,468.0,2204.0,2204.0,2204.0,2204.0,2204.0,2204.0,2204.0,2204.0,2204.0,2204.0,2204.0,2204.0,2204.0,2204.0,2204.0,1237.0,1316.0,1783.0,1215.0,334.0,186.0,218.0,218.0,2052.0,955.0,323.0,294.0,265.0,2052.0,954.0,954.0,954.0,1288.0,939.0,1645.0,694.0,694.0,694.0,955.0,955.0,955.0,955.0,955.0,955.0,955.0,955.0,955.0,955.0,955.0,2052.0,2052.0,2052.0,2052.0,2052.0,2052.0,2052.0,2052.0,2052.0,2052.0,2052.0,2052.0,2052.0,2052.0,2052.0,2052.0,2052.0,2052.0,2052.0,2052.0,2052.0,2052.0,2052.0,1783.0,1783.0,1783.0,1783.0,1783.0,1783.0,1783.0,1783.0,1783.0,1783.0,1783.0,1783.0,1783.0,1783.0,1783.0,1783.0,1783.0,1783.0,2044.0,2044.0,2044.0,2044.0,2044.0,2044.0,2044.0,2044.0,2044.0,2044.0,2044.0,2044.0,2044.0,2044.0,2044.0,2044.0,2044.0,2044.0,2044.0,2044.0,2044.0,2044.0,2052.0,2052.0,2052.0,2052.0,2052.0,2052.0,2052.0,2052.0,2052.0,2052.0,2052.0,2052.0,2052.0,2052.0,2052.0,2052.0,2052.0,2052.0,2052.0,2052.0,2204.0,2204.0,2204.0,2204.0,2204.0,2204.0,2204.0,2204.0,2204.0,2204.0,2204.0,2204.0,2204.0,2204.0,2204.0,2204.0,2204.0,2204.0,2204.0,2204.0,2204.0,2204.0,2204.0,2204.0,2204.0,2204.0,2204.0,2204.0,2204.0,2204.0,2204.0,2204.0,2204.0,2204.0,2204.0,2204.0,2204.0,2204.0,2204.0,2204.0,2204.0,2204.0,2204.0,166.0,166.0,166.0,166.0,166.0,166.0,166.0,166.0,166.0,166.0,166.0,166.0,166.0,166.0,166.0,166.0,166.0,166.0,166.0,166.0,166.0,166.0,166.0,166.0,166.0,166.0,166.0,166.0,166.0,449.0,449.0,449.0,449.0,449.0,449.0,449.0,449.0,449.0,449.0,449.0,449.0,449.0,449.0,449.0,449.0,449.0,449.0,449.0,449.0,449.0,449.0,449.0,449.0,449.0,449.0,449.0,449.0,449.0,449.0,449.0,449.0,449.0,449.0,449.0,449.0,449.0,449.0,449.0,449.0,449.0,449.0,449.0,449.0,449.0,449.0,449.0,449.0,449.0,449.0,409.0,409.0,409.0,453.0,453.0,453.0,409.0,409.0,409.0,409.0,453.0,409.0,409.0,409.0,409.0,409.0,409.0,453.0,409.0,409.0,409.0,453.0,453.0,409.0,409.0,409.0,409.0,409.0,453.0,409.0,409.0,409.0,409.0,453.0,453.0,409.0,409.0,409.0,453.0,453.0,409.0,409.0,453.0,409.0,409.0,409.0,409.0,409.0,409.0,409.0,409.0,409.0,409.0,453.0,453.0,453.0,409.0,409.0,409.0,409.0,409.0,409.0,2204.0,2204.0,2204.0,2204.0,2204.0,2204.0,2204.0,2204.0,2204.0,2204.0,2204.0,2204.0,2204.0,2204.0,2204.0,2204.0,2204.0,2204.0,2204.0,2204.0,2204.0,2204.0,2204.0,2204.0,2204.0,2204.0,2204.0,2204.0,2204.0,2204.0,2204.0,2204.0,2204.0,2204.0,2204.0,2204.0,2204.0,2204.0,2204.0,2204.0,2204.0,2204.0,2204.0,166.0,166.0,166.0,166.0,166.0,166.0,166.0,166.0,166.0,166.0,166.0,166.0,166.0,166.0,166.0,166.0,166.0,166.0
81,2863.0,2863.0,2863.0,2863.0,2863.0,2863.0,2840.0,2863.0,2863.0,2850.0,2863.0,2516.0,2516.0,1346.0,282.0,2425.0,527.0,2863.0,2863.0,2863.0,2863.0,2863.0,2863.0,2863.0,2863.0,2863.0,2863.0,2863.0,2863.0,2863.0,2863.0,2863.0,1593.0,1706.0,2304.0,1572.0,373.0,198.0,285.0,285.0,2683.0,1353.0,346.0,324.0,312.0,2684.0,1353.0,1353.0,1353.0,1542.0,1164.0,2228.0,1023.0,1023.0,1023.0,1353.0,1353.0,1353.0,1353.0,1353.0,1353.0,1353.0,1353.0,1353.0,1353.0,1353.0,2683.0,2683.0,2683.0,2683.0,2683.0,2683.0,2683.0,2683.0,2683.0,2683.0,2683.0,2683.0,2683.0,2683.0,2683.0,2683.0,2683.0,2683.0,2683.0,2683.0,2683.0,2683.0,2683.0,2302.0,2302.0,2302.0,2302.0,2302.0,2302.0,2302.0,2302.0,2302.0,2302.0,2302.0,2302.0,2302.0,2302.0,2302.0,2302.0,2302.0,2302.0,2666.0,2666.0,2666.0,2666.0,2666.0,2666.0,2666.0,2666.0,2666.0,2666.0,2666.0,2666.0,2666.0,2666.0,2666.0,2666.0,2666.0,2666.0,2666.0,2666.0,2666.0,2666.0,2684.0,2684.0,2684.0,2684.0,2684.0,2684.0,2684.0,2684.0,2684.0,2684.0,2684.0,2684.0,2684.0,2684.0,2684.0,2684.0,2684.0,2684.0,2684.0,2684.0,2863.0,2863.0,2863.0,2863.0,2863.0,2863.0,2863.0,2863.0,2863.0,2863.0,2863.0,2863.0,2863.0,2863.0,2863.0,2863.0,2863.0,2863.0,2863.0,2863.0,2863.0,2863.0,2863.0,2863.0,2863.0,2863.0,2863.0,2863.0,2863.0,2863.0,2863.0,2863.0,2863.0,2863.0,2863.0,2863.0,2863.0,2863.0,2863.0,2863.0,2863.0,2863.0,2863.0,199.0,199.0,199.0,199.0,199.0,199.0,199.0,199.0,199.0,199.0,199.0,199.0,199.0,199.0,199.0,199.0,199.0,199.0,199.0,199.0,199.0,199.0,199.0,199.0,199.0,199.0,199.0,199.0,199.0,518.0,518.0,518.0,518.0,518.0,518.0,518.0,518.0,518.0,518.0,518.0,518.0,518.0,518.0,518.0,518.0,518.0,518.0,518.0,518.0,518.0,518.0,518.0,518.0,518.0,518.0,518.0,518.0,518.0,518.0,518.0,518.0,518.0,518.0,518.0,518.0,518.0,518.0,518.0,518.0,518.0,518.0,518.0,518.0,518.0,518.0,518.0,518.0,518.0,518.0,499.0,499.0,499.0,522.0,522.0,522.0,499.0,499.0,499.0,499.0,522.0,499.0,499.0,499.0,499.0,499.0,499.0,522.0,499.0,499.0,499.0,522.0,522.0,499.0,499.0,499.0,499.0,499.0,522.0,499.0,499.0,499.0,499.0,522.0,522.0,499.0,499.0,499.0,522.0,522.0,499.0,499.0,522.0,499.0,499.0,499.0,499.0,499.0,499.0,499.0,499.0,499.0,499.0,522.0,522.0,522.0,499.0,499.0,499.0,499.0,499.0,499.0,2863.0,2863.0,2863.0,2863.0,2863.0,2863.0,2863.0,2863.0,2863.0,2863.0,2863.0,2863.0,2863.0,2863.0,2863.0,2863.0,2863.0,2863.0,2863.0,2863.0,2863.0,2863.0,2863.0,2863.0,2863.0,2863.0,2863.0,2863.0,2863.0,2863.0,2863.0,2863.0,2863.0,2863.0,2863.0,2863.0,2863.0,2863.0,2863.0,2863.0,2863.0,2863.0,2863.0,208.0,208.0,208.0,208.0,208.0,208.0,208.0,208.0,208.0,208.0,208.0,208.0,208.0,208.0,208.0,208.0,208.0,208.0
82,2970.0,2970.0,2970.0,2970.0,2970.0,2970.0,2954.0,2970.0,2970.0,2953.0,2970.0,2640.0,2640.0,1600.0,308.0,2564.0,537.0,2970.0,2970.0,2970.0,2970.0,2970.0,2970.0,2970.0,2970.0,2970.0,2970.0,2970.0,2970.0,2970.0,2970.0,2970.0,1661.0,1773.0,2415.0,1597.0,359.0,195.0,298.0,298.0,2773.0,1612.0,328.0,302.0,278.0,2774.0,1611.0,1611.0,1611.0,1550.0,1195.0,2320.0,1247.0,1247.0,1247.0,1612.0,1612.0,1612.0,1612.0,1612.0,1612.0,1612.0,1612.0,1612.0,1612.0,1612.0,2772.0,2772.0,2772.0,2772.0,2772.0,2772.0,2772.0,2772.0,2772.0,2772.0,2772.0,2772.0,2772.0,2772.0,2772.0,2772.0,2772.0,2772.0,2772.0,2772.0,2772.0,2772.0,2772.0,2415.0,2415.0,2415.0,2415.0,2415.0,2415.0,2415.0,2415.0,2415.0,2415.0,2415.0,2415.0,2415.0,2415.0,2415.0,2415.0,2415.0,2415.0,2762.0,2762.0,2762.0,2762.0,2762.0,2762.0,2762.0,2762.0,2762.0,2762.0,2762.0,2762.0,2762.0,2762.0,2762.0,2762.0,2762.0,2762.0,2762.0,2762.0,2762.0,2762.0,2774.0,2774.0,2774.0,2774.0,2774.0,2774.0,2774.0,2774.0,2774.0,2774.0,2774.0,2774.0,2774.0,2774.0,2774.0,2774.0,2774.0,2774.0,2774.0,2774.0,2970.0,2970.0,2970.0,2970.0,2970.0,2970.0,2970.0,2970.0,2970.0,2970.0,2970.0,2970.0,2970.0,2970.0,2970.0,2970.0,2970.0,2970.0,2970.0,2970.0,2970.0,2970.0,2970.0,2970.0,2970.0,2970.0,2970.0,2970.0,2970.0,2970.0,2970.0,2970.0,2970.0,2970.0,2970.0,2970.0,2970.0,2970.0,2970.0,2970.0,2970.0,2970.0,2970.0,230.0,230.0,230.0,230.0,230.0,230.0,230.0,230.0,230.0,230.0,230.0,230.0,230.0,230.0,230.0,230.0,230.0,230.0,230.0,230.0,230.0,230.0,230.0,230.0,230.0,230.0,230.0,230.0,230.0,522.0,522.0,522.0,522.0,522.0,522.0,522.0,522.0,522.0,522.0,522.0,522.0,522.0,522.0,522.0,522.0,522.0,522.0,522.0,522.0,522.0,522.0,522.0,522.0,522.0,522.0,522.0,522.0,522.0,522.0,522.0,522.0,522.0,522.0,522.0,522.0,522.0,522.0,522.0,522.0,522.0,522.0,522.0,522.0,522.0,522.0,522.0,522.0,522.0,522.0,473.0,473.0,473.0,526.0,526.0,526.0,473.0,473.0,473.0,473.0,526.0,473.0,473.0,473.0,473.0,473.0,473.0,526.0,473.0,473.0,473.0,526.0,526.0,473.0,473.0,473.0,473.0,473.0,526.0,473.0,473.0,473.0,473.0,526.0,526.0,473.0,473.0,473.0,526.0,526.0,473.0,473.0,526.0,473.0,473.0,473.0,473.0,473.0,473.0,473.0,473.0,473.0,473.0,526.0,526.0,526.0,473.0,473.0,473.0,473.0,473.0,473.0,2970.0,2970.0,2970.0,2970.0,2970.0,2970.0,2970.0,2970.0,2970.0,2970.0,2970.0,2970.0,2970.0,2970.0,2970.0,2970.0,2970.0,2970.0,2970.0,2970.0,2970.0,2970.0,2970.0,2970.0,2970.0,2970.0,2970.0,2970.0,2970.0,2970.0,2970.0,2970.0,2970.0,2970.0,2970.0,2970.0,2970.0,2970.0,2970.0,2970.0,2970.0,2970.0,2970.0,232.0,232.0,232.0,232.0,232.0,232.0,232.0,232.0,232.0,232.0,232.0,232.0,232.0,232.0,232.0,232.0,232.0,232.0
83,2934.0,2934.0,2934.0,2934.0,2934.0,2934.0,2910.0,2934.0,2934.0,2918.0,2934.0,2627.0,2627.0,1614.0,285.0,2503.0,510.0,2934.0,2934.0,2934.0,2934.0,2934.0,2934.0,2934.0,2934.0,2934.0,2934.0,2934.0,2934.0,2934.0,2934.0,2934.0,1686.0,1780.0,2343.0,1542.0,326.0,158.0,277.0,277.0,2739.0,1610.0,304.0,272.0,266.0,2735.0,1611.0,1611.0,1611.0,1592.0,1262.0,2299.0,1305.0,1305.0,1305.0,1610.0,1610.0,1610.0,1610.0,1610.0,1610.0,1610.0,1610.0,1610.0,1610.0,1610.0,2739.0,2739.0,2739.0,2739.0,2739.0,2739.0,2739.0,2739.0,2739.0,2739.0,2739.0,2739.0,2739.0,2739.0,2739.0,2739.0,2739.0,2739.0,2739.0,2739.0,2739.0,2739.0,2739.0,2343.0,2343.0,2343.0,2343.0,2343.0,2343.0,2343.0,2343.0,2343.0,2343.0,2343.0,2343.0,2343.0,2343.0,2343.0,2343.0,2343.0,2343.0,2722.0,2722.0,2722.0,2722.0,2722.0,2722.0,2722.0,2722.0,2722.0,2722.0,2722.0,2722.0,2722.0,2722.0,2722.0,2722.0,2722.0,2722.0,2722.0,2722.0,2722.0,2722.0,2735.0,2735.0,2735.0,2735.0,2735.0,2735.0,2735.0,2735.0,2735.0,2735.0,2735.0,2735.0,2735.0,2735.0,2735.0,2735.0,2735.0,2735.0,2735.0,2735.0,2934.0,2934.0,2934.0,2934.0,2934.0,2934.0,2934.0,2934.0,2934.0,2934.0,2934.0,2934.0,2934.0,2934.0,2934.0,2934.0,2934.0,2934.0,2934.0,2934.0,2934.0,2934.0,2934.0,2934.0,2934.0,2934.0,2934.0,2934.0,2934.0,2934.0,2934.0,2934.0,2934.0,2934.0,2934.0,2934.0,2934.0,2934.0,2934.0,2934.0,2934.0,2934.0,2934.0,228.0,228.0,228.0,228.0,228.0,228.0,228.0,228.0,228.0,228.0,228.0,228.0,228.0,228.0,228.0,228.0,228.0,228.0,228.0,228.0,228.0,228.0,228.0,228.0,228.0,228.0,228.0,228.0,228.0,492.0,492.0,492.0,492.0,492.0,492.0,492.0,492.0,492.0,492.0,492.0,492.0,492.0,492.0,492.0,492.0,492.0,492.0,492.0,492.0,492.0,492.0,492.0,492.0,492.0,492.0,492.0,492.0,492.0,492.0,492.0,492.0,492.0,492.0,492.0,492.0,492.0,492.0,492.0,492.0,492.0,492.0,492.0,492.0,492.0,492.0,492.0,492.0,492.0,492.0,450.0,450.0,450.0,492.0,492.0,492.0,450.0,450.0,450.0,450.0,492.0,450.0,450.0,450.0,450.0,450.0,450.0,492.0,450.0,450.0,450.0,492.0,492.0,450.0,450.0,450.0,450.0,450.0,492.0,450.0,450.0,450.0,450.0,492.0,492.0,450.0,450.0,450.0,492.0,492.0,450.0,450.0,492.0,450.0,450.0,450.0,450.0,450.0,450.0,450.0,450.0,450.0,450.0,492.0,492.0,492.0,450.0,450.0,450.0,450.0,450.0,450.0,2934.0,2934.0,2934.0,2934.0,2934.0,2934.0,2934.0,2934.0,2934.0,2934.0,2934.0,2934.0,2934.0,2934.0,2934.0,2934.0,2934.0,2934.0,2934.0,2934.0,2934.0,2934.0,2934.0,2934.0,2934.0,2934.0,2934.0,2934.0,2934.0,2934.0,2934.0,2934.0,2934.0,2934.0,2934.0,2934.0,2934.0,2934.0,2934.0,2934.0,2934.0,2934.0,2934.0,229.0,229.0,229.0,229.0,229.0,229.0,229.0,229.0,229.0,229.0,229.0,229.0,229.0,229.0,229.0,229.0,229.0,229.0
84,3350.0,3350.0,3350.0,3350.0,3350.0,3350.0,3323.0,3350.0,3350.0,3331.0,3350.0,2937.0,2937.0,1688.0,375.0,2967.0,637.0,3350.0,3350.0,3350.0,3350.0,3350.0,3350.0,3350.0,3350.0,3350.0,3350.0,3350.0,3350.0,3350.0,3350.0,3350.0,1776.0,1900.0,2784.0,1808.0,433.0,245.0,352.0,352.0,3129.0,1691.0,409.0,376.0,359.0,3129.0,1691.0,1691.0,1691.0,1766.0,1337.0,2594.0,1348.0,1348.0,1348.0,1691.0,1691.0,1691.0,1691.0,1691.0,1691.0,1691.0,1691.0,1691.0,1691.0,1691.0,3129.0,3129.0,3129.0,3129.0,3129.0,3129.0,3129.0,3129.0,3129.0,3129.0,3129.0,3129.0,3129.0,3129.0,3129.0,3129.0,3129.0,3129.0,3129.0,3129.0,3129.0,3129.0,3129.0,2784.0,2784.0,2784.0,2784.0,2784.0,2784.0,2784.0,2784.0,2784.0,2784.0,2784.0,2784.0,2784.0,2784.0,2784.0,2784.0,2784.0,2784.0,3122.0,3122.0,3122.0,3122.0,3122.0,3122.0,3122.0,3122.0,3122.0,3122.0,3122.0,3122.0,3122.0,3122.0,3122.0,3122.0,3122.0,3122.0,3122.0,3122.0,3122.0,3122.0,3129.0,3129.0,3129.0,3129.0,3129.0,3129.0,3129.0,3129.0,3129.0,3129.0,3129.0,3129.0,3129.0,3129.0,3129.0,3129.0,3129.0,3129.0,3129.0,3129.0,3350.0,3350.0,3350.0,3350.0,3350.0,3350.0,3350.0,3350.0,3350.0,3350.0,3350.0,3350.0,3350.0,3350.0,3350.0,3350.0,3350.0,3350.0,3350.0,3350.0,3350.0,3350.0,3350.0,3350.0,3350.0,3350.0,3350.0,3350.0,3350.0,3350.0,3350.0,3350.0,3350.0,3350.0,3350.0,3350.0,3350.0,3350.0,3350.0,3350.0,3350.0,3350.0,3350.0,252.0,252.0,252.0,252.0,252.0,252.0,252.0,252.0,252.0,252.0,252.0,252.0,252.0,252.0,252.0,252.0,252.0,252.0,252.0,252.0,252.0,252.0,252.0,252.0,252.0,252.0,252.0,252.0,252.0,614.0,614.0,614.0,614.0,614.0,614.0,614.0,614.0,614.0,614.0,614.0,614.0,614.0,614.0,614.0,614.0,614.0,614.0,614.0,614.0,614.0,614.0,614.0,614.0,614.0,614.0,614.0,614.0,614.0,614.0,614.0,614.0,614.0,614.0,614.0,614.0,614.0,614.0,614.0,614.0,614.0,614.0,614.0,614.0,614.0,614.0,614.0,614.0,614.0,614.0,567.0,567.0,567.0,618.0,618.0,618.0,567.0,567.0,567.0,567.0,618.0,567.0,567.0,567.0,567.0,567.0,567.0,618.0,567.0,567.0,567.0,618.0,618.0,567.0,567.0,567.0,567.0,567.0,618.0,567.0,567.0,567.0,567.0,618.0,618.0,567.0,567.0,567.0,618.0,618.0,567.0,567.0,618.0,567.0,567.0,567.0,567.0,567.0,567.0,567.0,567.0,567.0,567.0,618.0,618.0,618.0,567.0,567.0,567.0,567.0,567.0,567.0,3350.0,3350.0,3350.0,3350.0,3350.0,3350.0,3350.0,3350.0,3350.0,3350.0,3350.0,3350.0,3350.0,3350.0,3350.0,3350.0,3350.0,3350.0,3350.0,3350.0,3350.0,3350.0,3350.0,3350.0,3350.0,3350.0,3350.0,3350.0,3350.0,3350.0,3350.0,3350.0,3350.0,3350.0,3350.0,3350.0,3350.0,3350.0,3350.0,3350.0,3350.0,3350.0,3350.0,252.0,252.0,252.0,252.0,252.0,252.0,252.0,252.0,252.0,252.0,252.0,252.0,252.0,252.0,252.0,252.0,252.0,252.0
85,3574.0,3574.0,3574.0,3574.0,3574.0,3574.0,3526.0,3574.0,3574.0,3555.0,3574.0,3084.0,3084.0,1772.0,433.0,3153.0,712.0,3574.0,3574.0,3574.0,3574.0,3574.0,3574.0,3574.0,3574.0,3574.0,3574.0,3574.0,3574.0,3574.0,3574.0,3574.0,1939.0,2085.0,2976.0,1983.0,502.0,291.0,393.0,393.0,3352.0,1782.0,485.0,447.0,427.0,3356.0,1783.0,1783.0,1783.0,1962.0,1458.0,2728.0,1413.0,1413.0,1413.0,1782.0,1782.0,1782.0,1782.0,1782.0,1782.0,1782.0,1782.0,1782.0,1782.0,1782.0,3352.0,3352.0,3352.0,3352.0,3352.0,3352.0,3352.0,3352.0,3352.0,3352.0,3352.0,3352.0,3352.0,3352.0,3352.0,3352.0,3352.0,3352.0,3352.0,3352.0,3352.0,3352.0,3352.0,2975.0,2975.0,2975.0,2975.0,2975.0,2975.0,2975.0,2975.0,2975.0,2975.0,2975.0,2975.0,2975.0,2975.0,2975.0,2975.0,2975.0,2975.0,3343.0,3343.0,3343.0,3343.0,3343.0,3343.0,3343.0,3343.0,3343.0,3343.0,3343.0,3343.0,3343.0,3343.0,3343.0,3343.0,3343.0,3343.0,3343.0,3343.0,3343.0,3343.0,3356.0,3356.0,3356.0,3356.0,3356.0,3356.0,3356.0,3356.0,3356.0,3356.0,3356.0,3356.0,3356.0,3356.0,3356.0,3356.0,3356.0,3356.0,3356.0,3356.0,3574.0,3574.0,3574.0,3574.0,3574.0,3574.0,3574.0,3574.0,3574.0,3574.0,3574.0,3574.0,3574.0,3574.0,3574.0,3574.0,3574.0,3574.0,3574.0,3574.0,3574.0,3574.0,3574.0,3574.0,3574.0,3574.0,3574.0,3574.0,3574.0,3574.0,3574.0,3574.0,3574.0,3574.0,3574.0,3574.0,3574.0,3574.0,3574.0,3574.0,3574.0,3574.0,3574.0,239.0,239.0,239.0,239.0,239.0,239.0,239.0,239.0,239.0,239.0,239.0,239.0,239.0,239.0,239.0,239.0,239.0,239.0,239.0,239.0,239.0,239.0,239.0,239.0,239.0,239.0,239.0,239.0,239.0,678.0,678.0,678.0,678.0,678.0,678.0,678.0,678.0,678.0,678.0,678.0,678.0,678.0,678.0,678.0,678.0,678.0,678.0,678.0,678.0,678.0,678.0,678.0,678.0,678.0,678.0,678.0,678.0,678.0,678.0,678.0,678.0,678.0,678.0,678.0,678.0,678.0,678.0,678.0,678.0,678.0,678.0,678.0,678.0,678.0,678.0,678.0,678.0,678.0,678.0,608.0,608.0,608.0,685.0,685.0,685.0,608.0,608.0,608.0,608.0,685.0,608.0,608.0,608.0,608.0,608.0,608.0,685.0,608.0,608.0,608.0,685.0,685.0,608.0,608.0,608.0,608.0,608.0,685.0,608.0,608.0,608.0,608.0,685.0,685.0,608.0,608.0,608.0,685.0,685.0,608.0,608.0,685.0,608.0,608.0,608.0,608.0,608.0,608.0,608.0,608.0,608.0,608.0,685.0,685.0,685.0,608.0,608.0,608.0,608.0,608.0,608.0,3574.0,3574.0,3574.0,3574.0,3574.0,3574.0,3574.0,3574.0,3574.0,3574.0,3574.0,3574.0,3574.0,3574.0,3574.0,3574.0,3574.0,3574.0,3574.0,3574.0,3574.0,3574.0,3574.0,3574.0,3574.0,3574.0,3574.0,3574.0,3574.0,3574.0,3574.0,3574.0,3574.0,3574.0,3574.0,3574.0,3574.0,3574.0,3574.0,3574.0,3574.0,3574.0,3574.0,241.0,241.0,241.0,241.0,241.0,241.0,241.0,241.0,241.0,241.0,241.0,241.0,241.0,241.0,241.0,241.0,241.0,241.0
86,2661.0,2661.0,2661.0,2661.0,2661.0,2661.0,2631.0,2661.0,2661.0,2649.0,2661.0,2323.0,2323.0,1289.0,301.0,2313.0,538.0,2661.0,2661.0,2661.0,2661.0,2661.0,2661.0,2661.0,2661.0,2661.0,2661.0,2661.0,2661.0,2661.0,2661.0,2661.0,1385.0,1493.0,2152.0,1409.0,351.0,201.0,276.0,276.0,2472.0,1289.0,337.0,313.0,302.0,2471.0,1289.0,1289.0,1289.0,1536.0,1174.0,2034.0,1026.0,1026.0,1026.0,1289.0,1289.0,1289.0,1289.0,1289.0,1289.0,1289.0,1289.0,1289.0,1289.0,1289.0,2471.0,2471.0,2471.0,2471.0,2471.0,2471.0,2471.0,2471.0,2471.0,2471.0,2471.0,2471.0,2471.0,2471.0,2471.0,2471.0,2471.0,2471.0,2471.0,2471.0,2471.0,2471.0,2471.0,2152.0,2152.0,2152.0,2152.0,2152.0,2152.0,2152.0,2152.0,2152.0,2152.0,2152.0,2152.0,2152.0,2152.0,2152.0,2152.0,2152.0,2152.0,2458.0,2458.0,2458.0,2458.0,2458.0,2458.0,2458.0,2458.0,2458.0,2458.0,2458.0,2458.0,2458.0,2458.0,2458.0,2458.0,2458.0,2458.0,2458.0,2458.0,2458.0,2458.0,2471.0,2471.0,2471.0,2471.0,2471.0,2471.0,2471.0,2471.0,2471.0,2471.0,2471.0,2471.0,2471.0,2471.0,2471.0,2471.0,2471.0,2471.0,2471.0,2471.0,2661.0,2661.0,2661.0,2661.0,2661.0,2661.0,2661.0,2661.0,2661.0,2661.0,2661.0,2661.0,2661.0,2661.0,2661.0,2661.0,2661.0,2661.0,2661.0,2661.0,2661.0,2661.0,2661.0,2661.0,2661.0,2661.0,2661.0,2661.0,2661.0,2661.0,2661.0,2661.0,2661.0,2661.0,2661.0,2661.0,2661.0,2661.0,2661.0,2661.0,2661.0,2661.0,2661.0,208.0,208.0,208.0,208.0,208.0,208.0,208.0,208.0,208.0,208.0,208.0,208.0,208.0,208.0,208.0,208.0,208.0,208.0,208.0,208.0,208.0,208.0,208.0,208.0,208.0,208.0,208.0,208.0,208.0,512.0,512.0,512.0,512.0,512.0,512.0,512.0,512.0,512.0,512.0,512.0,512.0,512.0,512.0,512.0,512.0,512.0,512.0,512.0,512.0,512.0,512.0,512.0,512.0,512.0,512.0,512.0,512.0,512.0,512.0,512.0,512.0,512.0,512.0,512.0,512.0,512.0,512.0,512.0,512.0,512.0,512.0,512.0,512.0,512.0,512.0,512.0,512.0,512.0,512.0,483.0,483.0,483.0,516.0,516.0,516.0,483.0,483.0,483.0,483.0,516.0,483.0,483.0,483.0,483.0,483.0,483.0,516.0,483.0,483.0,483.0,516.0,516.0,483.0,483.0,483.0,483.0,483.0,516.0,483.0,483.0,483.0,483.0,516.0,516.0,483.0,483.0,483.0,516.0,516.0,483.0,483.0,516.0,483.0,483.0,483.0,483.0,483.0,483.0,483.0,483.0,483.0,483.0,516.0,516.0,516.0,483.0,483.0,483.0,483.0,483.0,483.0,2661.0,2661.0,2661.0,2661.0,2661.0,2661.0,2661.0,2661.0,2661.0,2661.0,2661.0,2661.0,2661.0,2661.0,2661.0,2661.0,2661.0,2661.0,2661.0,2661.0,2661.0,2661.0,2661.0,2661.0,2661.0,2661.0,2661.0,2661.0,2661.0,2661.0,2661.0,2661.0,2661.0,2661.0,2661.0,2661.0,2661.0,2661.0,2661.0,2661.0,2661.0,2661.0,2661.0,208.0,208.0,208.0,208.0,208.0,208.0,208.0,208.0,208.0,208.0,208.0,208.0,208.0,208.0,208.0,208.0,208.0,208.0
87,2549.0,2549.0,2549.0,2549.0,2549.0,2549.0,2524.0,2549.0,2549.0,2534.0,2549.0,2219.0,2219.0,1049.0,281.0,2203.0,496.0,2549.0,2549.0,2549.0,2549.0,2549.0,2549.0,2549.0,2549.0,2549.0,2549.0,2549.0,2549.0,2549.0,2549.0,2549.0,1421.0,1510.0,2076.0,1383.0,348.0,195.0,247.0,247.0,2377.0,1063.0,326.0,281.0,269.0,2385.0,1063.0,1063.0,1063.0,1387.0,1044.0,1962.0,775.0,775.0,775.0,1063.0,1063.0,1063.0,1063.0,1063.0,1063.0,1063.0,1063.0,1063.0,1063.0,1063.0,2377.0,2377.0,2377.0,2377.0,2377.0,2377.0,2377.0,2377.0,2377.0,2377.0,2377.0,2377.0,2377.0,2377.0,2377.0,2377.0,2377.0,2377.0,2377.0,2377.0,2377.0,2377.0,2377.0,2075.0,2075.0,2075.0,2075.0,2075.0,2075.0,2075.0,2075.0,2075.0,2075.0,2075.0,2075.0,2075.0,2075.0,2075.0,2075.0,2075.0,2075.0,2384.0,2384.0,2384.0,2384.0,2384.0,2384.0,2384.0,2384.0,2384.0,2384.0,2384.0,2384.0,2384.0,2384.0,2384.0,2384.0,2384.0,2384.0,2384.0,2384.0,2384.0,2384.0,2385.0,2385.0,2385.0,2385.0,2385.0,2385.0,2385.0,2385.0,2385.0,2385.0,2385.0,2385.0,2385.0,2385.0,2385.0,2385.0,2385.0,2385.0,2385.0,2385.0,2549.0,2549.0,2549.0,2549.0,2549.0,2549.0,2549.0,2549.0,2549.0,2549.0,2549.0,2549.0,2549.0,2549.0,2549.0,2549.0,2549.0,2549.0,2549.0,2549.0,2549.0,2549.0,2549.0,2549.0,2549.0,2549.0,2549.0,2549.0,2549.0,2549.0,2549.0,2549.0,2549.0,2549.0,2549.0,2549.0,2549.0,2549.0,2549.0,2549.0,2549.0,2549.0,2549.0,181.0,181.0,181.0,181.0,181.0,181.0,181.0,181.0,181.0,181.0,181.0,181.0,181.0,181.0,181.0,181.0,181.0,181.0,181.0,181.0,181.0,181.0,181.0,181.0,181.0,181.0,181.0,181.0,181.0,459.0,459.0,459.0,459.0,459.0,459.0,459.0,459.0,459.0,459.0,459.0,459.0,459.0,459.0,459.0,459.0,459.0,459.0,459.0,459.0,459.0,459.0,459.0,459.0,459.0,459.0,459.0,459.0,459.0,459.0,459.0,459.0,459.0,459.0,459.0,459.0,459.0,459.0,459.0,459.0,459.0,459.0,459.0,459.0,459.0,459.0,459.0,459.0,459.0,459.0,426.0,426.0,426.0,465.0,465.0,465.0,426.0,426.0,426.0,426.0,465.0,426.0,426.0,426.0,426.0,426.0,426.0,465.0,426.0,426.0,426.0,465.0,465.0,426.0,426.0,426.0,426.0,426.0,465.0,426.0,426.0,426.0,426.0,465.0,465.0,426.0,426.0,426.0,465.0,465.0,426.0,426.0,465.0,426.0,426.0,426.0,426.0,426.0,426.0,426.0,426.0,426.0,426.0,465.0,465.0,465.0,426.0,426.0,426.0,426.0,426.0,426.0,2549.0,2549.0,2549.0,2549.0,2549.0,2549.0,2549.0,2549.0,2549.0,2549.0,2549.0,2549.0,2549.0,2549.0,2549.0,2549.0,2549.0,2549.0,2549.0,2549.0,2549.0,2549.0,2549.0,2549.0,2549.0,2549.0,2549.0,2549.0,2549.0,2549.0,2549.0,2549.0,2549.0,2549.0,2549.0,2549.0,2549.0,2549.0,2549.0,2549.0,2549.0,2549.0,2549.0,182.0,182.0,182.0,182.0,182.0,182.0,182.0,182.0,182.0,182.0,182.0,182.0,182.0,182.0,182.0,182.0,182.0,182.0
88,3021.0,3021.0,3021.0,3021.0,3021.0,3021.0,3000.0,3021.0,3021.0,2998.0,3021.0,2664.0,2664.0,1342.0,225.0,2264.0,458.0,3021.0,3021.0,3021.0,3021.0,3021.0,3021.0,3021.0,3021.0,3021.0,3021.0,3021.0,3021.0,3021.0,3021.0,3021.0,1715.0,1843.0,2136.0,1422.0,313.0,187.0,230.0,230.0,2799.0,1346.0,287.0,239.0,227.0,2479.0,1345.0,1345.0,1345.0,1241.0,933.0,2076.0,1054.0,1054.0,1054.0,1346.0,1346.0,1346.0,1346.0,1346.0,1346.0,1346.0,1346.0,1346.0,1346.0,1346.0,2799.0,2799.0,2799.0,2799.0,2799.0,2799.0,2799.0,2799.0,2799.0,2799.0,2799.0,2799.0,2799.0,2799.0,2799.0,2799.0,2799.0,2799.0,2799.0,2799.0,2799.0,2799.0,2799.0,2136.0,2136.0,2136.0,2136.0,2136.0,2136.0,2136.0,2136.0,2136.0,2136.0,2136.0,2136.0,2136.0,2136.0,2136.0,2136.0,2136.0,2136.0,2844.0,2844.0,2844.0,2844.0,2844.0,2844.0,2844.0,2844.0,2844.0,2844.0,2844.0,2844.0,2844.0,2844.0,2844.0,2844.0,2844.0,2844.0,2844.0,2844.0,2844.0,2844.0,2479.0,2479.0,2479.0,2479.0,2479.0,2479.0,2479.0,2479.0,2479.0,2479.0,2479.0,2479.0,2479.0,2479.0,2479.0,2479.0,2479.0,2479.0,2479.0,2479.0,3021.0,3021.0,3021.0,3021.0,3021.0,3021.0,3021.0,3021.0,3021.0,3021.0,3021.0,3021.0,3021.0,3021.0,3021.0,3021.0,3021.0,3021.0,3021.0,3021.0,3021.0,3021.0,3021.0,3021.0,3021.0,3021.0,3021.0,3021.0,3021.0,3021.0,3021.0,3021.0,3021.0,3021.0,3021.0,3021.0,3021.0,3021.0,3021.0,3021.0,3021.0,3021.0,3021.0,183.0,183.0,183.0,183.0,183.0,183.0,183.0,183.0,183.0,183.0,183.0,183.0,183.0,183.0,183.0,183.0,183.0,183.0,183.0,183.0,183.0,183.0,183.0,183.0,183.0,183.0,183.0,183.0,183.0,411.0,411.0,411.0,411.0,411.0,411.0,411.0,411.0,411.0,411.0,411.0,411.0,411.0,411.0,411.0,411.0,411.0,411.0,411.0,411.0,411.0,411.0,411.0,411.0,411.0,411.0,411.0,411.0,411.0,411.0,411.0,411.0,411.0,411.0,411.0,411.0,411.0,411.0,411.0,411.0,411.0,411.0,411.0,411.0,411.0,411.0,411.0,411.0,411.0,411.0,381.0,381.0,381.0,417.0,417.0,417.0,381.0,381.0,381.0,381.0,417.0,381.0,381.0,381.0,381.0,381.0,381.0,417.0,381.0,381.0,381.0,417.0,417.0,381.0,381.0,381.0,381.0,381.0,417.0,381.0,381.0,381.0,381.0,417.0,417.0,381.0,381.0,381.0,417.0,417.0,381.0,381.0,417.0,381.0,381.0,381.0,381.0,381.0,381.0,381.0,381.0,381.0,381.0,417.0,417.0,417.0,381.0,381.0,381.0,381.0,381.0,381.0,3021.0,3021.0,3021.0,3021.0,3021.0,3021.0,3021.0,3021.0,3021.0,3021.0,3021.0,3021.0,3021.0,3021.0,3021.0,3021.0,3021.0,3021.0,3021.0,3021.0,3021.0,3021.0,3021.0,3021.0,3021.0,3021.0,3021.0,3021.0,3021.0,3021.0,3021.0,3021.0,3021.0,3021.0,3021.0,3021.0,3021.0,3021.0,3021.0,3021.0,3021.0,3021.0,3021.0,185.0,185.0,185.0,185.0,185.0,185.0,185.0,185.0,185.0,185.0,185.0,185.0,185.0,185.0,185.0,185.0,185.0,185.0
89,3226.0,3226.0,3226.0,3226.0,3226.0,3226.0,3198.0,3226.0,3226.0,3220.0,3226.0,2909.0,2909.0,1646.0,281.0,2557.0,538.0,3226.0,3226.0,3226.0,3226.0,3226.0,3226.0,3226.0,3226.0,3226.0,3226.0,3226.0,3226.0,3226.0,3226.0,3226.0,1772.0,1883.0,2386.0,1563.0,326.0,177.0,313.0,313.0,2991.0,1654.0,302.0,282.0,294.0,2760.0,1654.0,1654.0,1654.0,1374.0,1049.0,2333.0,1350.0,1350.0,1350.0,1654.0,1654.0,1654.0,1654.0,1654.0,1654.0,1654.0,1654.0,1654.0,1654.0,1654.0,2991.0,2991.0,2991.0,2991.0,2991.0,2991.0,2991.0,2991.0,2991.0,2991.0,2991.0,2991.0,2991.0,2991.0,2991.0,2991.0,2991.0,2991.0,2991.0,2991.0,2991.0,2991.0,2991.0,2386.0,2386.0,2386.0,2386.0,2386.0,2386.0,2386.0,2386.0,2386.0,2386.0,2386.0,2386.0,2386.0,2386.0,2386.0,2386.0,2386.0,2386.0,2981.0,2981.0,2981.0,2981.0,2981.0,2981.0,2981.0,2981.0,2981.0,2981.0,2981.0,2981.0,2981.0,2981.0,2981.0,2981.0,2981.0,2981.0,2981.0,2981.0,2981.0,2981.0,2760.0,2760.0,2760.0,2760.0,2760.0,2760.0,2760.0,2760.0,2760.0,2760.0,2760.0,2760.0,2760.0,2760.0,2760.0,2760.0,2760.0,2760.0,2760.0,2760.0,3226.0,3226.0,3226.0,3226.0,3226.0,3226.0,3226.0,3226.0,3226.0,3226.0,3226.0,3226.0,3226.0,3226.0,3226.0,3226.0,3226.0,3226.0,3226.0,3226.0,3226.0,3226.0,3226.0,3226.0,3226.0,3226.0,3226.0,3226.0,3226.0,3226.0,3226.0,3226.0,3226.0,3226.0,3226.0,3226.0,3226.0,3226.0,3226.0,3226.0,3226.0,3226.0,3226.0,248.0,248.0,248.0,248.0,248.0,248.0,248.0,248.0,248.0,248.0,248.0,248.0,248.0,248.0,248.0,248.0,248.0,248.0,248.0,248.0,248.0,248.0,248.0,248.0,248.0,248.0,248.0,248.0,248.0,523.0,523.0,523.0,523.0,523.0,523.0,523.0,523.0,523.0,523.0,523.0,523.0,523.0,523.0,523.0,523.0,523.0,523.0,523.0,523.0,523.0,523.0,523.0,523.0,523.0,523.0,523.0,523.0,523.0,523.0,523.0,523.0,523.0,523.0,523.0,523.0,523.0,523.0,523.0,523.0,523.0,523.0,523.0,523.0,523.0,523.0,523.0,523.0,523.0,523.0,493.0,493.0,493.0,527.0,527.0,527.0,493.0,493.0,493.0,493.0,527.0,493.0,493.0,493.0,493.0,493.0,493.0,527.0,493.0,493.0,493.0,527.0,527.0,493.0,493.0,493.0,493.0,493.0,527.0,493.0,493.0,493.0,493.0,527.0,527.0,493.0,493.0,493.0,527.0,527.0,493.0,493.0,527.0,493.0,493.0,493.0,493.0,493.0,493.0,493.0,493.0,493.0,493.0,527.0,527.0,527.0,493.0,493.0,493.0,493.0,493.0,493.0,3226.0,3226.0,3226.0,3226.0,3226.0,3226.0,3226.0,3226.0,3226.0,3226.0,3226.0,3226.0,3226.0,3226.0,3226.0,3226.0,3226.0,3226.0,3226.0,3226.0,3226.0,3226.0,3226.0,3226.0,3226.0,3226.0,3226.0,3226.0,3226.0,3226.0,3226.0,3226.0,3226.0,3226.0,3226.0,3226.0,3226.0,3226.0,3226.0,3226.0,3226.0,3226.0,3226.0,256.0,256.0,256.0,256.0,256.0,256.0,256.0,256.0,256.0,256.0,256.0,256.0,256.0,256.0,256.0,256.0,256.0,256.0
90,3353.0,3353.0,3353.0,3353.0,3353.0,3353.0,2516.0,2540.0,2540.0,2529.0,2540.0,2999.0,2999.0,1205.0,193.0,2814.0,544.0,3353.0,3353.0,3353.0,3353.0,3353.0,3353.0,3353.0,3353.0,3353.0,3353.0,3353.0,3353.0,3353.0,3353.0,3353.0,1787.0,1938.0,2668.0,1748.0,364.0,195.0,287.0,287.0,3148.0,2246.0,344.0,300.0,279.0,3068.0,2246.0,2246.0,2246.0,1684.0,1314.0,2602.0,1910.0,1910.0,1910.0,2246.0,2246.0,2246.0,2246.0,2246.0,2246.0,2246.0,2246.0,2246.0,2246.0,2246.0,3148.0,3148.0,3148.0,3148.0,3148.0,3148.0,3148.0,3148.0,3148.0,3148.0,3148.0,3148.0,3148.0,3148.0,3148.0,3148.0,3148.0,3148.0,3148.0,3148.0,3148.0,3148.0,3148.0,2668.0,2668.0,2668.0,2668.0,2668.0,2668.0,2668.0,2668.0,2668.0,2668.0,2668.0,2668.0,2668.0,2668.0,2668.0,2668.0,2668.0,2668.0,3148.0,3148.0,3148.0,3148.0,3148.0,3148.0,3148.0,3148.0,3148.0,3148.0,3148.0,3148.0,3148.0,3148.0,3148.0,3148.0,3148.0,3148.0,3148.0,3148.0,3148.0,3148.0,3068.0,3068.0,3068.0,3068.0,3068.0,3068.0,3068.0,3068.0,3068.0,3068.0,3068.0,3068.0,3068.0,3068.0,3068.0,3068.0,3068.0,3068.0,3068.0,3068.0,3353.0,3353.0,3353.0,3353.0,3353.0,3353.0,3353.0,3353.0,3353.0,3353.0,3353.0,3353.0,3353.0,3353.0,3353.0,3353.0,3353.0,3353.0,3353.0,3353.0,3353.0,3353.0,3353.0,3353.0,3353.0,3353.0,3353.0,3353.0,3353.0,3353.0,3353.0,3353.0,3353.0,3353.0,3353.0,3353.0,3353.0,3353.0,3353.0,3353.0,3353.0,3353.0,3353.0,221.0,221.0,221.0,221.0,221.0,221.0,221.0,221.0,221.0,221.0,221.0,221.0,221.0,221.0,221.0,221.0,221.0,221.0,221.0,221.0,221.0,221.0,221.0,221.0,221.0,221.0,221.0,221.0,221.0,513.0,513.0,513.0,513.0,513.0,513.0,513.0,513.0,513.0,513.0,513.0,513.0,513.0,513.0,513.0,513.0,513.0,513.0,513.0,513.0,513.0,513.0,513.0,513.0,513.0,513.0,513.0,513.0,513.0,513.0,513.0,513.0,513.0,513.0,513.0,513.0,513.0,513.0,513.0,513.0,513.0,513.0,513.0,513.0,513.0,513.0,513.0,513.0,513.0,513.0,469.0,469.0,469.0,512.0,512.0,512.0,469.0,469.0,469.0,469.0,512.0,469.0,469.0,469.0,469.0,469.0,469.0,512.0,469.0,469.0,469.0,512.0,512.0,469.0,469.0,469.0,469.0,469.0,512.0,469.0,469.0,469.0,469.0,512.0,512.0,469.0,469.0,469.0,512.0,512.0,469.0,469.0,512.0,469.0,469.0,469.0,469.0,469.0,469.0,469.0,469.0,469.0,469.0,512.0,512.0,512.0,469.0,469.0,469.0,469.0,469.0,469.0,3353.0,3353.0,3353.0,3353.0,3353.0,3353.0,3353.0,3353.0,3353.0,3353.0,3353.0,3353.0,3353.0,3353.0,3353.0,3353.0,3353.0,3353.0,3353.0,3353.0,3353.0,3353.0,3353.0,3353.0,3353.0,3353.0,3353.0,3353.0,3353.0,3353.0,3353.0,3353.0,3353.0,3353.0,3353.0,3353.0,3353.0,3353.0,3353.0,3353.0,3353.0,3353.0,3353.0,222.0,222.0,222.0,222.0,222.0,222.0,222.0,222.0,222.0,222.0,222.0,222.0,222.0,222.0,222.0,222.0,222.0,222.0
91,4007.0,4007.0,4007.0,4007.0,4007.0,4007.0,3976.0,4007.0,4007.0,3984.0,4007.0,3532.0,3532.0,1593.0,132.0,3415.0,704.0,4007.0,4007.0,4007.0,4007.0,4007.0,4007.0,4007.0,4007.0,4007.0,4007.0,4007.0,4007.0,4007.0,4007.0,4007.0,2274.0,2421.0,3223.0,2179.0,495.0,273.0,385.0,385.0,3775.0,2769.0,471.0,415.0,424.0,3779.0,2770.0,2770.0,2770.0,2133.0,1636.0,3175.0,2334.0,2334.0,2334.0,2769.0,2769.0,2769.0,2769.0,2769.0,2769.0,2769.0,2769.0,2769.0,2769.0,2769.0,3775.0,3775.0,3775.0,3775.0,3775.0,3775.0,3775.0,3775.0,3775.0,3775.0,3775.0,3775.0,3775.0,3775.0,3775.0,3775.0,3775.0,3775.0,3775.0,3775.0,3775.0,3775.0,3775.0,3220.0,3220.0,3220.0,3220.0,3220.0,3220.0,3220.0,3220.0,3220.0,3220.0,3220.0,3220.0,3220.0,3220.0,3220.0,3220.0,3220.0,3220.0,3765.0,3765.0,3765.0,3765.0,3765.0,3765.0,3765.0,3765.0,3765.0,3765.0,3765.0,3765.0,3765.0,3765.0,3765.0,3765.0,3765.0,3765.0,3765.0,3765.0,3765.0,3765.0,3779.0,3779.0,3779.0,3779.0,3779.0,3779.0,3779.0,3779.0,3779.0,3779.0,3779.0,3779.0,3779.0,3779.0,3779.0,3779.0,3779.0,3779.0,3779.0,3779.0,4007.0,4007.0,4007.0,4007.0,4007.0,4007.0,4007.0,4007.0,4007.0,4007.0,4007.0,4007.0,4007.0,4007.0,4007.0,4007.0,4007.0,4007.0,4007.0,4007.0,4007.0,4007.0,4007.0,4007.0,4007.0,4007.0,4007.0,4007.0,4007.0,4007.0,4007.0,4007.0,4007.0,4007.0,4007.0,4007.0,4007.0,4007.0,4007.0,4007.0,4007.0,4007.0,4007.0,253.0,253.0,253.0,253.0,253.0,253.0,253.0,253.0,253.0,253.0,253.0,253.0,253.0,253.0,253.0,253.0,253.0,253.0,253.0,253.0,253.0,253.0,253.0,253.0,253.0,253.0,253.0,253.0,253.0,663.0,663.0,663.0,663.0,663.0,663.0,663.0,663.0,663.0,663.0,663.0,663.0,663.0,663.0,663.0,663.0,663.0,663.0,663.0,663.0,663.0,663.0,663.0,663.0,663.0,663.0,663.0,663.0,663.0,663.0,663.0,663.0,663.0,663.0,663.0,663.0,663.0,663.0,663.0,663.0,663.0,663.0,663.0,663.0,663.0,663.0,663.0,663.0,663.0,663.0,607.0,607.0,607.0,665.0,665.0,665.0,607.0,607.0,607.0,607.0,665.0,607.0,607.0,607.0,607.0,607.0,607.0,665.0,607.0,607.0,607.0,665.0,665.0,607.0,607.0,607.0,607.0,607.0,665.0,607.0,607.0,607.0,607.0,665.0,665.0,607.0,607.0,607.0,665.0,665.0,607.0,607.0,665.0,607.0,607.0,607.0,607.0,607.0,607.0,607.0,607.0,607.0,607.0,665.0,665.0,665.0,607.0,607.0,607.0,607.0,607.0,607.0,4007.0,4007.0,4007.0,4007.0,4007.0,4007.0,4007.0,4007.0,4007.0,4007.0,4007.0,4007.0,4007.0,4007.0,4007.0,4007.0,4007.0,4007.0,4007.0,4007.0,4007.0,4007.0,4007.0,4007.0,4007.0,4007.0,4007.0,4007.0,4007.0,4007.0,4007.0,4007.0,4007.0,4007.0,4007.0,4007.0,4007.0,4007.0,4007.0,4007.0,4007.0,4007.0,4007.0,254.0,254.0,254.0,254.0,254.0,254.0,254.0,254.0,254.0,254.0,254.0,254.0,254.0,254.0,254.0,254.0,254.0,254.0
92,6252.0,6252.0,6252.0,6252.0,6252.0,6252.0,6213.0,6252.0,6252.0,6222.0,6252.0,5796.0,5796.0,1837.0,170.0,5610.0,678.0,6252.0,6252.0,6252.0,6252.0,6252.0,6252.0,6252.0,6252.0,6252.0,6252.0,6252.0,6252.0,6252.0,6252.0,6252.0,2677.0,2988.0,5434.0,2824.0,481.0,268.0,351.0,351.0,6017.0,4667.0,449.0,404.0,406.0,6028.0,4675.0,4675.0,4675.0,4104.0,3618.0,5360.0,4011.0,4012.0,4012.0,4667.0,4667.0,4667.0,4667.0,4667.0,4667.0,4667.0,4667.0,4667.0,4667.0,4667.0,6017.0,6017.0,6017.0,6017.0,6017.0,6017.0,6017.0,6017.0,6017.0,6017.0,6017.0,6017.0,6017.0,6017.0,6017.0,6017.0,6017.0,6017.0,6017.0,6017.0,6017.0,6017.0,6017.0,5433.0,5433.0,5433.0,5433.0,5433.0,5433.0,5433.0,5433.0,5433.0,5433.0,5433.0,5433.0,5433.0,5433.0,5433.0,5433.0,5433.0,5433.0,6012.0,6012.0,6012.0,6012.0,6012.0,6012.0,6012.0,6012.0,6012.0,6012.0,6012.0,6012.0,6012.0,6012.0,6012.0,6012.0,6012.0,6012.0,6012.0,6012.0,6012.0,6012.0,6028.0,6028.0,6028.0,6028.0,6028.0,6028.0,6028.0,6028.0,6028.0,6028.0,6028.0,6028.0,6028.0,6028.0,6028.0,6028.0,6028.0,6028.0,6028.0,6028.0,6252.0,6252.0,6252.0,6252.0,6252.0,6252.0,6252.0,6252.0,6252.0,6252.0,6252.0,6252.0,6252.0,6252.0,6252.0,6252.0,6252.0,6252.0,6252.0,6252.0,6252.0,6252.0,6252.0,6252.0,6252.0,6252.0,6252.0,6252.0,6252.0,6252.0,6252.0,6252.0,6252.0,6252.0,6252.0,6252.0,6252.0,6252.0,6252.0,6252.0,6252.0,6252.0,6252.0,254.0,254.0,254.0,254.0,254.0,254.0,254.0,254.0,254.0,254.0,254.0,254.0,254.0,254.0,254.0,254.0,254.0,254.0,254.0,254.0,254.0,254.0,254.0,254.0,254.0,254.0,254.0,254.0,254.0,642.0,642.0,642.0,642.0,642.0,642.0,642.0,642.0,642.0,642.0,642.0,642.0,642.0,642.0,642.0,642.0,642.0,642.0,642.0,642.0,642.0,642.0,642.0,642.0,642.0,642.0,642.0,642.0,642.0,642.0,642.0,642.0,642.0,642.0,642.0,642.0,642.0,642.0,642.0,642.0,642.0,642.0,642.0,642.0,642.0,642.0,642.0,642.0,642.0,642.0,592.0,592.0,592.0,649.0,649.0,649.0,592.0,592.0,592.0,592.0,649.0,592.0,592.0,592.0,592.0,592.0,592.0,649.0,592.0,592.0,592.0,649.0,649.0,592.0,592.0,592.0,592.0,592.0,649.0,592.0,592.0,592.0,592.0,649.0,649.0,592.0,592.0,592.0,649.0,649.0,592.0,592.0,649.0,592.0,592.0,592.0,592.0,592.0,592.0,592.0,592.0,592.0,592.0,649.0,649.0,649.0,592.0,592.0,592.0,592.0,592.0,592.0,6252.0,6252.0,6252.0,6252.0,6252.0,6252.0,6252.0,6252.0,6252.0,6252.0,6252.0,6252.0,6252.0,6252.0,6252.0,6252.0,6252.0,6252.0,6252.0,6252.0,6252.0,6252.0,6252.0,6252.0,6252.0,6252.0,6252.0,6252.0,6252.0,6252.0,6252.0,6252.0,6252.0,6252.0,6252.0,6252.0,6252.0,6252.0,6252.0,6252.0,6252.0,6252.0,6252.0,255.0,255.0,255.0,255.0,255.0,255.0,255.0,255.0,255.0,255.0,255.0,255.0,255.0,255.0,255.0,255.0,255.0,255.0
93,4524.0,4524.0,4524.0,4524.0,4524.0,4524.0,4494.0,4524.0,4524.0,4506.0,4524.0,4116.0,4116.0,1449.0,144.0,4001.0,577.0,4524.0,4524.0,4524.0,4524.0,4524.0,4524.0,4524.0,4524.0,4524.0,4524.0,4524.0,4524.0,4524.0,4524.0,4524.0,2123.0,2364.0,3872.0,2223.0,417.0,232.0,285.0,285.0,4357.0,3305.0,403.0,359.0,326.0,4349.0,3303.0,3303.0,3303.0,3022.0,2577.0,3785.0,2847.0,2847.0,2847.0,3305.0,3305.0,3305.0,3305.0,3305.0,3305.0,3305.0,3305.0,3305.0,3305.0,3305.0,4357.0,4357.0,4357.0,4357.0,4357.0,4357.0,4357.0,4357.0,4357.0,4357.0,4357.0,4357.0,4357.0,4357.0,4357.0,4357.0,4357.0,4357.0,4357.0,4357.0,4357.0,4357.0,4357.0,3872.0,3872.0,3872.0,3872.0,3872.0,3872.0,3872.0,3872.0,3872.0,3872.0,3872.0,3872.0,3872.0,3872.0,3872.0,3872.0,3872.0,3872.0,4347.0,4347.0,4347.0,4347.0,4347.0,4347.0,4347.0,4347.0,4347.0,4347.0,4347.0,4347.0,4347.0,4347.0,4347.0,4347.0,4347.0,4347.0,4347.0,4347.0,4347.0,4347.0,4349.0,4349.0,4349.0,4349.0,4349.0,4349.0,4349.0,4349.0,4349.0,4349.0,4349.0,4349.0,4349.0,4349.0,4349.0,4349.0,4349.0,4349.0,4349.0,4349.0,4524.0,4524.0,4524.0,4524.0,4524.0,4524.0,4524.0,4524.0,4524.0,4524.0,4524.0,4524.0,4524.0,4524.0,4524.0,4524.0,4524.0,4524.0,4524.0,4524.0,4524.0,4524.0,4524.0,4524.0,4524.0,4524.0,4524.0,4524.0,4524.0,4524.0,4524.0,4524.0,4524.0,4524.0,4524.0,4524.0,4524.0,4524.0,4524.0,4524.0,4524.0,4524.0,4524.0,186.0,186.0,186.0,186.0,186.0,186.0,186.0,186.0,186.0,186.0,186.0,186.0,186.0,186.0,186.0,186.0,186.0,186.0,186.0,186.0,186.0,186.0,186.0,186.0,186.0,186.0,186.0,186.0,186.0,540.0,540.0,540.0,540.0,540.0,540.0,540.0,540.0,540.0,540.0,540.0,540.0,540.0,540.0,540.0,540.0,540.0,540.0,540.0,540.0,540.0,540.0,540.0,540.0,540.0,540.0,540.0,540.0,540.0,540.0,540.0,540.0,540.0,540.0,540.0,540.0,540.0,540.0,540.0,540.0,540.0,540.0,540.0,540.0,540.0,540.0,540.0,540.0,540.0,540.0,492.0,492.0,492.0,544.0,544.0,544.0,492.0,492.0,492.0,492.0,544.0,492.0,492.0,492.0,492.0,492.0,492.0,544.0,492.0,492.0,492.0,544.0,544.0,492.0,492.0,492.0,492.0,492.0,544.0,492.0,492.0,492.0,492.0,544.0,544.0,492.0,492.0,492.0,544.0,544.0,492.0,492.0,544.0,492.0,492.0,492.0,492.0,492.0,492.0,492.0,492.0,492.0,492.0,544.0,544.0,544.0,492.0,492.0,492.0,492.0,492.0,492.0,4524.0,4524.0,4524.0,4524.0,4524.0,4524.0,4524.0,4524.0,4524.0,4524.0,4524.0,4524.0,4524.0,4524.0,4524.0,4524.0,4524.0,4524.0,4524.0,4524.0,4524.0,4524.0,4524.0,4524.0,4524.0,4524.0,4524.0,4524.0,4524.0,4524.0,4524.0,4524.0,4524.0,4524.0,4524.0,4524.0,4524.0,4524.0,4524.0,4524.0,4524.0,4524.0,4524.0,186.0,186.0,186.0,186.0,186.0,186.0,186.0,186.0,186.0,186.0,186.0,186.0,186.0,186.0,186.0,186.0,186.0,186.0
94,2931.0,2931.0,2931.0,2931.0,2931.0,2931.0,2906.0,2931.0,2931.0,2917.0,2931.0,2585.0,2585.0,1138.0,111.0,2426.0,504.0,2931.0,2931.0,2931.0,2931.0,2931.0,2931.0,2931.0,2931.0,2931.0,2931.0,2931.0,2931.0,2931.0,2931.0,2931.0,1642.0,1744.0,2293.0,1508.0,362.0,189.0,232.0,232.0,2764.0,1987.0,330.0,299.0,252.0,2667.0,2002.0,2002.0,2002.0,1562.0,1207.0,2236.0,1749.0,1749.0,1749.0,1987.0,1987.0,1987.0,1987.0,1987.0,1987.0,1987.0,1987.0,1987.0,1987.0,1987.0,2764.0,2764.0,2764.0,2764.0,2764.0,2764.0,2764.0,2764.0,2764.0,2764.0,2764.0,2764.0,2764.0,2764.0,2764.0,2764.0,2764.0,2764.0,2764.0,2764.0,2764.0,2764.0,2764.0,2293.0,2293.0,2293.0,2293.0,2293.0,2293.0,2293.0,2293.0,2293.0,2293.0,2293.0,2293.0,2293.0,2293.0,2293.0,2293.0,2293.0,2293.0,2758.0,2758.0,2758.0,2758.0,2758.0,2758.0,2758.0,2758.0,2758.0,2758.0,2758.0,2758.0,2758.0,2758.0,2758.0,2758.0,2758.0,2758.0,2758.0,2758.0,2758.0,2758.0,2667.0,2667.0,2667.0,2667.0,2667.0,2667.0,2667.0,2667.0,2667.0,2667.0,2667.0,2667.0,2667.0,2667.0,2667.0,2667.0,2667.0,2667.0,2667.0,2667.0,2931.0,2931.0,2931.0,2931.0,2931.0,2931.0,2931.0,2931.0,2931.0,2931.0,2931.0,2931.0,2931.0,2931.0,2931.0,2931.0,2931.0,2931.0,2931.0,2931.0,2931.0,2931.0,2931.0,2931.0,2931.0,2931.0,2931.0,2931.0,2931.0,2931.0,2931.0,2931.0,2931.0,2931.0,2931.0,2931.0,2931.0,2931.0,2931.0,2931.0,2931.0,2931.0,2931.0,178.0,178.0,178.0,178.0,178.0,178.0,178.0,178.0,178.0,178.0,178.0,178.0,178.0,178.0,178.0,178.0,178.0,178.0,178.0,178.0,178.0,178.0,178.0,178.0,178.0,178.0,178.0,178.0,178.0,463.0,463.0,463.0,463.0,463.0,463.0,463.0,463.0,463.0,463.0,463.0,463.0,463.0,463.0,463.0,463.0,463.0,463.0,463.0,463.0,463.0,463.0,463.0,463.0,463.0,463.0,463.0,463.0,463.0,463.0,463.0,463.0,463.0,463.0,463.0,463.0,463.0,463.0,463.0,463.0,463.0,463.0,463.0,463.0,463.0,463.0,463.0,463.0,463.0,463.0,421.0,421.0,421.0,471.0,471.0,471.0,421.0,421.0,421.0,421.0,471.0,421.0,421.0,421.0,421.0,421.0,421.0,471.0,421.0,421.0,421.0,471.0,471.0,421.0,421.0,421.0,421.0,421.0,471.0,421.0,421.0,421.0,421.0,471.0,471.0,421.0,421.0,421.0,471.0,471.0,421.0,421.0,471.0,421.0,421.0,421.0,421.0,421.0,421.0,421.0,421.0,421.0,421.0,471.0,471.0,471.0,421.0,421.0,421.0,421.0,421.0,421.0,2931.0,2931.0,2931.0,2931.0,2931.0,2931.0,2931.0,2931.0,2931.0,2931.0,2931.0,2931.0,2931.0,2931.0,2931.0,2931.0,2931.0,2931.0,2931.0,2931.0,2931.0,2931.0,2931.0,2931.0,2931.0,2931.0,2931.0,2931.0,2931.0,2931.0,2931.0,2931.0,2931.0,2931.0,2931.0,2931.0,2931.0,2931.0,2931.0,2931.0,2931.0,2931.0,2931.0,180.0,180.0,180.0,180.0,180.0,180.0,180.0,180.0,180.0,180.0,180.0,180.0,180.0,180.0,180.0,180.0,180.0,180.0
95,3711.0,3711.0,3711.0,3711.0,3711.0,3711.0,3671.0,3711.0,3711.0,3695.0,3711.0,3400.0,3400.0,1207.0,117.0,2631.0,505.0,3711.0,3711.0,3711.0,3711.0,3711.0,3711.0,3711.0,3711.0,3711.0,3711.0,3711.0,3711.0,3711.0,3711.0,3709.0,2189.0,2333.0,2478.0,1633.0,329.0,173.0,253.0,253.0,3527.0,2081.0,309.0,279.0,254.0,2878.0,2082.0,2082.0,2082.0,1512.0,1182.0,2471.0,1778.0,1778.0,1778.0,2081.0,2081.0,2081.0,2081.0,2081.0,2081.0,2081.0,2081.0,2081.0,2081.0,2081.0,3527.0,3527.0,3527.0,3527.0,3527.0,3527.0,3527.0,3527.0,3527.0,3527.0,3527.0,3527.0,3527.0,3527.0,3527.0,3527.0,3527.0,3527.0,3527.0,3527.0,3527.0,3527.0,3527.0,2478.0,2478.0,2478.0,2478.0,2478.0,2478.0,2478.0,2478.0,2478.0,2478.0,2478.0,2478.0,2478.0,2478.0,2478.0,2478.0,2478.0,2478.0,3516.0,3516.0,3516.0,3516.0,3516.0,3516.0,3516.0,3516.0,3516.0,3516.0,3516.0,3516.0,3516.0,3516.0,3516.0,3516.0,3516.0,3516.0,3516.0,3516.0,3516.0,3516.0,2878.0,2878.0,2878.0,2878.0,2878.0,2878.0,2878.0,2878.0,2878.0,2878.0,2878.0,2878.0,2878.0,2878.0,2878.0,2878.0,2878.0,2878.0,2878.0,2878.0,3711.0,3711.0,3711.0,3711.0,3711.0,3711.0,3711.0,3711.0,3711.0,3711.0,3711.0,3711.0,3711.0,3711.0,3711.0,3711.0,3711.0,3711.0,3711.0,3711.0,3711.0,3711.0,3711.0,3711.0,3711.0,3711.0,3711.0,3711.0,3711.0,3711.0,3711.0,3711.0,3711.0,3711.0,3711.0,3711.0,3711.0,3711.0,3711.0,3711.0,3711.0,3711.0,3711.0,211.0,211.0,211.0,211.0,211.0,211.0,211.0,211.0,211.0,211.0,211.0,211.0,211.0,211.0,211.0,211.0,211.0,211.0,211.0,211.0,211.0,211.0,211.0,211.0,211.0,211.0,211.0,211.0,211.0,475.0,475.0,475.0,475.0,475.0,475.0,475.0,475.0,475.0,475.0,475.0,475.0,475.0,475.0,475.0,475.0,475.0,475.0,475.0,475.0,475.0,475.0,475.0,475.0,475.0,475.0,475.0,475.0,475.0,475.0,475.0,475.0,475.0,475.0,475.0,475.0,475.0,475.0,475.0,475.0,475.0,475.0,475.0,475.0,475.0,475.0,475.0,475.0,475.0,475.0,443.0,443.0,443.0,479.0,479.0,479.0,443.0,443.0,443.0,443.0,479.0,443.0,443.0,443.0,443.0,443.0,443.0,479.0,443.0,443.0,443.0,479.0,479.0,443.0,443.0,443.0,443.0,443.0,479.0,443.0,443.0,443.0,443.0,479.0,479.0,443.0,443.0,443.0,479.0,479.0,443.0,443.0,479.0,443.0,443.0,443.0,443.0,443.0,443.0,443.0,443.0,443.0,443.0,479.0,479.0,479.0,443.0,443.0,443.0,443.0,443.0,443.0,3711.0,3711.0,3709.0,3709.0,3709.0,3711.0,3711.0,3711.0,3711.0,3709.0,3709.0,3711.0,3711.0,3711.0,3711.0,3711.0,3711.0,3709.0,3711.0,3711.0,3711.0,3709.0,3709.0,3711.0,3711.0,3711.0,3711.0,3711.0,3711.0,3711.0,3711.0,3711.0,3711.0,3711.0,3709.0,3709.0,3709.0,3711.0,3711.0,3711.0,3711.0,3711.0,3711.0,212.0,212.0,212.0,212.0,212.0,212.0,212.0,212.0,212.0,212.0,212.0,212.0,212.0,212.0,212.0,212.0,212.0,212.0
96,3243.0,3243.0,3243.0,3243.0,3243.0,3243.0,3209.0,3243.0,3243.0,3222.0,3243.0,2956.0,2956.0,1214.0,98.0,2775.0,507.0,3243.0,3243.0,3243.0,3243.0,3243.0,3243.0,3243.0,3243.0,3243.0,3243.0,3243.0,3243.0,3243.0,3243.0,3243.0,1769.0,1874.0,2616.0,1715.0,308.0,175.0,290.0,290.0,3028.0,2310.0,291.0,264.0,264.0,3034.0,2310.0,2310.0,2310.0,1615.0,1306.0,2598.0,2042.0,2042.0,2042.0,2310.0,2310.0,2310.0,2310.0,2310.0,2310.0,2310.0,2310.0,2310.0,2310.0,2310.0,3027.0,3027.0,3027.0,3027.0,3027.0,3027.0,3027.0,3027.0,3027.0,3027.0,3027.0,3027.0,3027.0,3027.0,3027.0,3027.0,3027.0,3027.0,3027.0,3027.0,3027.0,3027.0,3027.0,2615.0,2615.0,2615.0,2615.0,2615.0,2615.0,2615.0,2615.0,2615.0,2615.0,2615.0,2615.0,2615.0,2615.0,2615.0,2615.0,2615.0,2615.0,3000.0,3000.0,3000.0,3000.0,3000.0,3000.0,3000.0,3000.0,3000.0,3000.0,3000.0,3000.0,3000.0,3000.0,3000.0,3000.0,3000.0,3000.0,3000.0,3000.0,3000.0,3000.0,3033.0,3033.0,3033.0,3033.0,3033.0,3033.0,3033.0,3033.0,3033.0,3033.0,3033.0,3033.0,3033.0,3033.0,3033.0,3033.0,3033.0,3033.0,3033.0,3033.0,3243.0,3243.0,3243.0,3243.0,3243.0,3243.0,3243.0,3243.0,3243.0,3243.0,3243.0,3243.0,3243.0,3243.0,3243.0,3243.0,3243.0,3243.0,3243.0,3243.0,3243.0,3243.0,3243.0,3243.0,3243.0,3243.0,3243.0,3243.0,3243.0,3243.0,3243.0,3243.0,3243.0,3243.0,3243.0,3243.0,3243.0,3243.0,3243.0,3243.0,3243.0,3243.0,3243.0,239.0,239.0,239.0,239.0,239.0,239.0,239.0,239.0,239.0,239.0,239.0,239.0,239.0,239.0,239.0,239.0,239.0,239.0,239.0,239.0,239.0,239.0,239.0,239.0,239.0,239.0,239.0,239.0,239.0,486.0,486.0,486.0,486.0,486.0,486.0,486.0,486.0,486.0,486.0,486.0,486.0,486.0,486.0,486.0,486.0,486.0,486.0,486.0,486.0,486.0,486.0,486.0,486.0,486.0,486.0,486.0,486.0,486.0,486.0,486.0,486.0,486.0,486.0,486.0,486.0,486.0,486.0,486.0,486.0,486.0,486.0,486.0,486.0,486.0,486.0,486.0,486.0,486.0,486.0,457.0,457.0,457.0,491.0,491.0,491.0,457.0,457.0,457.0,457.0,491.0,457.0,457.0,457.0,457.0,457.0,457.0,491.0,457.0,457.0,457.0,491.0,491.0,457.0,457.0,457.0,457.0,457.0,491.0,457.0,457.0,457.0,457.0,491.0,491.0,457.0,457.0,457.0,491.0,491.0,457.0,457.0,491.0,457.0,457.0,457.0,457.0,457.0,457.0,457.0,457.0,457.0,457.0,491.0,491.0,491.0,457.0,457.0,457.0,457.0,457.0,457.0,3243.0,3243.0,3243.0,3243.0,3243.0,3243.0,3243.0,3243.0,3243.0,3243.0,3243.0,3243.0,3243.0,3243.0,3243.0,3243.0,3243.0,3243.0,3243.0,3243.0,3243.0,3243.0,3243.0,3243.0,3243.0,3243.0,3243.0,3243.0,3243.0,3243.0,3243.0,3243.0,3243.0,3243.0,3243.0,3243.0,3243.0,3243.0,3243.0,3243.0,3243.0,3243.0,3243.0,241.0,241.0,241.0,241.0,241.0,241.0,241.0,241.0,241.0,241.0,241.0,241.0,241.0,241.0,241.0,241.0,241.0,241.0
97,3102.0,3102.0,3102.0,3102.0,3102.0,3102.0,3073.0,3102.0,3102.0,3091.0,3102.0,2757.0,2757.0,1245.0,108.0,2658.0,521.0,3102.0,3102.0,3102.0,3102.0,3102.0,3102.0,3102.0,3102.0,3102.0,3102.0,3102.0,3102.0,3102.0,3102.0,3102.0,1687.0,1804.0,2529.0,1646.0,371.0,208.0,296.0,296.0,2931.0,2248.0,353.0,324.0,323.0,2927.0,2251.0,2251.0,2251.0,1781.0,1401.0,2466.0,1976.0,1976.0,1976.0,2248.0,2248.0,2248.0,2248.0,2248.0,2248.0,2248.0,2248.0,2248.0,2248.0,2248.0,2931.0,2931.0,2931.0,2931.0,2931.0,2931.0,2931.0,2931.0,2931.0,2931.0,2931.0,2931.0,2931.0,2931.0,2931.0,2931.0,2931.0,2931.0,2931.0,2931.0,2931.0,2931.0,2931.0,2529.0,2529.0,2529.0,2529.0,2529.0,2529.0,2529.0,2529.0,2529.0,2529.0,2529.0,2529.0,2529.0,2529.0,2529.0,2529.0,2529.0,2529.0,2919.0,2919.0,2919.0,2919.0,2919.0,2919.0,2919.0,2919.0,2919.0,2919.0,2919.0,2919.0,2919.0,2919.0,2919.0,2919.0,2919.0,2919.0,2919.0,2919.0,2919.0,2919.0,2927.0,2927.0,2927.0,2927.0,2927.0,2927.0,2927.0,2927.0,2927.0,2927.0,2927.0,2927.0,2927.0,2927.0,2927.0,2927.0,2927.0,2927.0,2927.0,2927.0,3102.0,3102.0,3102.0,3102.0,3102.0,3102.0,3102.0,3102.0,3102.0,3102.0,3102.0,3102.0,3102.0,3102.0,3102.0,3102.0,3102.0,3102.0,3102.0,3102.0,3102.0,3102.0,3102.0,3102.0,3102.0,3102.0,3102.0,3102.0,3102.0,3102.0,3102.0,3102.0,3102.0,3102.0,3102.0,3102.0,3102.0,3102.0,3102.0,3102.0,3102.0,3102.0,3102.0,194.0,194.0,194.0,194.0,194.0,194.0,194.0,194.0,194.0,194.0,194.0,194.0,194.0,194.0,194.0,194.0,194.0,194.0,194.0,194.0,194.0,194.0,194.0,194.0,194.0,194.0,194.0,194.0,194.0,514.0,514.0,514.0,514.0,514.0,514.0,514.0,514.0,514.0,514.0,514.0,514.0,514.0,514.0,514.0,514.0,514.0,514.0,514.0,514.0,514.0,514.0,514.0,514.0,514.0,514.0,514.0,514.0,514.0,514.0,514.0,514.0,514.0,514.0,514.0,514.0,514.0,514.0,514.0,514.0,514.0,514.0,514.0,514.0,514.0,514.0,514.0,514.0,514.0,514.0,479.0,479.0,479.0,519.0,519.0,519.0,479.0,479.0,479.0,479.0,519.0,479.0,479.0,479.0,479.0,479.0,479.0,519.0,479.0,479.0,479.0,519.0,519.0,479.0,479.0,479.0,479.0,479.0,519.0,479.0,479.0,479.0,479.0,519.0,519.0,479.0,479.0,479.0,519.0,519.0,479.0,479.0,519.0,479.0,479.0,479.0,479.0,479.0,479.0,479.0,479.0,479.0,479.0,519.0,519.0,519.0,479.0,479.0,479.0,479.0,479.0,479.0,3102.0,3102.0,3102.0,3102.0,3102.0,3102.0,3102.0,3102.0,3102.0,3102.0,3102.0,3102.0,3102.0,3102.0,3102.0,3102.0,3102.0,3102.0,3102.0,3102.0,3102.0,3102.0,3102.0,3102.0,3102.0,3102.0,3102.0,3102.0,3102.0,3102.0,3102.0,3102.0,3102.0,3102.0,3102.0,3102.0,3102.0,3102.0,3102.0,3102.0,3102.0,3102.0,3102.0,195.0,195.0,195.0,195.0,195.0,195.0,195.0,195.0,195.0,195.0,195.0,195.0,195.0,195.0,195.0,195.0,195.0,195.0
98,3666.0,3666.0,3666.0,3666.0,3666.0,3666.0,3637.0,3666.0,3666.0,3651.0,3666.0,3326.0,3326.0,1312.0,64.0,2951.0,310.0,3666.0,3666.0,3666.0,3666.0,3666.0,3666.0,3666.0,3666.0,3666.0,3666.0,3666.0,3666.0,3666.0,3666.0,3666.0,1808.0,1971.0,2753.0,1691.0,85.0,56.0,351.0,351.0,3418.0,2611.0,51.0,330.0,339.0,3123.0,2609.0,2609.0,2609.0,1883.0,1806.0,2916.0,2263.0,2264.0,2264.0,2611.0,2611.0,2611.0,2611.0,2611.0,2611.0,2611.0,2611.0,2611.0,2611.0,2611.0,3418.0,3418.0,3418.0,3418.0,3418.0,3418.0,3418.0,3418.0,3418.0,3418.0,3418.0,3418.0,3418.0,3418.0,3418.0,3418.0,3418.0,3418.0,3418.0,3418.0,3418.0,3418.0,3418.0,2753.0,2753.0,2753.0,2753.0,2753.0,2753.0,2753.0,2753.0,2753.0,2753.0,2753.0,2753.0,2753.0,2753.0,2753.0,2753.0,2753.0,2753.0,3403.0,3403.0,3403.0,3403.0,3403.0,3403.0,3403.0,3403.0,3403.0,3403.0,3403.0,3403.0,3403.0,3403.0,3403.0,3403.0,3403.0,3403.0,3403.0,3403.0,3403.0,3403.0,3123.0,3123.0,3123.0,3123.0,3123.0,3123.0,3123.0,3123.0,3123.0,3123.0,3123.0,3123.0,3123.0,3123.0,3123.0,3123.0,3123.0,3123.0,3123.0,3123.0,3666.0,3666.0,3666.0,3666.0,3666.0,3666.0,3666.0,3666.0,3666.0,3666.0,3666.0,3666.0,3666.0,3666.0,3666.0,3666.0,3666.0,3666.0,3666.0,3666.0,3666.0,3666.0,3666.0,3666.0,3666.0,3666.0,3666.0,3666.0,3666.0,3666.0,3666.0,3666.0,3666.0,3666.0,3666.0,3666.0,3666.0,3666.0,3666.0,3666.0,3666.0,3666.0,3666.0,280.0,280.0,280.0,280.0,280.0,280.0,280.0,280.0,280.0,280.0,280.0,280.0,280.0,280.0,280.0,280.0,280.0,280.0,280.0,280.0,280.0,280.0,280.0,280.0,280.0,280.0,280.0,280.0,280.0,594.0,594.0,594.0,594.0,594.0,594.0,594.0,594.0,594.0,594.0,594.0,594.0,594.0,594.0,594.0,594.0,594.0,594.0,594.0,594.0,594.0,594.0,594.0,594.0,594.0,594.0,594.0,594.0,594.0,594.0,594.0,594.0,594.0,594.0,594.0,594.0,594.0,594.0,594.0,594.0,594.0,594.0,594.0,594.0,594.0,594.0,594.0,594.0,594.0,594.0,563.0,563.0,563.0,604.0,604.0,604.0,563.0,563.0,563.0,563.0,604.0,563.0,563.0,563.0,563.0,563.0,563.0,604.0,563.0,563.0,563.0,604.0,604.0,563.0,563.0,563.0,563.0,563.0,604.0,563.0,563.0,563.0,563.0,604.0,604.0,563.0,563.0,563.0,604.0,604.0,563.0,563.0,604.0,563.0,563.0,563.0,563.0,563.0,563.0,563.0,563.0,563.0,563.0,604.0,604.0,604.0,563.0,563.0,563.0,563.0,563.0,563.0,3666.0,3666.0,3666.0,3666.0,3666.0,3666.0,3666.0,3666.0,3666.0,3666.0,3666.0,3666.0,3666.0,3666.0,3666.0,3666.0,3666.0,3666.0,3666.0,3666.0,3666.0,3666.0,3666.0,3666.0,3666.0,3666.0,3666.0,3666.0,3666.0,3666.0,3666.0,3666.0,3666.0,3666.0,3666.0,3666.0,3666.0,3666.0,3666.0,3666.0,3666.0,3666.0,3666.0,283.0,283.0,283.0,283.0,283.0,283.0,283.0,283.0,283.0,283.0,283.0,283.0,283.0,283.0,283.0,283.0,283.0,283.0
99,3301.0,3301.0,3301.0,3301.0,3301.0,3301.0,3264.0,3301.0,3301.0,3291.0,3301.0,2937.0,2937.0,1293.0,37.0,2517.0,213.0,3301.0,3301.0,3301.0,3301.0,3301.0,3301.0,3301.0,3301.0,3301.0,3301.0,3301.0,3301.0,3301.0,3301.0,3301.0,1771.0,1902.0,2345.0,1536.0,22.0,18.0,317.0,317.0,3084.0,2357.0,0.0,345.0,321.0,2697.0,2358.0,2358.0,2358.0,1576.0,1551.0,2575.0,2032.0,2032.0,2032.0,2357.0,2357.0,2357.0,2357.0,2357.0,2357.0,2357.0,2357.0,2357.0,2357.0,2357.0,3084.0,3084.0,3084.0,3084.0,3084.0,3084.0,3084.0,3084.0,3084.0,3084.0,3084.0,3084.0,3084.0,3084.0,3084.0,3084.0,3084.0,3084.0,3084.0,3084.0,3084.0,3084.0,3084.0,2345.0,2345.0,2345.0,2345.0,2345.0,2345.0,2345.0,2345.0,2345.0,2345.0,2345.0,2345.0,2345.0,2345.0,2345.0,2345.0,2345.0,2345.0,3059.0,3059.0,3059.0,3059.0,3059.0,3059.0,3059.0,3059.0,3059.0,3059.0,3059.0,3059.0,3059.0,3059.0,3059.0,3059.0,3059.0,3059.0,3059.0,3059.0,3059.0,3059.0,2697.0,2697.0,2697.0,2697.0,2697.0,2697.0,2697.0,2697.0,2697.0,2697.0,2697.0,2697.0,2697.0,2697.0,2697.0,2697.0,2697.0,2697.0,2697.0,2697.0,3301.0,3301.0,3301.0,3301.0,3301.0,3301.0,3301.0,3301.0,3301.0,3301.0,3301.0,3301.0,3301.0,3301.0,3301.0,3301.0,3301.0,3301.0,3301.0,3301.0,3301.0,3301.0,3301.0,3301.0,3301.0,3301.0,3301.0,3301.0,3301.0,3301.0,3301.0,3301.0,3301.0,3301.0,3301.0,3301.0,3301.0,3301.0,3301.0,3301.0,3301.0,3301.0,3301.0,239.0,239.0,239.0,239.0,239.0,239.0,239.0,239.0,239.0,239.0,239.0,239.0,239.0,239.0,239.0,239.0,239.0,239.0,239.0,239.0,239.0,239.0,239.0,239.0,239.0,239.0,239.0,239.0,239.0,568.0,568.0,568.0,568.0,568.0,568.0,568.0,568.0,568.0,568.0,568.0,568.0,568.0,568.0,568.0,568.0,568.0,568.0,568.0,568.0,568.0,568.0,568.0,568.0,568.0,568.0,568.0,568.0,568.0,568.0,568.0,568.0,568.0,568.0,568.0,568.0,568.0,568.0,568.0,568.0,568.0,568.0,568.0,568.0,568.0,568.0,568.0,568.0,568.0,568.0,519.0,519.0,519.0,570.0,570.0,570.0,519.0,519.0,519.0,519.0,570.0,519.0,519.0,519.0,519.0,519.0,519.0,570.0,519.0,519.0,519.0,570.0,570.0,519.0,519.0,519.0,519.0,519.0,570.0,519.0,519.0,519.0,519.0,570.0,570.0,519.0,519.0,519.0,570.0,570.0,519.0,519.0,570.0,519.0,519.0,519.0,519.0,519.0,519.0,519.0,519.0,519.0,519.0,570.0,570.0,570.0,519.0,519.0,519.0,519.0,519.0,519.0,3301.0,3301.0,3301.0,3301.0,3301.0,3301.0,3301.0,3301.0,3301.0,3301.0,3301.0,3301.0,3301.0,3301.0,3301.0,3301.0,3301.0,3301.0,3301.0,3301.0,3301.0,3301.0,3301.0,3301.0,3301.0,3301.0,3301.0,3301.0,3301.0,3301.0,3301.0,3301.0,3301.0,3301.0,3301.0,3301.0,3301.0,3301.0,3301.0,3301.0,3301.0,3301.0,3301.0,242.0,242.0,242.0,242.0,242.0,242.0,242.0,242.0,242.0,242.0,242.0,242.0,242.0,242.0,242.0,242.0,242.0,242.0
100,3052.0,3052.0,3052.0,3052.0,3052.0,3052.0,3026.0,3050.0,3050.0,3040.0,3050.0,2771.0,2771.0,1138.0,32.0,2378.0,167.0,3052.0,3052.0,3052.0,3052.0,3052.0,3052.0,3052.0,3052.0,3052.0,3052.0,3052.0,3052.0,3052.0,3052.0,3052.0,1675.0,1792.0,2252.0,1496.0,19.0,14.0,210.0,210.0,2892.0,2256.0,0.0,276.0,244.0,2602.0,2257.0,2257.0,2257.0,1571.0,1548.0,2509.0,1869.0,1869.0,1869.0,2256.0,2256.0,2256.0,2256.0,2256.0,2256.0,2256.0,2256.0,2256.0,2256.0,2256.0,2892.0,2892.0,2892.0,2892.0,2892.0,2892.0,2892.0,2892.0,2892.0,2892.0,2892.0,2892.0,2892.0,2892.0,2892.0,2892.0,2892.0,2892.0,2892.0,2892.0,2892.0,2892.0,2892.0,2251.0,2251.0,2251.0,2251.0,2251.0,2251.0,2251.0,2251.0,2251.0,2251.0,2251.0,2251.0,2251.0,2251.0,2251.0,2251.0,2251.0,2251.0,2886.0,2886.0,2886.0,2886.0,2886.0,2886.0,2886.0,2886.0,2886.0,2886.0,2886.0,2886.0,2886.0,2886.0,2886.0,2886.0,2886.0,2886.0,2886.0,2886.0,2886.0,2886.0,2602.0,2602.0,2602.0,2602.0,2602.0,2602.0,2602.0,2602.0,2602.0,2602.0,2602.0,2602.0,2602.0,2602.0,2602.0,2602.0,2602.0,2602.0,2602.0,2602.0,3052.0,3052.0,3052.0,3052.0,3052.0,3052.0,3052.0,3052.0,3052.0,3052.0,3052.0,3052.0,3052.0,3052.0,3052.0,3052.0,3052.0,3052.0,3052.0,3052.0,3052.0,3052.0,3052.0,3052.0,3052.0,3052.0,3052.0,3052.0,3052.0,3052.0,3052.0,3052.0,3052.0,3052.0,3052.0,3052.0,3052.0,3052.0,3052.0,3052.0,3052.0,3052.0,3052.0,178.0,178.0,178.0,178.0,178.0,178.0,178.0,178.0,178.0,178.0,178.0,178.0,178.0,178.0,178.0,178.0,178.0,178.0,178.0,178.0,178.0,178.0,178.0,178.0,178.0,178.0,178.0,178.0,178.0,433.0,433.0,433.0,433.0,433.0,433.0,433.0,433.0,433.0,433.0,433.0,433.0,433.0,433.0,433.0,433.0,433.0,433.0,433.0,433.0,433.0,433.0,433.0,433.0,433.0,433.0,433.0,433.0,433.0,433.0,433.0,433.0,433.0,433.0,433.0,433.0,433.0,433.0,433.0,433.0,433.0,433.0,433.0,433.0,433.0,433.0,433.0,433.0,433.0,433.0,400.0,400.0,400.0,438.0,438.0,438.0,400.0,400.0,400.0,400.0,438.0,400.0,400.0,400.0,400.0,400.0,400.0,438.0,400.0,400.0,400.0,438.0,438.0,400.0,400.0,400.0,400.0,400.0,438.0,400.0,400.0,400.0,400.0,438.0,438.0,400.0,400.0,400.0,438.0,438.0,400.0,400.0,438.0,400.0,400.0,400.0,400.0,400.0,400.0,400.0,400.0,400.0,400.0,438.0,438.0,438.0,400.0,400.0,400.0,400.0,400.0,400.0,3052.0,3052.0,3052.0,3052.0,3052.0,3052.0,3052.0,3052.0,3052.0,3052.0,3052.0,3052.0,3052.0,3052.0,3052.0,3052.0,3052.0,3052.0,3052.0,3052.0,3052.0,3052.0,3052.0,3052.0,3052.0,3052.0,3052.0,3052.0,3052.0,3052.0,3052.0,3052.0,3052.0,3052.0,3052.0,3052.0,3052.0,3052.0,3052.0,3052.0,3052.0,3052.0,3052.0,178.0,178.0,178.0,178.0,178.0,178.0,178.0,178.0,178.0,178.0,178.0,178.0,178.0,178.0,178.0,178.0,178.0,178.0
101,2500.0,2500.0,2500.0,2500.0,2500.0,2500.0,2474.0,2500.0,2500.0,2492.0,2500.0,2219.0,2219.0,928.0,34.0,1880.0,150.0,2500.0,2500.0,2500.0,2500.0,2500.0,2500.0,2500.0,2500.0,2500.0,2500.0,2500.0,2500.0,2500.0,2500.0,2500.0,1327.0,1417.0,1781.0,1202.0,19.0,14.0,215.0,215.0,2354.0,1810.0,0.0,271.0,243.0,2072.0,1811.0,1811.0,1811.0,1086.0,1073.0,1982.0,1137.0,1137.0,1137.0,1810.0,1810.0,1810.0,1810.0,1810.0,1810.0,1810.0,1810.0,1810.0,1810.0,1810.0,2354.0,2354.0,2354.0,2354.0,2354.0,2354.0,2354.0,2354.0,2354.0,2354.0,2354.0,2354.0,2354.0,2354.0,2354.0,2354.0,2354.0,2354.0,2354.0,2354.0,2354.0,2354.0,2354.0,1781.0,1781.0,1781.0,1781.0,1781.0,1781.0,1781.0,1781.0,1781.0,1781.0,1781.0,1781.0,1781.0,1781.0,1781.0,1781.0,1781.0,1781.0,2338.0,2338.0,2338.0,2338.0,2338.0,2338.0,2338.0,2338.0,2338.0,2338.0,2338.0,2338.0,2338.0,2338.0,2338.0,2338.0,2338.0,2338.0,2338.0,2338.0,2338.0,2338.0,2072.0,2072.0,2072.0,2072.0,2072.0,2072.0,2072.0,2072.0,2072.0,2072.0,2072.0,2072.0,2072.0,2072.0,2072.0,2072.0,2072.0,2072.0,2072.0,2072.0,2500.0,2500.0,2500.0,2500.0,2500.0,2500.0,2500.0,2500.0,2500.0,2500.0,2500.0,2500.0,2500.0,2500.0,2500.0,2500.0,2500.0,2500.0,2500.0,2500.0,2500.0,2500.0,2500.0,2500.0,2500.0,2500.0,2500.0,2500.0,2500.0,2500.0,2500.0,2500.0,2500.0,2500.0,2500.0,2500.0,2500.0,2500.0,2500.0,2500.0,2500.0,2500.0,2500.0,165.0,165.0,165.0,165.0,165.0,165.0,165.0,165.0,165.0,165.0,165.0,165.0,165.0,165.0,165.0,165.0,165.0,165.0,165.0,165.0,165.0,165.0,165.0,165.0,165.0,165.0,165.0,165.0,165.0,424.0,424.0,424.0,424.0,424.0,424.0,424.0,424.0,424.0,424.0,424.0,424.0,424.0,424.0,424.0,424.0,424.0,424.0,424.0,424.0,424.0,424.0,424.0,424.0,424.0,424.0,424.0,424.0,424.0,424.0,424.0,424.0,424.0,424.0,424.0,424.0,424.0,424.0,424.0,424.0,424.0,424.0,424.0,424.0,424.0,424.0,424.0,424.0,424.0,424.0,386.0,386.0,386.0,424.0,424.0,424.0,386.0,386.0,386.0,386.0,424.0,386.0,386.0,386.0,386.0,386.0,386.0,424.0,386.0,386.0,386.0,424.0,424.0,386.0,386.0,386.0,386.0,386.0,424.0,386.0,386.0,386.0,386.0,424.0,424.0,386.0,386.0,386.0,424.0,424.0,386.0,386.0,424.0,386.0,386.0,386.0,386.0,386.0,386.0,386.0,386.0,386.0,386.0,424.0,424.0,424.0,386.0,386.0,386.0,386.0,386.0,386.0,2500.0,2500.0,2500.0,2500.0,2500.0,2500.0,2500.0,2500.0,2500.0,2500.0,2500.0,2500.0,2500.0,2500.0,2500.0,2500.0,2500.0,2500.0,2500.0,2500.0,2500.0,2500.0,2500.0,2500.0,2500.0,2500.0,2500.0,2500.0,2500.0,2500.0,2500.0,2500.0,2500.0,2500.0,2500.0,2500.0,2500.0,2500.0,2500.0,2500.0,2500.0,2500.0,2500.0,166.0,166.0,166.0,166.0,166.0,166.0,166.0,166.0,166.0,166.0,166.0,166.0,166.0,166.0,166.0,166.0,166.0,166.0
102,3166.0,3166.0,3166.0,3166.0,3166.0,3166.0,3147.0,3166.0,3166.0,3148.0,3166.0,2839.0,2839.0,1307.0,80.0,2562.0,357.0,3166.0,3166.0,3166.0,3166.0,3166.0,3166.0,3166.0,3166.0,3166.0,3166.0,3166.0,3166.0,3166.0,3166.0,2916.0,1744.0,1932.0,2016.0,1428.0,112.0,75.0,311.0,311.0,2964.0,1917.0,79.0,246.0,247.0,2388.0,2209.0,2209.0,2209.0,1430.0,1258.0,2496.0,1339.0,1339.0,1339.0,1917.0,1917.0,1917.0,1917.0,1917.0,1917.0,1917.0,1917.0,1917.0,1917.0,1917.0,2964.0,2964.0,2964.0,2964.0,2964.0,2964.0,2964.0,2964.0,2964.0,2964.0,2964.0,2964.0,2964.0,2964.0,2964.0,2964.0,2964.0,2964.0,2964.0,2964.0,2964.0,2964.0,2964.0,2015.0,2015.0,2015.0,2015.0,2015.0,2015.0,2015.0,2015.0,2015.0,2015.0,2015.0,2015.0,2015.0,2015.0,2015.0,2015.0,2015.0,2015.0,2949.0,2949.0,2949.0,2949.0,2949.0,2949.0,2949.0,2949.0,2949.0,2949.0,2949.0,2949.0,2949.0,2949.0,2949.0,2949.0,2949.0,2949.0,2949.0,2949.0,2949.0,2949.0,2388.0,2388.0,2388.0,2388.0,2388.0,2388.0,2388.0,2388.0,2388.0,2388.0,2388.0,2388.0,2388.0,2388.0,2388.0,2388.0,2388.0,2388.0,2388.0,2388.0,3166.0,3166.0,3166.0,3166.0,3166.0,3166.0,3166.0,3166.0,3166.0,3166.0,3166.0,3166.0,3166.0,3166.0,3166.0,3166.0,3166.0,3166.0,3166.0,3166.0,3166.0,3166.0,3166.0,3166.0,3166.0,3166.0,3166.0,3166.0,3166.0,3166.0,3166.0,3166.0,3166.0,3166.0,3166.0,3166.0,3166.0,3166.0,3166.0,3166.0,3166.0,3166.0,3166.0,231.0,231.0,231.0,231.0,231.0,231.0,231.0,231.0,231.0,231.0,231.0,231.0,231.0,231.0,231.0,231.0,231.0,231.0,231.0,231.0,231.0,231.0,231.0,231.0,231.0,231.0,231.0,231.0,231.0,510.0,510.0,532.0,532.0,532.0,510.0,510.0,532.0,532.0,510.0,510.0,510.0,510.0,532.0,510.0,510.0,510.0,532.0,532.0,510.0,510.0,532.0,532.0,510.0,510.0,510.0,510.0,532.0,532.0,510.0,532.0,532.0,510.0,532.0,532.0,510.0,510.0,510.0,510.0,510.0,510.0,532.0,532.0,532.0,510.0,510.0,510.0,510.0,510.0,510.0,476.0,476.0,476.0,495.0,495.0,495.0,476.0,476.0,476.0,476.0,495.0,476.0,476.0,476.0,476.0,476.0,476.0,495.0,476.0,476.0,476.0,495.0,495.0,476.0,476.0,476.0,476.0,476.0,495.0,476.0,476.0,476.0,476.0,495.0,495.0,476.0,476.0,476.0,495.0,495.0,476.0,476.0,495.0,476.0,476.0,476.0,476.0,476.0,476.0,476.0,476.0,476.0,476.0,495.0,495.0,495.0,476.0,476.0,476.0,476.0,476.0,476.0,3166.0,3166.0,2916.0,2916.0,2916.0,3166.0,3166.0,3166.0,3166.0,2916.0,2916.0,3166.0,3166.0,3166.0,3166.0,3166.0,3166.0,2916.0,3166.0,3166.0,3166.0,2916.0,2916.0,3166.0,3166.0,3166.0,3166.0,3166.0,3166.0,3166.0,3166.0,3166.0,3166.0,3166.0,2916.0,2916.0,2916.0,3166.0,3166.0,3166.0,3166.0,3166.0,3166.0,233.0,233.0,233.0,233.0,233.0,233.0,233.0,233.0,233.0,233.0,233.0,233.0,233.0,233.0,233.0,233.0,233.0,233.0
103,3101.0,3101.0,3101.0,3101.0,3101.0,3101.0,3080.0,3101.0,3100.0,3084.0,3101.0,2758.0,2758.0,1283.0,122.0,2711.0,565.0,3101.0,3101.0,3101.0,3101.0,3101.0,3101.0,3101.0,3101.0,3101.0,3101.0,3101.0,3101.0,3101.0,3101.0,3084.0,1724.0,1839.0,2447.0,1620.0,363.0,201.0,300.0,300.0,2916.0,2144.0,335.0,302.0,308.0,2785.0,2241.0,2241.0,2241.0,1661.0,1280.0,2443.0,1792.0,1793.0,1793.0,2144.0,2144.0,2144.0,2144.0,2144.0,2144.0,2144.0,2144.0,2144.0,2144.0,2144.0,2916.0,2916.0,2916.0,2916.0,2916.0,2916.0,2916.0,2916.0,2916.0,2916.0,2916.0,2916.0,2916.0,2916.0,2916.0,2916.0,2916.0,2916.0,2916.0,2916.0,2916.0,2916.0,2916.0,2444.0,2444.0,2444.0,2444.0,2444.0,2444.0,2444.0,2444.0,2444.0,2444.0,2444.0,2444.0,2444.0,2444.0,2444.0,2444.0,2444.0,2444.0,2900.0,2900.0,2900.0,2900.0,2900.0,2900.0,2900.0,2900.0,2900.0,2900.0,2900.0,2900.0,2900.0,2900.0,2900.0,2900.0,2900.0,2900.0,2900.0,2900.0,2900.0,2900.0,2785.0,2785.0,2785.0,2785.0,2785.0,2785.0,2785.0,2785.0,2785.0,2785.0,2785.0,2785.0,2785.0,2785.0,2785.0,2785.0,2785.0,2785.0,2785.0,2785.0,3101.0,3101.0,3101.0,3101.0,3101.0,3101.0,3101.0,3101.0,3101.0,3101.0,3101.0,3101.0,3101.0,3101.0,3101.0,3101.0,3101.0,3101.0,3101.0,3101.0,3101.0,3101.0,3101.0,3101.0,3101.0,3101.0,3101.0,3101.0,3101.0,3101.0,3101.0,3101.0,3101.0,3101.0,3101.0,3101.0,3101.0,3101.0,3101.0,3101.0,3101.0,3101.0,3101.0,218.0,218.0,218.0,218.0,218.0,218.0,218.0,218.0,218.0,218.0,218.0,218.0,218.0,218.0,218.0,218.0,218.0,218.0,218.0,218.0,218.0,218.0,218.0,218.0,218.0,218.0,218.0,218.0,218.0,526.0,526.0,526.0,526.0,526.0,526.0,526.0,526.0,526.0,526.0,526.0,526.0,526.0,526.0,526.0,526.0,526.0,526.0,526.0,526.0,526.0,526.0,526.0,526.0,526.0,526.0,526.0,526.0,526.0,526.0,526.0,526.0,526.0,526.0,526.0,526.0,526.0,526.0,526.0,526.0,526.0,526.0,526.0,526.0,526.0,526.0,526.0,526.0,526.0,526.0,502.0,502.0,502.0,536.0,536.0,536.0,502.0,502.0,502.0,502.0,536.0,502.0,502.0,502.0,502.0,502.0,502.0,536.0,502.0,502.0,502.0,536.0,536.0,502.0,502.0,502.0,502.0,502.0,536.0,502.0,502.0,502.0,502.0,536.0,536.0,502.0,502.0,502.0,536.0,536.0,502.0,502.0,536.0,502.0,502.0,502.0,502.0,502.0,502.0,502.0,502.0,502.0,502.0,536.0,536.0,536.0,502.0,502.0,502.0,502.0,502.0,502.0,3101.0,3101.0,3084.0,3084.0,3084.0,3101.0,3101.0,3101.0,3101.0,3084.0,3084.0,3101.0,3101.0,3101.0,3101.0,3101.0,3101.0,3084.0,3101.0,3101.0,3101.0,3084.0,3084.0,3101.0,3101.0,3101.0,3101.0,3101.0,3101.0,3101.0,3101.0,3101.0,3101.0,3101.0,3084.0,3084.0,3084.0,3101.0,3101.0,3101.0,3101.0,3101.0,3101.0,218.0,218.0,218.0,218.0,218.0,218.0,218.0,218.0,218.0,218.0,218.0,218.0,218.0,218.0,218.0,218.0,218.0,218.0
104,3115.0,3115.0,3115.0,3115.0,3115.0,3115.0,3080.0,3115.0,3115.0,3099.0,3115.0,2782.0,2782.0,1312.0,130.0,2692.0,572.0,3115.0,3115.0,3115.0,3115.0,3115.0,3115.0,3115.0,3115.0,3115.0,3115.0,3115.0,3115.0,3115.0,3115.0,3115.0,1737.0,1852.0,2527.0,1672.0,375.0,206.0,276.0,276.0,2915.0,2296.0,348.0,312.0,302.0,2912.0,2296.0,2296.0,2296.0,1723.0,1354.0,2427.0,1988.0,1988.0,1988.0,2296.0,2296.0,2296.0,2296.0,2296.0,2296.0,2296.0,2296.0,2296.0,2296.0,2296.0,2915.0,2915.0,2915.0,2915.0,2915.0,2915.0,2915.0,2915.0,2915.0,2915.0,2915.0,2915.0,2915.0,2915.0,2915.0,2915.0,2915.0,2915.0,2915.0,2915.0,2915.0,2915.0,2915.0,2527.0,2527.0,2527.0,2527.0,2527.0,2527.0,2527.0,2527.0,2527.0,2527.0,2527.0,2527.0,2527.0,2527.0,2527.0,2527.0,2527.0,2527.0,2889.0,2889.0,2889.0,2889.0,2889.0,2889.0,2889.0,2889.0,2889.0,2889.0,2889.0,2889.0,2889.0,2889.0,2889.0,2889.0,2889.0,2889.0,2889.0,2889.0,2889.0,2889.0,2911.0,2911.0,2911.0,2911.0,2911.0,2911.0,2911.0,2911.0,2911.0,2911.0,2911.0,2911.0,2911.0,2911.0,2911.0,2911.0,2911.0,2911.0,2911.0,2911.0,3115.0,3115.0,3115.0,3115.0,3115.0,3115.0,3115.0,3115.0,3115.0,3115.0,3115.0,3115.0,3115.0,3115.0,3115.0,3115.0,3115.0,3115.0,3115.0,3115.0,3115.0,3115.0,3115.0,3115.0,3115.0,3115.0,3115.0,3115.0,3115.0,3115.0,3115.0,3115.0,3115.0,3115.0,3115.0,3115.0,3115.0,3115.0,3115.0,3115.0,3115.0,3115.0,3115.0,236.0,236.0,236.0,236.0,236.0,236.0,236.0,236.0,236.0,236.0,236.0,236.0,236.0,236.0,236.0,236.0,236.0,236.0,236.0,236.0,236.0,236.0,236.0,236.0,236.0,236.0,236.0,236.0,236.0,535.0,535.0,535.0,535.0,535.0,535.0,535.0,535.0,535.0,535.0,535.0,535.0,535.0,535.0,535.0,535.0,535.0,535.0,535.0,535.0,535.0,535.0,535.0,535.0,535.0,535.0,535.0,535.0,535.0,535.0,535.0,535.0,535.0,535.0,535.0,535.0,535.0,535.0,535.0,535.0,535.0,535.0,535.0,535.0,535.0,535.0,535.0,535.0,535.0,535.0,503.0,503.0,503.0,542.0,542.0,542.0,503.0,503.0,503.0,503.0,542.0,503.0,503.0,503.0,503.0,503.0,503.0,542.0,503.0,503.0,503.0,542.0,542.0,503.0,503.0,503.0,503.0,503.0,542.0,503.0,503.0,503.0,503.0,542.0,542.0,503.0,503.0,503.0,542.0,542.0,503.0,503.0,542.0,503.0,503.0,503.0,503.0,503.0,503.0,503.0,503.0,503.0,503.0,542.0,542.0,542.0,503.0,503.0,503.0,503.0,503.0,503.0,3115.0,3115.0,3115.0,3115.0,3115.0,3115.0,3115.0,3115.0,3115.0,3115.0,3115.0,3115.0,3115.0,3115.0,3115.0,3115.0,3115.0,3115.0,3115.0,3115.0,3115.0,3115.0,3115.0,3115.0,3115.0,3115.0,3115.0,3115.0,3115.0,3115.0,3115.0,3115.0,3115.0,3115.0,3115.0,3115.0,3115.0,3115.0,3115.0,3115.0,3115.0,3115.0,3115.0,237.0,237.0,237.0,237.0,237.0,237.0,237.0,237.0,237.0,237.0,237.0,237.0,237.0,237.0,237.0,237.0,237.0,237.0
105,3034.0,3034.0,3034.0,3034.0,3034.0,3034.0,3011.0,3034.0,3034.0,3013.0,3034.0,2606.0,2606.0,1204.0,138.0,2672.0,638.0,3034.0,3034.0,3034.0,3034.0,3034.0,3034.0,3034.0,3034.0,3034.0,3034.0,3034.0,3034.0,3034.0,3034.0,3034.0,1667.0,1790.0,2502.0,1656.0,460.0,232.0,343.0,343.0,2837.0,2155.0,438.0,410.0,399.0,2839.0,2155.0,2155.0,2155.0,1812.0,1355.0,2276.0,1869.0,1869.0,1869.0,2155.0,2155.0,2155.0,2155.0,2155.0,2155.0,2155.0,2155.0,2155.0,2155.0,2155.0,2837.0,2837.0,2837.0,2837.0,2837.0,2837.0,2837.0,2837.0,2837.0,2837.0,2837.0,2837.0,2837.0,2837.0,2837.0,2837.0,2837.0,2837.0,2837.0,2837.0,2837.0,2837.0,2837.0,2502.0,2502.0,2502.0,2502.0,2502.0,2502.0,2502.0,2502.0,2502.0,2502.0,2502.0,2502.0,2502.0,2502.0,2502.0,2502.0,2502.0,2502.0,2825.0,2825.0,2825.0,2825.0,2825.0,2825.0,2825.0,2825.0,2825.0,2825.0,2825.0,2825.0,2825.0,2825.0,2825.0,2825.0,2825.0,2825.0,2825.0,2825.0,2825.0,2825.0,2839.0,2839.0,2839.0,2839.0,2839.0,2839.0,2839.0,2839.0,2839.0,2839.0,2839.0,2839.0,2839.0,2839.0,2839.0,2839.0,2839.0,2839.0,2839.0,2839.0,3034.0,3034.0,3034.0,3034.0,3034.0,3034.0,3034.0,3034.0,3034.0,3034.0,3034.0,3034.0,3034.0,3034.0,3034.0,3034.0,3034.0,3034.0,3034.0,3034.0,3034.0,3034.0,3034.0,3034.0,3034.0,3034.0,3034.0,3034.0,3034.0,3034.0,3034.0,3034.0,3034.0,3034.0,3034.0,3034.0,3034.0,3034.0,3034.0,3034.0,3034.0,3034.0,3034.0,220.0,220.0,220.0,220.0,220.0,220.0,220.0,220.0,220.0,220.0,220.0,220.0,220.0,220.0,220.0,220.0,220.0,220.0,220.0,220.0,220.0,220.0,220.0,220.0,220.0,220.0,220.0,220.0,220.0,623.0,623.0,623.0,623.0,623.0,623.0,623.0,623.0,623.0,623.0,623.0,623.0,623.0,623.0,623.0,623.0,623.0,623.0,623.0,623.0,623.0,623.0,623.0,623.0,623.0,623.0,623.0,623.0,623.0,623.0,623.0,623.0,623.0,623.0,623.0,623.0,623.0,623.0,623.0,623.0,623.0,623.0,623.0,623.0,623.0,623.0,623.0,623.0,623.0,623.0,584.0,584.0,584.0,626.0,626.0,626.0,584.0,584.0,584.0,584.0,626.0,584.0,584.0,584.0,584.0,584.0,584.0,626.0,584.0,584.0,584.0,626.0,626.0,584.0,584.0,584.0,584.0,584.0,626.0,584.0,584.0,584.0,584.0,626.0,626.0,584.0,584.0,584.0,626.0,626.0,584.0,584.0,626.0,584.0,584.0,584.0,584.0,584.0,584.0,584.0,584.0,584.0,584.0,626.0,626.0,626.0,584.0,584.0,584.0,584.0,584.0,584.0,3034.0,3034.0,3034.0,3034.0,3034.0,3034.0,3034.0,3034.0,3034.0,3034.0,3034.0,3034.0,3034.0,3034.0,3034.0,3034.0,3034.0,3034.0,3034.0,3034.0,3034.0,3034.0,3034.0,3034.0,3034.0,3034.0,3034.0,3034.0,3034.0,3034.0,3034.0,3034.0,3034.0,3034.0,3034.0,3034.0,3034.0,3034.0,3034.0,3034.0,3034.0,3034.0,3034.0,221.0,221.0,221.0,221.0,221.0,221.0,221.0,221.0,221.0,221.0,221.0,221.0,221.0,221.0,221.0,221.0,221.0,221.0
106,3221.0,3221.0,3221.0,3221.0,3221.0,3221.0,3198.0,3221.0,3221.0,3197.0,3221.0,2701.0,2701.0,1238.0,163.0,2841.0,771.0,3221.0,3221.0,3221.0,3221.0,3221.0,3221.0,3221.0,3221.0,3221.0,3221.0,3221.0,3221.0,3221.0,3221.0,3221.0,1715.0,1834.0,2655.0,1739.0,563.0,298.0,412.0,412.0,2999.0,2180.0,539.0,475.0,470.0,3003.0,2179.0,2179.0,2179.0,1955.0,1390.0,2347.0,1890.0,1890.0,1890.0,2180.0,2180.0,2180.0,2180.0,2180.0,2180.0,2180.0,2180.0,2180.0,2180.0,2180.0,2999.0,2999.0,2999.0,2999.0,2999.0,2999.0,2999.0,2999.0,2999.0,2999.0,2999.0,2999.0,2999.0,2999.0,2999.0,2999.0,2999.0,2999.0,2999.0,2999.0,2999.0,2999.0,2999.0,2655.0,2655.0,2655.0,2655.0,2655.0,2655.0,2655.0,2655.0,2655.0,2655.0,2655.0,2655.0,2655.0,2655.0,2655.0,2655.0,2655.0,2655.0,2970.0,2970.0,2970.0,2970.0,2970.0,2970.0,2970.0,2970.0,2970.0,2970.0,2970.0,2970.0,2970.0,2970.0,2970.0,2970.0,2970.0,2970.0,2970.0,2970.0,2970.0,2970.0,3003.0,3003.0,3003.0,3003.0,3003.0,3003.0,3003.0,3003.0,3003.0,3003.0,3003.0,3003.0,3003.0,3003.0,3003.0,3003.0,3003.0,3003.0,3003.0,3003.0,3221.0,3221.0,3221.0,3221.0,3221.0,3221.0,3221.0,3221.0,3221.0,3221.0,3221.0,3221.0,3221.0,3221.0,3221.0,3221.0,3221.0,3221.0,3221.0,3221.0,3221.0,3221.0,3221.0,3221.0,3221.0,3221.0,3221.0,3221.0,3221.0,3221.0,3221.0,3221.0,3221.0,3221.0,3221.0,3221.0,3221.0,3221.0,3221.0,3221.0,3221.0,3221.0,3221.0,249.0,249.0,249.0,249.0,249.0,249.0,249.0,249.0,249.0,249.0,249.0,249.0,249.0,249.0,249.0,249.0,249.0,249.0,249.0,249.0,249.0,249.0,249.0,249.0,249.0,249.0,249.0,249.0,249.0,729.0,729.0,729.0,729.0,729.0,729.0,729.0,729.0,729.0,729.0,729.0,729.0,729.0,729.0,729.0,729.0,729.0,729.0,729.0,729.0,729.0,729.0,729.0,729.0,729.0,729.0,729.0,729.0,729.0,729.0,729.0,729.0,729.0,729.0,729.0,729.0,729.0,729.0,729.0,729.0,729.0,729.0,729.0,729.0,729.0,729.0,729.0,729.0,729.0,729.0,678.0,678.0,678.0,731.0,731.0,731.0,678.0,678.0,678.0,678.0,731.0,678.0,678.0,678.0,678.0,678.0,678.0,731.0,678.0,678.0,678.0,731.0,731.0,678.0,678.0,678.0,678.0,678.0,731.0,678.0,678.0,678.0,678.0,731.0,731.0,678.0,678.0,678.0,731.0,731.0,678.0,678.0,731.0,678.0,678.0,678.0,678.0,678.0,678.0,678.0,678.0,678.0,678.0,731.0,731.0,731.0,678.0,678.0,678.0,678.0,678.0,678.0,3221.0,3221.0,3221.0,3221.0,3221.0,3221.0,3221.0,3221.0,3221.0,3221.0,3221.0,3221.0,3221.0,3221.0,3221.0,3221.0,3221.0,3221.0,3221.0,3221.0,3221.0,3221.0,3221.0,3221.0,3221.0,3221.0,3221.0,3221.0,3221.0,3221.0,3221.0,3221.0,3221.0,3221.0,3221.0,3221.0,3221.0,3221.0,3221.0,3221.0,3221.0,3221.0,3221.0,251.0,251.0,251.0,251.0,251.0,251.0,251.0,251.0,251.0,251.0,251.0,251.0,251.0,251.0,251.0,251.0,251.0,251.0
107,2809.0,2809.0,2809.0,2809.0,2809.0,2809.0,2781.0,2809.0,2809.0,2788.0,2809.0,2350.0,2350.0,1063.0,154.0,2509.0,686.0,2809.0,2809.0,2809.0,2809.0,2809.0,2809.0,2809.0,2809.0,2809.0,2809.0,2809.0,2809.0,2809.0,2809.0,2809.0,1470.0,1599.0,2341.0,1569.0,499.0,290.0,341.0,341.0,2615.0,1889.0,478.0,448.0,422.0,2614.0,1889.0,1889.0,1889.0,1705.0,1212.0,2022.0,1631.0,1631.0,1631.0,1889.0,1889.0,1889.0,1889.0,1889.0,1889.0,1889.0,1889.0,1889.0,1889.0,1889.0,2615.0,2615.0,2615.0,2615.0,2615.0,2615.0,2615.0,2615.0,2615.0,2615.0,2615.0,2615.0,2615.0,2615.0,2615.0,2615.0,2615.0,2615.0,2615.0,2615.0,2615.0,2615.0,2615.0,2341.0,2341.0,2341.0,2341.0,2341.0,2341.0,2341.0,2341.0,2341.0,2341.0,2341.0,2341.0,2341.0,2341.0,2341.0,2341.0,2341.0,2341.0,2603.0,2603.0,2603.0,2603.0,2603.0,2603.0,2603.0,2603.0,2603.0,2603.0,2603.0,2603.0,2603.0,2603.0,2603.0,2603.0,2603.0,2603.0,2603.0,2603.0,2603.0,2603.0,2614.0,2614.0,2614.0,2614.0,2614.0,2614.0,2614.0,2614.0,2614.0,2614.0,2614.0,2614.0,2614.0,2614.0,2614.0,2614.0,2614.0,2614.0,2614.0,2614.0,2809.0,2809.0,2809.0,2809.0,2809.0,2809.0,2809.0,2809.0,2809.0,2809.0,2809.0,2809.0,2809.0,2809.0,2809.0,2809.0,2809.0,2809.0,2809.0,2809.0,2809.0,2809.0,2809.0,2809.0,2809.0,2809.0,2809.0,2809.0,2809.0,2809.0,2809.0,2809.0,2809.0,2809.0,2809.0,2809.0,2809.0,2809.0,2809.0,2809.0,2809.0,2809.0,2809.0,219.0,219.0,219.0,219.0,219.0,219.0,219.0,219.0,219.0,219.0,219.0,219.0,219.0,219.0,219.0,219.0,219.0,219.0,219.0,219.0,219.0,219.0,219.0,219.0,219.0,219.0,219.0,219.0,219.0,660.0,660.0,660.0,660.0,660.0,660.0,660.0,660.0,660.0,660.0,660.0,660.0,660.0,660.0,660.0,660.0,660.0,660.0,660.0,660.0,660.0,660.0,660.0,660.0,660.0,660.0,660.0,660.0,660.0,660.0,660.0,660.0,660.0,660.0,660.0,660.0,660.0,660.0,660.0,660.0,660.0,660.0,660.0,660.0,660.0,660.0,660.0,660.0,660.0,660.0,614.0,614.0,614.0,664.0,664.0,664.0,614.0,614.0,614.0,614.0,664.0,614.0,614.0,614.0,614.0,614.0,614.0,664.0,614.0,614.0,614.0,664.0,664.0,614.0,614.0,614.0,614.0,614.0,664.0,614.0,614.0,614.0,614.0,664.0,664.0,614.0,614.0,614.0,664.0,664.0,614.0,614.0,664.0,614.0,614.0,614.0,614.0,614.0,614.0,614.0,614.0,614.0,614.0,664.0,664.0,664.0,614.0,614.0,614.0,614.0,614.0,614.0,2809.0,2809.0,2809.0,2809.0,2809.0,2809.0,2809.0,2809.0,2809.0,2809.0,2809.0,2809.0,2809.0,2809.0,2809.0,2809.0,2809.0,2809.0,2809.0,2809.0,2809.0,2809.0,2809.0,2809.0,2809.0,2809.0,2809.0,2809.0,2809.0,2809.0,2809.0,2809.0,2809.0,2809.0,2809.0,2809.0,2809.0,2809.0,2809.0,2809.0,2809.0,2809.0,2809.0,219.0,219.0,219.0,219.0,219.0,219.0,219.0,219.0,219.0,219.0,219.0,219.0,219.0,219.0,219.0,219.0,219.0,219.0
108,2287.0,2287.0,2287.0,2287.0,2287.0,2287.0,2264.0,2287.0,2287.0,2278.0,2287.0,1950.0,1950.0,942.0,86.0,1989.0,505.0,2287.0,2287.0,2287.0,2287.0,2287.0,2287.0,2287.0,2287.0,2287.0,2287.0,2287.0,2287.0,2287.0,2287.0,2287.0,1266.0,1357.0,1878.0,1238.0,371.0,179.0,235.0,235.0,2145.0,1597.0,360.0,333.0,292.0,2147.0,1597.0,1597.0,1597.0,1346.0,971.0,1704.0,1395.0,1395.0,1395.0,1597.0,1597.0,1597.0,1597.0,1597.0,1597.0,1597.0,1597.0,1597.0,1597.0,1597.0,2145.0,2145.0,2145.0,2145.0,2145.0,2145.0,2145.0,2145.0,2145.0,2145.0,2145.0,2145.0,2145.0,2145.0,2145.0,2145.0,2145.0,2145.0,2145.0,2145.0,2145.0,2145.0,2145.0,1878.0,1878.0,1878.0,1878.0,1878.0,1878.0,1878.0,1878.0,1878.0,1878.0,1878.0,1878.0,1878.0,1878.0,1878.0,1878.0,1878.0,1878.0,2138.0,2138.0,2138.0,2138.0,2138.0,2138.0,2138.0,2138.0,2138.0,2138.0,2138.0,2138.0,2138.0,2138.0,2138.0,2138.0,2138.0,2138.0,2138.0,2138.0,2138.0,2138.0,2147.0,2147.0,2147.0,2147.0,2147.0,2147.0,2147.0,2147.0,2147.0,2147.0,2147.0,2147.0,2147.0,2147.0,2147.0,2147.0,2147.0,2147.0,2147.0,2147.0,2287.0,2287.0,2287.0,2287.0,2287.0,2287.0,2287.0,2287.0,2287.0,2287.0,2287.0,2287.0,2287.0,2287.0,2287.0,2287.0,2287.0,2287.0,2287.0,2287.0,2287.0,2287.0,2287.0,2287.0,2287.0,2287.0,2287.0,2287.0,2287.0,2287.0,2287.0,2287.0,2287.0,2287.0,2287.0,2287.0,2287.0,2287.0,2287.0,2287.0,2287.0,2287.0,2287.0,156.0,156.0,156.0,156.0,156.0,156.0,156.0,156.0,156.0,156.0,156.0,156.0,156.0,156.0,156.0,156.0,156.0,156.0,156.0,156.0,156.0,156.0,156.0,156.0,156.0,156.0,156.0,156.0,156.0,479.0,479.0,479.0,479.0,479.0,479.0,479.0,479.0,479.0,479.0,479.0,479.0,479.0,479.0,479.0,479.0,479.0,479.0,479.0,479.0,479.0,479.0,479.0,479.0,479.0,479.0,479.0,479.0,479.0,479.0,479.0,479.0,479.0,479.0,479.0,479.0,479.0,479.0,479.0,479.0,479.0,479.0,479.0,479.0,479.0,479.0,479.0,479.0,479.0,479.0,428.0,428.0,428.0,484.0,484.0,484.0,428.0,428.0,428.0,428.0,484.0,428.0,428.0,428.0,428.0,428.0,428.0,484.0,428.0,428.0,428.0,484.0,484.0,428.0,428.0,428.0,428.0,428.0,484.0,428.0,428.0,428.0,428.0,484.0,484.0,428.0,428.0,428.0,484.0,484.0,428.0,428.0,484.0,428.0,428.0,428.0,428.0,428.0,428.0,428.0,428.0,428.0,428.0,484.0,484.0,484.0,428.0,428.0,428.0,428.0,428.0,428.0,2287.0,2287.0,2287.0,2287.0,2287.0,2287.0,2287.0,2287.0,2287.0,2287.0,2287.0,2287.0,2287.0,2287.0,2287.0,2287.0,2287.0,2287.0,2287.0,2287.0,2287.0,2287.0,2287.0,2287.0,2287.0,2287.0,2287.0,2287.0,2287.0,2287.0,2287.0,2287.0,2287.0,2287.0,2287.0,2287.0,2287.0,2287.0,2287.0,2287.0,2287.0,2287.0,2287.0,156.0,156.0,156.0,156.0,156.0,156.0,156.0,156.0,156.0,156.0,156.0,156.0,156.0,156.0,156.0,156.0,156.0,156.0
109,3151.0,3151.0,3151.0,3151.0,3151.0,3151.0,3133.0,3151.0,3151.0,3142.0,3151.0,2770.0,2770.0,1350.0,125.0,2750.0,621.0,3151.0,3151.0,3151.0,3151.0,3151.0,3151.0,3151.0,3151.0,3151.0,3151.0,3151.0,3151.0,3151.0,3151.0,3151.0,1790.0,1896.0,2580.0,1742.0,428.0,235.0,337.0,337.0,2949.0,2229.0,402.0,366.0,367.0,2947.0,2232.0,2232.0,2232.0,1577.0,1156.0,2411.0,1932.0,1932.0,1932.0,2229.0,2229.0,2229.0,2229.0,2229.0,2229.0,2229.0,2229.0,2229.0,2229.0,2229.0,2948.0,2948.0,2948.0,2948.0,2948.0,2948.0,2948.0,2948.0,2948.0,2948.0,2948.0,2948.0,2948.0,2948.0,2948.0,2948.0,2948.0,2948.0,2948.0,2948.0,2948.0,2948.0,2948.0,2580.0,2580.0,2580.0,2580.0,2580.0,2580.0,2580.0,2580.0,2580.0,2580.0,2580.0,2580.0,2580.0,2580.0,2580.0,2580.0,2580.0,2580.0,2931.0,2931.0,2931.0,2931.0,2931.0,2931.0,2931.0,2931.0,2931.0,2931.0,2931.0,2931.0,2931.0,2931.0,2931.0,2931.0,2931.0,2931.0,2931.0,2931.0,2931.0,2931.0,2946.0,2946.0,2946.0,2946.0,2946.0,2946.0,2946.0,2946.0,2946.0,2946.0,2946.0,2946.0,2946.0,2946.0,2946.0,2946.0,2946.0,2946.0,2946.0,2946.0,3151.0,3151.0,3151.0,3151.0,3151.0,3151.0,3151.0,3151.0,3151.0,3151.0,3151.0,3151.0,3151.0,3151.0,3151.0,3151.0,3151.0,3151.0,3151.0,3151.0,3151.0,3151.0,3151.0,3151.0,3151.0,3151.0,3151.0,3151.0,3151.0,3151.0,3151.0,3151.0,3151.0,3151.0,3151.0,3151.0,3151.0,3151.0,3151.0,3151.0,3151.0,3151.0,3151.0,241.0,241.0,241.0,241.0,241.0,241.0,241.0,241.0,241.0,241.0,241.0,241.0,241.0,241.0,241.0,241.0,241.0,241.0,241.0,241.0,241.0,241.0,241.0,241.0,241.0,241.0,241.0,241.0,241.0,595.0,595.0,595.0,595.0,595.0,595.0,595.0,595.0,595.0,595.0,595.0,595.0,595.0,595.0,595.0,595.0,595.0,595.0,595.0,595.0,595.0,595.0,595.0,595.0,595.0,595.0,595.0,595.0,595.0,595.0,595.0,595.0,595.0,595.0,595.0,595.0,595.0,595.0,595.0,595.0,595.0,595.0,595.0,595.0,595.0,595.0,595.0,595.0,595.0,595.0,549.0,549.0,549.0,602.0,602.0,602.0,549.0,549.0,549.0,549.0,602.0,549.0,549.0,549.0,549.0,549.0,549.0,602.0,549.0,549.0,549.0,602.0,602.0,549.0,549.0,549.0,549.0,549.0,602.0,549.0,549.0,549.0,549.0,602.0,602.0,549.0,549.0,549.0,602.0,602.0,549.0,549.0,602.0,549.0,549.0,549.0,549.0,549.0,549.0,549.0,549.0,549.0,549.0,602.0,602.0,602.0,549.0,549.0,549.0,549.0,549.0,549.0,3151.0,3151.0,3151.0,3151.0,3151.0,3151.0,3151.0,3151.0,3151.0,3151.0,3151.0,3151.0,3151.0,3151.0,3151.0,3151.0,3151.0,3151.0,3151.0,3151.0,3151.0,3151.0,3151.0,3151.0,3151.0,3151.0,3151.0,3151.0,3151.0,3151.0,3151.0,3151.0,3151.0,3151.0,3151.0,3151.0,3151.0,3151.0,3151.0,3151.0,3151.0,3151.0,3151.0,241.0,241.0,241.0,241.0,241.0,241.0,241.0,241.0,241.0,241.0,241.0,241.0,241.0,241.0,241.0,241.0,241.0,241.0
110,3018.0,3018.0,3018.0,3018.0,3018.0,3018.0,2989.0,3018.0,3018.0,2998.0,3018.0,2723.0,2723.0,1232.0,139.0,2578.0,506.0,3018.0,3018.0,3018.0,3018.0,3018.0,3018.0,3018.0,3018.0,3018.0,3018.0,3018.0,3018.0,3018.0,3018.0,3018.0,1681.0,1795.0,2435.0,1639.0,344.0,207.0,281.0,281.0,2825.0,2210.0,309.0,279.0,272.0,2836.0,2211.0,2211.0,2211.0,1596.0,1266.0,2388.0,1948.0,1948.0,1948.0,2210.0,2210.0,2210.0,2210.0,2210.0,2210.0,2210.0,2210.0,2210.0,2210.0,2210.0,2825.0,2825.0,2825.0,2825.0,2825.0,2825.0,2825.0,2825.0,2825.0,2825.0,2825.0,2825.0,2825.0,2825.0,2825.0,2825.0,2825.0,2825.0,2825.0,2825.0,2825.0,2825.0,2825.0,2435.0,2435.0,2435.0,2435.0,2435.0,2435.0,2435.0,2435.0,2435.0,2435.0,2435.0,2435.0,2435.0,2435.0,2435.0,2435.0,2435.0,2435.0,2808.0,2808.0,2808.0,2808.0,2808.0,2808.0,2808.0,2808.0,2808.0,2808.0,2808.0,2808.0,2808.0,2808.0,2808.0,2808.0,2808.0,2808.0,2808.0,2808.0,2808.0,2808.0,2836.0,2836.0,2836.0,2836.0,2836.0,2836.0,2836.0,2836.0,2836.0,2836.0,2836.0,2836.0,2836.0,2836.0,2836.0,2836.0,2836.0,2836.0,2836.0,2836.0,3018.0,3018.0,3018.0,3018.0,3018.0,3018.0,3018.0,3018.0,3018.0,3018.0,3018.0,3018.0,3018.0,3018.0,3018.0,3018.0,3018.0,3018.0,3018.0,3018.0,3018.0,3018.0,3018.0,3018.0,3018.0,3018.0,3018.0,3018.0,3018.0,3018.0,3018.0,3018.0,3018.0,3018.0,3018.0,3018.0,3018.0,3018.0,3018.0,3018.0,3018.0,3018.0,3018.0,221.0,221.0,221.0,221.0,221.0,221.0,221.0,221.0,221.0,221.0,221.0,221.0,221.0,221.0,221.0,221.0,221.0,221.0,221.0,221.0,221.0,221.0,221.0,221.0,221.0,221.0,221.0,221.0,221.0,487.0,487.0,487.0,487.0,487.0,487.0,487.0,487.0,487.0,487.0,487.0,487.0,487.0,487.0,487.0,487.0,487.0,487.0,487.0,487.0,487.0,487.0,487.0,487.0,487.0,487.0,487.0,487.0,487.0,487.0,487.0,487.0,487.0,487.0,487.0,487.0,487.0,487.0,487.0,487.0,487.0,487.0,487.0,487.0,487.0,487.0,487.0,487.0,487.0,487.0,453.0,453.0,453.0,491.0,491.0,491.0,453.0,453.0,453.0,453.0,491.0,453.0,453.0,453.0,453.0,453.0,453.0,491.0,453.0,453.0,453.0,491.0,491.0,453.0,453.0,453.0,453.0,453.0,491.0,453.0,453.0,453.0,453.0,491.0,491.0,453.0,453.0,453.0,491.0,491.0,453.0,453.0,491.0,453.0,453.0,453.0,453.0,453.0,453.0,453.0,453.0,453.0,453.0,491.0,491.0,491.0,453.0,453.0,453.0,453.0,453.0,453.0,3018.0,3018.0,3018.0,3018.0,3018.0,3018.0,3018.0,3018.0,3018.0,3018.0,3018.0,3018.0,3018.0,3018.0,3018.0,3018.0,3018.0,3018.0,3018.0,3018.0,3018.0,3018.0,3018.0,3018.0,3018.0,3018.0,3018.0,3018.0,3018.0,3018.0,3018.0,3018.0,3018.0,3018.0,3018.0,3018.0,3018.0,3018.0,3018.0,3018.0,3018.0,3018.0,3018.0,228.0,228.0,228.0,228.0,228.0,228.0,228.0,228.0,228.0,228.0,228.0,228.0,228.0,228.0,228.0,228.0,228.0,228.0
111,3180.0,3180.0,3180.0,3180.0,3180.0,3180.0,3153.0,3180.0,3180.0,3171.0,3180.0,2832.0,2832.0,1375.0,117.0,2748.0,553.0,3180.0,3180.0,3180.0,3180.0,3180.0,3180.0,3180.0,3180.0,3180.0,3180.0,3180.0,3180.0,3180.0,3180.0,3180.0,1796.0,1918.0,2606.0,1768.0,387.0,217.0,294.0,294.0,3002.0,2375.0,364.0,325.0,315.0,3000.0,2376.0,2376.0,2376.0,1842.0,1451.0,2520.0,2075.0,2075.0,2075.0,2375.0,2375.0,2375.0,2375.0,2375.0,2375.0,2375.0,2375.0,2375.0,2375.0,2375.0,3001.0,3001.0,3001.0,3001.0,3001.0,3001.0,3001.0,3001.0,3001.0,3001.0,3001.0,3001.0,3001.0,3001.0,3001.0,3001.0,3001.0,3001.0,3001.0,3001.0,3001.0,3001.0,3001.0,2605.0,2605.0,2605.0,2605.0,2605.0,2605.0,2605.0,2605.0,2605.0,2605.0,2605.0,2605.0,2605.0,2605.0,2605.0,2605.0,2605.0,2605.0,2984.0,2984.0,2984.0,2984.0,2984.0,2984.0,2984.0,2984.0,2984.0,2984.0,2984.0,2984.0,2984.0,2984.0,2984.0,2984.0,2984.0,2984.0,2984.0,2984.0,2984.0,2984.0,2999.0,2999.0,2999.0,2999.0,2999.0,2999.0,2999.0,2999.0,2999.0,2999.0,2999.0,2999.0,2999.0,2999.0,2999.0,2999.0,2999.0,2999.0,2999.0,2999.0,3180.0,3180.0,3180.0,3180.0,3180.0,3180.0,3180.0,3180.0,3180.0,3180.0,3180.0,3180.0,3180.0,3180.0,3180.0,3180.0,3180.0,3180.0,3180.0,3180.0,3180.0,3180.0,3180.0,3180.0,3180.0,3180.0,3180.0,3180.0,3180.0,3180.0,3180.0,3180.0,3180.0,3180.0,3180.0,3180.0,3180.0,3180.0,3180.0,3180.0,3180.0,3180.0,3180.0,207.0,207.0,207.0,207.0,207.0,207.0,207.0,207.0,207.0,207.0,207.0,207.0,207.0,207.0,207.0,207.0,207.0,207.0,207.0,207.0,207.0,207.0,207.0,207.0,207.0,207.0,207.0,207.0,207.0,519.0,519.0,519.0,519.0,519.0,519.0,519.0,519.0,519.0,519.0,519.0,519.0,519.0,519.0,519.0,519.0,519.0,519.0,519.0,519.0,519.0,519.0,519.0,519.0,519.0,519.0,519.0,519.0,519.0,519.0,519.0,519.0,519.0,519.0,519.0,519.0,519.0,519.0,519.0,519.0,519.0,519.0,519.0,519.0,519.0,519.0,519.0,519.0,519.0,519.0,484.0,484.0,484.0,526.0,526.0,526.0,484.0,484.0,484.0,484.0,526.0,484.0,484.0,484.0,484.0,484.0,484.0,526.0,484.0,484.0,484.0,526.0,526.0,484.0,484.0,484.0,484.0,484.0,526.0,484.0,484.0,484.0,484.0,526.0,526.0,484.0,484.0,484.0,526.0,526.0,484.0,484.0,526.0,484.0,484.0,484.0,484.0,484.0,484.0,484.0,484.0,484.0,484.0,526.0,526.0,526.0,484.0,484.0,484.0,484.0,484.0,484.0,3180.0,3180.0,3180.0,3180.0,3180.0,3180.0,3180.0,3180.0,3180.0,3180.0,3180.0,3180.0,3180.0,3180.0,3180.0,3180.0,3180.0,3180.0,3180.0,3180.0,3180.0,3180.0,3180.0,3180.0,3180.0,3180.0,3180.0,3180.0,3180.0,3180.0,3180.0,3180.0,3180.0,3180.0,3180.0,3180.0,3180.0,3180.0,3180.0,3180.0,3180.0,3180.0,3180.0,207.0,207.0,207.0,207.0,207.0,207.0,207.0,207.0,207.0,207.0,207.0,207.0,207.0,207.0,207.0,207.0,207.0,207.0
112,3225.0,3225.0,3225.0,3225.0,3225.0,3225.0,3187.0,3225.0,3225.0,3213.0,3224.0,2752.0,2752.0,1229.0,146.0,2824.0,729.0,3225.0,3225.0,3225.0,3225.0,3225.0,3225.0,3225.0,3225.0,3225.0,3225.0,3225.0,3225.0,3225.0,3225.0,3225.0,1682.0,1822.0,2635.0,1714.0,515.0,276.0,398.0,398.0,2987.0,2240.0,487.0,447.0,440.0,2992.0,2245.0,2245.0,2245.0,1927.0,1408.0,2376.0,1955.0,1955.0,1955.0,2240.0,2240.0,2240.0,2240.0,2240.0,2240.0,2240.0,2240.0,2240.0,2240.0,2240.0,2987.0,2987.0,2987.0,2987.0,2987.0,2987.0,2987.0,2987.0,2987.0,2987.0,2987.0,2987.0,2987.0,2987.0,2987.0,2987.0,2987.0,2987.0,2987.0,2987.0,2987.0,2987.0,2987.0,2635.0,2635.0,2635.0,2635.0,2635.0,2635.0,2635.0,2635.0,2635.0,2635.0,2635.0,2635.0,2635.0,2635.0,2635.0,2635.0,2635.0,2635.0,2973.0,2973.0,2973.0,2973.0,2973.0,2973.0,2973.0,2973.0,2973.0,2973.0,2973.0,2973.0,2973.0,2973.0,2973.0,2973.0,2973.0,2973.0,2973.0,2973.0,2973.0,2973.0,2992.0,2992.0,2992.0,2992.0,2992.0,2992.0,2992.0,2992.0,2992.0,2992.0,2992.0,2992.0,2992.0,2992.0,2992.0,2992.0,2992.0,2992.0,2992.0,2992.0,3225.0,3225.0,3225.0,3225.0,3225.0,3225.0,3225.0,3225.0,3225.0,3225.0,3225.0,3225.0,3225.0,3225.0,3225.0,3225.0,3225.0,3225.0,3225.0,3225.0,3225.0,3225.0,3225.0,3225.0,3225.0,3225.0,3225.0,3225.0,3225.0,3225.0,3225.0,3225.0,3225.0,3225.0,3225.0,3225.0,3225.0,3225.0,3225.0,3225.0,3225.0,3225.0,3225.0,262.0,262.0,262.0,262.0,262.0,262.0,262.0,262.0,262.0,262.0,262.0,262.0,262.0,262.0,262.0,262.0,262.0,262.0,262.0,262.0,262.0,262.0,262.0,262.0,262.0,262.0,262.0,262.0,262.0,702.0,702.0,702.0,702.0,702.0,702.0,702.0,702.0,702.0,702.0,702.0,702.0,702.0,702.0,702.0,702.0,702.0,702.0,702.0,702.0,702.0,702.0,702.0,702.0,702.0,702.0,702.0,702.0,702.0,702.0,702.0,702.0,702.0,702.0,702.0,702.0,702.0,702.0,702.0,702.0,702.0,702.0,702.0,702.0,702.0,702.0,702.0,702.0,702.0,702.0,651.0,651.0,651.0,705.0,705.0,705.0,651.0,651.0,651.0,651.0,705.0,651.0,651.0,651.0,651.0,651.0,651.0,705.0,651.0,651.0,651.0,705.0,705.0,651.0,651.0,651.0,651.0,651.0,705.0,651.0,651.0,651.0,651.0,705.0,705.0,651.0,651.0,651.0,705.0,705.0,651.0,651.0,705.0,651.0,651.0,651.0,651.0,651.0,651.0,651.0,651.0,651.0,651.0,705.0,705.0,705.0,651.0,651.0,651.0,651.0,651.0,651.0,3225.0,3225.0,3225.0,3225.0,3225.0,3225.0,3225.0,3225.0,3225.0,3225.0,3225.0,3225.0,3225.0,3225.0,3225.0,3225.0,3225.0,3225.0,3225.0,3225.0,3225.0,3225.0,3225.0,3225.0,3225.0,3225.0,3225.0,3225.0,3225.0,3225.0,3225.0,3225.0,3225.0,3225.0,3225.0,3225.0,3225.0,3225.0,3225.0,3225.0,3225.0,3225.0,3225.0,263.0,263.0,263.0,263.0,263.0,263.0,263.0,263.0,263.0,263.0,263.0,263.0,263.0,263.0,263.0,263.0,263.0,263.0
113,3227.0,3227.0,3227.0,3227.0,3227.0,3227.0,3202.0,3227.0,3227.0,3211.0,3227.0,2757.0,2757.0,1205.0,177.0,2871.0,768.0,3227.0,3227.0,3227.0,3227.0,3227.0,3227.0,3227.0,3227.0,3227.0,3227.0,3227.0,3227.0,3227.0,3227.0,3227.0,1703.0,1823.0,2667.0,1769.0,534.0,284.0,438.0,438.0,2975.0,2182.0,488.0,454.0,467.0,2987.0,2182.0,2182.0,2182.0,1949.0,1441.0,2335.0,1909.0,1909.0,1909.0,2182.0,2182.0,2182.0,2182.0,2182.0,2182.0,2182.0,2182.0,2182.0,2182.0,2182.0,2975.0,2975.0,2975.0,2975.0,2975.0,2975.0,2975.0,2975.0,2975.0,2975.0,2975.0,2975.0,2975.0,2975.0,2975.0,2975.0,2975.0,2975.0,2975.0,2975.0,2975.0,2975.0,2975.0,2666.0,2666.0,2666.0,2666.0,2666.0,2666.0,2666.0,2666.0,2666.0,2666.0,2666.0,2666.0,2666.0,2666.0,2666.0,2666.0,2666.0,2666.0,2953.0,2953.0,2953.0,2953.0,2953.0,2953.0,2953.0,2953.0,2953.0,2953.0,2953.0,2953.0,2953.0,2953.0,2953.0,2953.0,2953.0,2953.0,2953.0,2953.0,2953.0,2953.0,2987.0,2987.0,2987.0,2987.0,2987.0,2987.0,2987.0,2987.0,2987.0,2987.0,2987.0,2987.0,2987.0,2987.0,2987.0,2987.0,2987.0,2987.0,2987.0,2987.0,3227.0,3227.0,3227.0,3227.0,3227.0,3227.0,3227.0,3227.0,3227.0,3227.0,3227.0,3227.0,3227.0,3227.0,3227.0,3227.0,3227.0,3227.0,3227.0,3227.0,3227.0,3227.0,3227.0,3227.0,3227.0,3227.0,3227.0,3227.0,3227.0,3227.0,3227.0,3227.0,3227.0,3227.0,3227.0,3227.0,3227.0,3227.0,3227.0,3227.0,3227.0,3227.0,3227.0,305.0,305.0,305.0,305.0,305.0,305.0,305.0,305.0,305.0,305.0,305.0,305.0,305.0,305.0,305.0,305.0,305.0,305.0,305.0,305.0,305.0,305.0,305.0,305.0,305.0,305.0,305.0,305.0,305.0,737.0,737.0,737.0,737.0,737.0,737.0,737.0,737.0,737.0,737.0,737.0,737.0,737.0,737.0,737.0,737.0,737.0,737.0,737.0,737.0,737.0,737.0,737.0,737.0,737.0,737.0,737.0,737.0,737.0,737.0,737.0,737.0,737.0,737.0,737.0,737.0,737.0,737.0,737.0,737.0,737.0,737.0,737.0,737.0,737.0,737.0,737.0,737.0,737.0,737.0,687.0,687.0,687.0,746.0,746.0,746.0,687.0,687.0,687.0,687.0,746.0,687.0,687.0,687.0,687.0,687.0,687.0,746.0,687.0,687.0,687.0,746.0,746.0,687.0,687.0,687.0,687.0,687.0,746.0,687.0,687.0,687.0,687.0,746.0,746.0,687.0,687.0,687.0,746.0,746.0,687.0,687.0,746.0,687.0,687.0,687.0,687.0,687.0,687.0,687.0,687.0,687.0,687.0,746.0,746.0,746.0,687.0,687.0,687.0,687.0,687.0,687.0,3227.0,3227.0,3227.0,3227.0,3227.0,3227.0,3227.0,3227.0,3227.0,3227.0,3227.0,3227.0,3227.0,3227.0,3227.0,3227.0,3227.0,3227.0,3227.0,3227.0,3227.0,3227.0,3227.0,3227.0,3227.0,3227.0,3227.0,3227.0,3227.0,3227.0,3227.0,3227.0,3227.0,3227.0,3227.0,3227.0,3227.0,3227.0,3227.0,3227.0,3227.0,3227.0,3227.0,307.0,307.0,307.0,307.0,307.0,307.0,307.0,307.0,307.0,307.0,307.0,307.0,307.0,307.0,307.0,307.0,307.0,307.0
114,2758.0,2758.0,2758.0,2758.0,2758.0,2758.0,2739.0,2758.0,2758.0,2747.0,2758.0,2283.0,2283.0,1039.0,123.0,2468.0,664.0,2758.0,2758.0,2758.0,2758.0,2758.0,2758.0,2758.0,2758.0,2758.0,2758.0,2758.0,2758.0,2758.0,2758.0,2758.0,1402.0,1495.0,2321.0,1483.0,510.0,243.0,322.0,322.0,2575.0,1875.0,491.0,449.0,403.0,2576.0,1875.0,1875.0,1875.0,1788.0,1278.0,2000.0,1683.0,1683.0,1683.0,1875.0,1875.0,1875.0,1875.0,1875.0,1875.0,1875.0,1875.0,1875.0,1875.0,1875.0,2574.0,2574.0,2574.0,2574.0,2574.0,2574.0,2574.0,2574.0,2574.0,2574.0,2574.0,2574.0,2574.0,2574.0,2574.0,2574.0,2574.0,2574.0,2574.0,2574.0,2574.0,2574.0,2574.0,2321.0,2321.0,2321.0,2321.0,2321.0,2321.0,2321.0,2321.0,2321.0,2321.0,2321.0,2321.0,2321.0,2321.0,2321.0,2321.0,2321.0,2321.0,2546.0,2546.0,2546.0,2546.0,2546.0,2546.0,2546.0,2546.0,2546.0,2546.0,2546.0,2546.0,2546.0,2546.0,2546.0,2546.0,2546.0,2546.0,2546.0,2546.0,2546.0,2546.0,2574.0,2574.0,2574.0,2574.0,2574.0,2574.0,2574.0,2574.0,2574.0,2574.0,2574.0,2574.0,2574.0,2574.0,2574.0,2574.0,2574.0,2574.0,2574.0,2574.0,2758.0,2758.0,2758.0,2758.0,2758.0,2758.0,2758.0,2758.0,2758.0,2758.0,2758.0,2758.0,2758.0,2758.0,2758.0,2758.0,2758.0,2758.0,2758.0,2758.0,2758.0,2758.0,2758.0,2758.0,2758.0,2758.0,2758.0,2758.0,2758.0,2758.0,2758.0,2758.0,2758.0,2758.0,2758.0,2758.0,2758.0,2758.0,2758.0,2758.0,2758.0,2758.0,2758.0,205.0,205.0,205.0,205.0,205.0,205.0,205.0,205.0,205.0,205.0,205.0,205.0,205.0,205.0,205.0,205.0,205.0,205.0,205.0,205.0,205.0,205.0,205.0,205.0,205.0,205.0,205.0,205.0,205.0,658.0,658.0,658.0,658.0,658.0,658.0,658.0,658.0,658.0,658.0,658.0,658.0,658.0,658.0,658.0,658.0,658.0,658.0,658.0,658.0,658.0,658.0,658.0,658.0,658.0,658.0,658.0,658.0,658.0,658.0,658.0,658.0,658.0,658.0,658.0,658.0,658.0,658.0,658.0,658.0,658.0,658.0,658.0,658.0,658.0,658.0,658.0,658.0,658.0,658.0,583.0,583.0,583.0,657.0,657.0,657.0,583.0,583.0,583.0,583.0,657.0,583.0,583.0,583.0,583.0,583.0,583.0,657.0,583.0,583.0,583.0,657.0,657.0,583.0,583.0,583.0,583.0,583.0,657.0,583.0,583.0,583.0,583.0,657.0,657.0,583.0,583.0,583.0,657.0,657.0,583.0,583.0,657.0,583.0,583.0,583.0,583.0,583.0,583.0,583.0,583.0,583.0,583.0,657.0,657.0,657.0,583.0,583.0,583.0,583.0,583.0,583.0,2758.0,2758.0,2758.0,2758.0,2758.0,2758.0,2758.0,2758.0,2758.0,2758.0,2758.0,2758.0,2758.0,2758.0,2758.0,2758.0,2758.0,2758.0,2758.0,2758.0,2758.0,2758.0,2758.0,2758.0,2758.0,2758.0,2758.0,2758.0,2758.0,2758.0,2758.0,2758.0,2758.0,2758.0,2758.0,2758.0,2758.0,2758.0,2758.0,2758.0,2758.0,2758.0,2758.0,207.0,207.0,207.0,207.0,207.0,207.0,207.0,207.0,207.0,207.0,207.0,207.0,207.0,207.0,207.0,207.0,207.0,207.0
115,2461.0,2461.0,2461.0,2461.0,2461.0,2461.0,2441.0,2461.0,2461.0,2442.0,2461.0,2004.0,2004.0,977.0,105.0,2164.0,605.0,2461.0,2461.0,2461.0,2461.0,2461.0,2461.0,2461.0,2461.0,2461.0,2461.0,2461.0,2461.0,2461.0,2461.0,2461.0,1323.0,1430.0,2055.0,1370.0,488.0,246.0,285.0,285.0,2332.0,1651.0,472.0,436.0,402.0,2334.0,1651.0,1651.0,1651.0,1562.0,1065.0,1776.0,1434.0,1434.0,1434.0,1651.0,1651.0,1651.0,1651.0,1651.0,1651.0,1651.0,1651.0,1651.0,1651.0,1651.0,2332.0,2332.0,2332.0,2332.0,2332.0,2332.0,2332.0,2332.0,2332.0,2332.0,2332.0,2332.0,2332.0,2332.0,2332.0,2332.0,2332.0,2332.0,2332.0,2332.0,2332.0,2332.0,2332.0,2054.0,2054.0,2054.0,2054.0,2054.0,2054.0,2054.0,2054.0,2054.0,2054.0,2054.0,2054.0,2054.0,2054.0,2054.0,2054.0,2054.0,2054.0,2311.0,2311.0,2311.0,2311.0,2311.0,2311.0,2311.0,2311.0,2311.0,2311.0,2311.0,2311.0,2311.0,2311.0,2311.0,2311.0,2311.0,2311.0,2311.0,2311.0,2311.0,2311.0,2334.0,2334.0,2334.0,2334.0,2334.0,2334.0,2334.0,2334.0,2334.0,2334.0,2334.0,2334.0,2334.0,2334.0,2334.0,2334.0,2334.0,2334.0,2334.0,2334.0,2461.0,2461.0,2461.0,2461.0,2461.0,2461.0,2461.0,2461.0,2461.0,2461.0,2461.0,2461.0,2461.0,2461.0,2461.0,2461.0,2461.0,2461.0,2461.0,2461.0,2461.0,2461.0,2461.0,2461.0,2461.0,2461.0,2461.0,2461.0,2461.0,2461.0,2461.0,2461.0,2461.0,2461.0,2461.0,2461.0,2461.0,2461.0,2461.0,2461.0,2461.0,2461.0,2461.0,148.0,148.0,148.0,148.0,148.0,148.0,148.0,148.0,148.0,148.0,148.0,148.0,148.0,148.0,148.0,148.0,148.0,148.0,148.0,148.0,148.0,148.0,148.0,148.0,148.0,148.0,148.0,148.0,148.0,579.0,579.0,579.0,579.0,579.0,579.0,579.0,579.0,579.0,579.0,579.0,579.0,579.0,579.0,579.0,579.0,579.0,579.0,579.0,579.0,579.0,579.0,579.0,579.0,579.0,579.0,579.0,579.0,579.0,579.0,579.0,579.0,579.0,579.0,579.0,579.0,579.0,579.0,579.0,579.0,579.0,579.0,579.0,579.0,579.0,579.0,579.0,579.0,579.0,579.0,527.0,527.0,527.0,580.0,580.0,580.0,527.0,527.0,527.0,527.0,580.0,527.0,527.0,527.0,527.0,527.0,527.0,580.0,527.0,527.0,527.0,580.0,580.0,527.0,527.0,527.0,527.0,527.0,580.0,527.0,527.0,527.0,527.0,580.0,580.0,527.0,527.0,527.0,580.0,580.0,527.0,527.0,580.0,527.0,527.0,527.0,527.0,527.0,527.0,527.0,527.0,527.0,527.0,580.0,580.0,580.0,527.0,527.0,527.0,527.0,527.0,527.0,2461.0,2461.0,2461.0,2461.0,2461.0,2461.0,2461.0,2461.0,2461.0,2461.0,2461.0,2461.0,2461.0,2461.0,2461.0,2461.0,2461.0,2461.0,2461.0,2461.0,2461.0,2461.0,2461.0,2461.0,2461.0,2461.0,2461.0,2461.0,2461.0,2461.0,2461.0,2461.0,2461.0,2461.0,2461.0,2461.0,2461.0,2461.0,2461.0,2461.0,2461.0,2461.0,2461.0,151.0,151.0,151.0,151.0,151.0,151.0,151.0,151.0,151.0,151.0,151.0,151.0,151.0,151.0,151.0,151.0,151.0,151.0
116,3111.0,3111.0,3111.0,3111.0,3111.0,3111.0,3084.0,3110.0,3110.0,3091.0,3110.0,2587.0,2587.0,1250.0,155.0,2705.0,720.0,3111.0,3111.0,3111.0,3111.0,3111.0,3111.0,3111.0,3111.0,3111.0,3111.0,3111.0,3111.0,3111.0,3111.0,3111.0,1667.0,1786.0,2583.0,1699.0,574.0,316.0,361.0,361.0,2944.0,2115.0,545.0,513.0,471.0,2953.0,2114.0,2114.0,2114.0,1798.0,1243.0,2280.0,1813.0,1813.0,1813.0,2115.0,2115.0,2115.0,2115.0,2115.0,2115.0,2115.0,2115.0,2115.0,2115.0,2115.0,2944.0,2944.0,2944.0,2944.0,2944.0,2944.0,2944.0,2944.0,2944.0,2944.0,2944.0,2944.0,2944.0,2944.0,2944.0,2944.0,2944.0,2944.0,2944.0,2944.0,2944.0,2944.0,2944.0,2583.0,2583.0,2583.0,2583.0,2583.0,2583.0,2583.0,2583.0,2583.0,2583.0,2583.0,2583.0,2583.0,2583.0,2583.0,2583.0,2583.0,2583.0,2917.0,2917.0,2917.0,2917.0,2917.0,2917.0,2917.0,2917.0,2917.0,2917.0,2917.0,2917.0,2917.0,2917.0,2917.0,2917.0,2917.0,2917.0,2917.0,2917.0,2917.0,2917.0,2953.0,2953.0,2953.0,2953.0,2953.0,2953.0,2953.0,2953.0,2953.0,2953.0,2953.0,2953.0,2953.0,2953.0,2953.0,2953.0,2953.0,2953.0,2953.0,2953.0,3111.0,3111.0,3111.0,3111.0,3111.0,3111.0,3111.0,3111.0,3111.0,3111.0,3111.0,3111.0,3111.0,3111.0,3111.0,3111.0,3111.0,3111.0,3111.0,3111.0,3111.0,3111.0,3111.0,3111.0,3111.0,3111.0,3111.0,3111.0,3111.0,3111.0,3111.0,3111.0,3111.0,3111.0,3111.0,3111.0,3111.0,3111.0,3111.0,3111.0,3111.0,3111.0,3111.0,195.0,195.0,195.0,195.0,195.0,195.0,195.0,195.0,195.0,195.0,195.0,195.0,195.0,195.0,195.0,195.0,195.0,195.0,195.0,195.0,195.0,195.0,195.0,195.0,195.0,195.0,195.0,195.0,195.0,691.0,691.0,691.0,691.0,691.0,691.0,691.0,691.0,691.0,691.0,691.0,691.0,691.0,691.0,691.0,691.0,691.0,691.0,691.0,691.0,691.0,691.0,691.0,691.0,691.0,691.0,691.0,691.0,691.0,691.0,691.0,691.0,691.0,691.0,691.0,691.0,691.0,691.0,691.0,691.0,691.0,691.0,691.0,691.0,691.0,691.0,691.0,691.0,691.0,691.0,629.0,629.0,629.0,700.0,700.0,700.0,629.0,629.0,629.0,629.0,700.0,629.0,629.0,629.0,629.0,629.0,629.0,700.0,629.0,629.0,629.0,700.0,700.0,629.0,629.0,629.0,629.0,629.0,700.0,629.0,629.0,629.0,629.0,700.0,700.0,629.0,629.0,629.0,700.0,700.0,629.0,629.0,700.0,629.0,629.0,629.0,629.0,629.0,629.0,629.0,629.0,629.0,629.0,700.0,700.0,700.0,629.0,629.0,629.0,629.0,629.0,629.0,3111.0,3111.0,3111.0,3111.0,3111.0,3111.0,3111.0,3111.0,3111.0,3111.0,3111.0,3111.0,3111.0,3111.0,3111.0,3111.0,3111.0,3111.0,3111.0,3111.0,3111.0,3111.0,3111.0,3111.0,3111.0,3111.0,3111.0,3111.0,3111.0,3111.0,3111.0,3111.0,3111.0,3111.0,3111.0,3111.0,3111.0,3111.0,3111.0,3111.0,3111.0,3111.0,3111.0,197.0,197.0,197.0,197.0,197.0,197.0,197.0,197.0,197.0,197.0,197.0,197.0,197.0,197.0,197.0,197.0,197.0,197.0
117,3042.0,3042.0,3042.0,3042.0,3042.0,3042.0,3023.0,3042.0,3042.0,3028.0,3042.0,2426.0,2426.0,1122.0,175.0,2702.0,818.0,3042.0,3042.0,3042.0,3042.0,3042.0,3042.0,3042.0,3042.0,3042.0,3042.0,3042.0,3042.0,3042.0,3042.0,3042.0,1545.0,1705.0,2562.0,1640.0,661.0,336.0,346.0,346.0,2867.0,1991.0,635.0,583.0,523.0,2869.0,1992.0,1992.0,1992.0,1848.0,1198.0,2137.0,1744.0,1744.0,1744.0,1991.0,1991.0,1991.0,1991.0,1991.0,1991.0,1991.0,1991.0,1991.0,1991.0,1991.0,2866.0,2866.0,2866.0,2866.0,2866.0,2866.0,2866.0,2866.0,2866.0,2866.0,2866.0,2866.0,2866.0,2866.0,2866.0,2866.0,2866.0,2866.0,2866.0,2866.0,2866.0,2866.0,2866.0,2561.0,2561.0,2561.0,2561.0,2561.0,2561.0,2561.0,2561.0,2561.0,2561.0,2561.0,2561.0,2561.0,2561.0,2561.0,2561.0,2561.0,2561.0,2837.0,2837.0,2837.0,2837.0,2837.0,2837.0,2837.0,2837.0,2837.0,2837.0,2837.0,2837.0,2837.0,2837.0,2837.0,2837.0,2837.0,2837.0,2837.0,2837.0,2837.0,2837.0,2868.0,2868.0,2868.0,2868.0,2868.0,2868.0,2868.0,2868.0,2868.0,2868.0,2868.0,2868.0,2868.0,2868.0,2868.0,2868.0,2868.0,2868.0,2868.0,2868.0,3042.0,3042.0,3042.0,3042.0,3042.0,3042.0,3042.0,3042.0,3042.0,3042.0,3042.0,3042.0,3042.0,3042.0,3042.0,3042.0,3042.0,3042.0,3042.0,3042.0,3042.0,3042.0,3042.0,3042.0,3042.0,3042.0,3042.0,3042.0,3042.0,3042.0,3042.0,3042.0,3042.0,3042.0,3042.0,3042.0,3042.0,3042.0,3042.0,3042.0,3042.0,3042.0,3042.0,208.0,208.0,208.0,208.0,208.0,208.0,208.0,208.0,208.0,208.0,208.0,208.0,208.0,208.0,208.0,208.0,208.0,208.0,208.0,208.0,208.0,208.0,208.0,208.0,208.0,208.0,208.0,208.0,208.0,785.0,785.0,785.0,785.0,785.0,785.0,785.0,785.0,785.0,785.0,785.0,785.0,785.0,785.0,785.0,785.0,785.0,785.0,785.0,785.0,785.0,785.0,785.0,785.0,785.0,785.0,785.0,785.0,785.0,785.0,785.0,785.0,785.0,785.0,785.0,785.0,785.0,785.0,785.0,785.0,785.0,785.0,785.0,785.0,785.0,785.0,785.0,785.0,785.0,785.0,701.0,701.0,701.0,782.0,782.0,782.0,701.0,701.0,701.0,701.0,782.0,701.0,701.0,701.0,701.0,701.0,701.0,782.0,701.0,701.0,701.0,782.0,782.0,701.0,701.0,701.0,701.0,701.0,782.0,701.0,701.0,701.0,701.0,782.0,782.0,701.0,701.0,701.0,782.0,782.0,701.0,701.0,782.0,701.0,701.0,701.0,701.0,701.0,701.0,701.0,701.0,701.0,701.0,782.0,782.0,782.0,701.0,701.0,701.0,701.0,701.0,701.0,3042.0,3042.0,3042.0,3042.0,3042.0,3042.0,3042.0,3042.0,3042.0,3042.0,3042.0,3042.0,3042.0,3042.0,3042.0,3042.0,3042.0,3042.0,3042.0,3042.0,3042.0,3042.0,3042.0,3042.0,3042.0,3042.0,3042.0,3042.0,3042.0,3042.0,3042.0,3042.0,3042.0,3042.0,3042.0,3042.0,3042.0,3042.0,3042.0,3042.0,3042.0,3042.0,3042.0,209.0,209.0,209.0,209.0,209.0,209.0,209.0,209.0,209.0,209.0,209.0,209.0,209.0,209.0,209.0,209.0,209.0,209.0
118,3179.0,3179.0,3179.0,3179.0,3179.0,3179.0,3161.0,3179.0,3179.0,3167.0,3179.0,2567.0,2567.0,1260.0,176.0,2824.0,848.0,3179.0,3179.0,3179.0,3179.0,3179.0,3179.0,3179.0,3179.0,3179.0,3179.0,3179.0,3179.0,3179.0,3179.0,3179.0,1687.0,1811.0,2676.0,1722.0,670.0,335.0,395.0,395.0,2990.0,2116.0,635.0,594.0,514.0,2989.0,2116.0,2116.0,2116.0,1972.0,1320.0,2225.0,1841.0,1842.0,1842.0,2116.0,2116.0,2116.0,2116.0,2116.0,2116.0,2116.0,2116.0,2116.0,2116.0,2116.0,2990.0,2990.0,2990.0,2990.0,2990.0,2990.0,2990.0,2990.0,2990.0,2990.0,2990.0,2990.0,2990.0,2990.0,2990.0,2990.0,2990.0,2990.0,2990.0,2990.0,2990.0,2990.0,2990.0,2676.0,2676.0,2676.0,2676.0,2676.0,2676.0,2676.0,2676.0,2676.0,2676.0,2676.0,2676.0,2676.0,2676.0,2676.0,2676.0,2676.0,2676.0,2970.0,2970.0,2970.0,2970.0,2970.0,2970.0,2970.0,2970.0,2970.0,2970.0,2970.0,2970.0,2970.0,2970.0,2970.0,2970.0,2970.0,2970.0,2970.0,2970.0,2970.0,2970.0,2989.0,2989.0,2989.0,2989.0,2989.0,2989.0,2989.0,2989.0,2989.0,2989.0,2989.0,2989.0,2989.0,2989.0,2989.0,2989.0,2989.0,2989.0,2989.0,2989.0,3179.0,3179.0,3179.0,3179.0,3179.0,3179.0,3179.0,3179.0,3179.0,3179.0,3179.0,3179.0,3179.0,3179.0,3179.0,3179.0,3179.0,3179.0,3179.0,3179.0,3179.0,3179.0,3179.0,3179.0,3179.0,3179.0,3179.0,3179.0,3179.0,3179.0,3179.0,3179.0,3179.0,3179.0,3179.0,3179.0,3179.0,3179.0,3179.0,3179.0,3179.0,3179.0,3179.0,226.0,226.0,226.0,226.0,226.0,226.0,226.0,226.0,226.0,226.0,226.0,226.0,226.0,226.0,226.0,226.0,226.0,226.0,226.0,226.0,226.0,226.0,226.0,226.0,226.0,226.0,226.0,226.0,226.0,803.0,803.0,803.0,803.0,803.0,803.0,803.0,803.0,803.0,803.0,803.0,803.0,803.0,803.0,803.0,803.0,803.0,803.0,803.0,803.0,803.0,803.0,803.0,803.0,803.0,803.0,803.0,803.0,803.0,803.0,803.0,803.0,803.0,803.0,803.0,803.0,803.0,803.0,803.0,803.0,803.0,803.0,803.0,803.0,803.0,803.0,803.0,803.0,803.0,803.0,689.0,689.0,689.0,799.0,799.0,799.0,689.0,689.0,689.0,689.0,799.0,689.0,689.0,689.0,689.0,689.0,689.0,799.0,689.0,689.0,689.0,799.0,799.0,689.0,689.0,689.0,689.0,689.0,799.0,689.0,689.0,689.0,689.0,799.0,799.0,689.0,689.0,689.0,799.0,799.0,689.0,689.0,799.0,689.0,689.0,689.0,689.0,689.0,689.0,689.0,689.0,689.0,689.0,799.0,799.0,799.0,689.0,689.0,689.0,689.0,689.0,689.0,3179.0,3179.0,3179.0,3179.0,3179.0,3179.0,3179.0,3179.0,3179.0,3179.0,3179.0,3179.0,3179.0,3179.0,3179.0,3179.0,3179.0,3179.0,3179.0,3179.0,3179.0,3179.0,3179.0,3179.0,3179.0,3179.0,3179.0,3179.0,3179.0,3179.0,3179.0,3179.0,3179.0,3179.0,3179.0,3179.0,3179.0,3179.0,3179.0,3179.0,3179.0,3179.0,3179.0,227.0,227.0,227.0,227.0,227.0,227.0,227.0,227.0,227.0,227.0,227.0,227.0,227.0,227.0,227.0,227.0,227.0,227.0
119,3300.0,3300.0,3300.0,3300.0,3300.0,3300.0,3262.0,3300.0,3300.0,3277.0,3300.0,2631.0,2631.0,1293.0,188.0,2931.0,926.0,3300.0,3300.0,3300.0,3300.0,3300.0,3300.0,3300.0,3300.0,3300.0,3300.0,3300.0,3300.0,3300.0,3300.0,3300.0,1727.0,1874.0,2752.0,1790.0,726.0,323.0,388.0,388.0,3082.0,2138.0,690.0,636.0,573.0,3094.0,2138.0,2138.0,2138.0,2084.0,1378.0,2271.0,1781.0,1781.0,1781.0,2138.0,2138.0,2138.0,2138.0,2138.0,2138.0,2138.0,2138.0,2138.0,2138.0,2138.0,3082.0,3082.0,3082.0,3082.0,3082.0,3082.0,3082.0,3082.0,3082.0,3082.0,3082.0,3082.0,3082.0,3082.0,3082.0,3082.0,3082.0,3082.0,3082.0,3082.0,3082.0,3082.0,3082.0,2752.0,2752.0,2752.0,2752.0,2752.0,2752.0,2752.0,2752.0,2752.0,2752.0,2752.0,2752.0,2752.0,2752.0,2752.0,2752.0,2752.0,2752.0,3068.0,3068.0,3068.0,3068.0,3068.0,3068.0,3068.0,3068.0,3068.0,3068.0,3068.0,3068.0,3068.0,3068.0,3068.0,3068.0,3068.0,3068.0,3068.0,3068.0,3068.0,3068.0,3094.0,3094.0,3094.0,3094.0,3094.0,3094.0,3094.0,3094.0,3094.0,3094.0,3094.0,3094.0,3094.0,3094.0,3094.0,3094.0,3094.0,3094.0,3094.0,3094.0,3300.0,3300.0,3300.0,3300.0,3300.0,3300.0,3300.0,3300.0,3300.0,3300.0,3300.0,3300.0,3300.0,3300.0,3300.0,3300.0,3300.0,3300.0,3300.0,3300.0,3300.0,3300.0,3300.0,3300.0,3300.0,3300.0,3300.0,3300.0,3300.0,3300.0,3300.0,3300.0,3300.0,3300.0,3300.0,3300.0,3300.0,3300.0,3300.0,3300.0,3300.0,3300.0,3300.0,247.0,247.0,247.0,247.0,247.0,247.0,247.0,247.0,247.0,247.0,247.0,247.0,247.0,247.0,247.0,247.0,247.0,247.0,247.0,247.0,247.0,247.0,247.0,247.0,247.0,247.0,247.0,247.0,247.0,866.0,866.0,866.0,866.0,866.0,866.0,866.0,866.0,866.0,866.0,866.0,866.0,866.0,866.0,866.0,866.0,866.0,866.0,866.0,866.0,866.0,866.0,866.0,866.0,866.0,866.0,866.0,866.0,866.0,866.0,866.0,866.0,866.0,866.0,866.0,866.0,866.0,866.0,866.0,866.0,866.0,866.0,866.0,866.0,866.0,866.0,866.0,866.0,866.0,866.0,759.0,759.0,759.0,870.0,870.0,870.0,759.0,759.0,759.0,759.0,870.0,759.0,759.0,759.0,759.0,759.0,759.0,870.0,759.0,759.0,759.0,870.0,870.0,759.0,759.0,759.0,759.0,759.0,870.0,759.0,759.0,759.0,759.0,870.0,870.0,759.0,759.0,759.0,870.0,870.0,759.0,759.0,870.0,759.0,759.0,759.0,759.0,759.0,759.0,759.0,759.0,759.0,759.0,870.0,870.0,870.0,759.0,759.0,759.0,759.0,759.0,759.0,3300.0,3300.0,3300.0,3300.0,3300.0,3300.0,3300.0,3300.0,3300.0,3300.0,3300.0,3300.0,3300.0,3300.0,3300.0,3300.0,3300.0,3300.0,3300.0,3300.0,3300.0,3300.0,3300.0,3300.0,3300.0,3300.0,3300.0,3300.0,3300.0,3300.0,3300.0,3300.0,3300.0,3300.0,3300.0,3300.0,3300.0,3300.0,3300.0,3300.0,3300.0,3300.0,3300.0,248.0,248.0,248.0,248.0,248.0,248.0,248.0,248.0,248.0,248.0,248.0,248.0,248.0,248.0,248.0,248.0,248.0,248.0
120,3941.0,3941.0,3941.0,3941.0,3941.0,3941.0,3921.0,3941.0,3941.0,3932.0,3941.0,3484.0,3484.0,1723.0,162.0,3366.0,733.0,3941.0,3941.0,3941.0,3941.0,3941.0,3941.0,3941.0,3941.0,3941.0,3941.0,3941.0,3941.0,3941.0,3941.0,3940.0,2243.0,2384.0,3170.0,2152.0,509.0,237.0,355.0,355.0,3703.0,2908.0,471.0,430.0,424.0,3701.0,2908.0,2908.0,2908.0,2336.0,1853.0,3092.0,2534.0,2534.0,2534.0,2908.0,2908.0,2908.0,2908.0,2908.0,2908.0,2908.0,2908.0,2908.0,2908.0,2908.0,3703.0,3703.0,3703.0,3703.0,3703.0,3703.0,3703.0,3703.0,3703.0,3703.0,3703.0,3703.0,3703.0,3703.0,3703.0,3703.0,3703.0,3703.0,3703.0,3703.0,3703.0,3703.0,3703.0,3170.0,3170.0,3170.0,3170.0,3170.0,3170.0,3170.0,3170.0,3170.0,3170.0,3170.0,3170.0,3170.0,3170.0,3170.0,3170.0,3170.0,3170.0,3654.0,3654.0,3654.0,3654.0,3654.0,3654.0,3654.0,3654.0,3654.0,3654.0,3654.0,3654.0,3654.0,3654.0,3654.0,3654.0,3654.0,3654.0,3654.0,3654.0,3654.0,3654.0,3701.0,3701.0,3701.0,3701.0,3701.0,3701.0,3701.0,3701.0,3701.0,3701.0,3701.0,3701.0,3701.0,3701.0,3701.0,3701.0,3701.0,3701.0,3701.0,3701.0,3941.0,3941.0,3941.0,3941.0,3941.0,3941.0,3941.0,3941.0,3941.0,3941.0,3941.0,3941.0,3941.0,3941.0,3941.0,3941.0,3941.0,3941.0,3941.0,3941.0,3941.0,3941.0,3941.0,3941.0,3941.0,3941.0,3941.0,3941.0,3941.0,3941.0,3941.0,3941.0,3941.0,3941.0,3941.0,3941.0,3941.0,3941.0,3941.0,3941.0,3941.0,3941.0,3941.0,277.0,277.0,277.0,277.0,277.0,277.0,277.0,277.0,277.0,277.0,277.0,277.0,277.0,277.0,277.0,277.0,277.0,277.0,277.0,277.0,277.0,277.0,277.0,277.0,277.0,277.0,277.0,277.0,277.0,712.0,712.0,712.0,712.0,712.0,712.0,712.0,712.0,712.0,712.0,712.0,712.0,712.0,712.0,712.0,712.0,712.0,712.0,712.0,712.0,712.0,712.0,712.0,712.0,712.0,712.0,712.0,712.0,712.0,712.0,712.0,712.0,712.0,712.0,712.0,712.0,712.0,712.0,712.0,712.0,712.0,712.0,712.0,712.0,712.0,712.0,712.0,712.0,712.0,712.0,643.0,643.0,643.0,713.0,713.0,713.0,643.0,643.0,643.0,643.0,713.0,643.0,643.0,643.0,643.0,643.0,643.0,713.0,643.0,643.0,643.0,713.0,713.0,643.0,643.0,643.0,643.0,643.0,713.0,643.0,643.0,643.0,643.0,713.0,713.0,643.0,643.0,643.0,713.0,713.0,643.0,643.0,713.0,643.0,643.0,643.0,643.0,643.0,643.0,643.0,643.0,643.0,643.0,713.0,713.0,713.0,643.0,643.0,643.0,643.0,643.0,643.0,3941.0,3941.0,3940.0,3940.0,3940.0,3941.0,3941.0,3941.0,3941.0,3940.0,3940.0,3941.0,3941.0,3941.0,3941.0,3941.0,3941.0,3940.0,3941.0,3941.0,3941.0,3940.0,3940.0,3941.0,3941.0,3941.0,3941.0,3941.0,3941.0,3941.0,3941.0,3941.0,3941.0,3941.0,3940.0,3940.0,3940.0,3941.0,3941.0,3941.0,3941.0,3941.0,3941.0,277.0,277.0,277.0,277.0,277.0,277.0,277.0,277.0,277.0,277.0,277.0,277.0,277.0,277.0,277.0,277.0,277.0,277.0
121,3017.0,3017.0,3017.0,3017.0,3017.0,3017.0,2982.0,3017.0,3017.0,3007.0,3017.0,2685.0,2685.0,1316.0,88.0,2571.0,581.0,3017.0,3017.0,3017.0,3017.0,3017.0,3017.0,3017.0,3017.0,3017.0,3017.0,3017.0,3017.0,3017.0,3017.0,3017.0,1674.0,1762.0,2395.0,1596.0,355.0,141.0,266.0,266.0,2779.0,2246.0,338.0,299.0,279.0,2784.0,2246.0,2246.0,2246.0,1735.0,1386.0,2348.0,1945.0,1945.0,1945.0,2246.0,2246.0,2246.0,2246.0,2246.0,2246.0,2246.0,2246.0,2246.0,2246.0,2246.0,2779.0,2779.0,2779.0,2779.0,2779.0,2779.0,2779.0,2779.0,2779.0,2779.0,2779.0,2779.0,2779.0,2779.0,2779.0,2779.0,2779.0,2779.0,2779.0,2779.0,2779.0,2779.0,2779.0,2395.0,2395.0,2395.0,2395.0,2395.0,2395.0,2395.0,2395.0,2395.0,2395.0,2395.0,2395.0,2395.0,2395.0,2395.0,2395.0,2395.0,2395.0,2765.0,2765.0,2765.0,2765.0,2765.0,2765.0,2765.0,2765.0,2765.0,2765.0,2765.0,2765.0,2765.0,2765.0,2765.0,2765.0,2765.0,2765.0,2765.0,2765.0,2765.0,2765.0,2784.0,2784.0,2784.0,2784.0,2784.0,2784.0,2784.0,2784.0,2784.0,2784.0,2784.0,2784.0,2784.0,2784.0,2784.0,2784.0,2784.0,2784.0,2784.0,2784.0,3017.0,3017.0,3017.0,3017.0,3017.0,3017.0,3017.0,3017.0,3017.0,3017.0,3017.0,3017.0,3017.0,3017.0,3017.0,3017.0,3017.0,3017.0,3017.0,3017.0,3017.0,3017.0,3017.0,3017.0,3017.0,3017.0,3017.0,3017.0,3017.0,3017.0,3017.0,3017.0,3017.0,3017.0,3017.0,3017.0,3017.0,3017.0,3017.0,3017.0,3017.0,3017.0,3017.0,254.0,254.0,254.0,254.0,254.0,254.0,254.0,254.0,254.0,254.0,254.0,254.0,254.0,254.0,254.0,254.0,254.0,254.0,254.0,254.0,254.0,254.0,254.0,254.0,254.0,254.0,254.0,254.0,254.0,546.0,546.0,546.0,546.0,546.0,546.0,546.0,546.0,546.0,546.0,546.0,546.0,546.0,546.0,546.0,546.0,546.0,546.0,546.0,546.0,546.0,546.0,546.0,546.0,546.0,546.0,546.0,546.0,546.0,546.0,546.0,546.0,546.0,546.0,546.0,546.0,546.0,546.0,546.0,546.0,546.0,546.0,546.0,546.0,546.0,546.0,546.0,546.0,546.0,546.0,499.0,499.0,499.0,555.0,555.0,555.0,499.0,499.0,499.0,499.0,555.0,499.0,499.0,499.0,499.0,499.0,499.0,555.0,499.0,499.0,499.0,555.0,555.0,499.0,499.0,499.0,499.0,499.0,555.0,499.0,499.0,499.0,499.0,555.0,555.0,499.0,499.0,499.0,555.0,555.0,499.0,499.0,555.0,499.0,499.0,499.0,499.0,499.0,499.0,499.0,499.0,499.0,499.0,555.0,555.0,555.0,499.0,499.0,499.0,499.0,499.0,499.0,3017.0,3017.0,3017.0,3017.0,3017.0,3017.0,3017.0,3017.0,3017.0,3017.0,3017.0,3017.0,3017.0,3017.0,3017.0,3017.0,3017.0,3017.0,3017.0,3017.0,3017.0,3017.0,3017.0,3017.0,3017.0,3017.0,3017.0,3017.0,3017.0,3017.0,3017.0,3017.0,3017.0,3017.0,3017.0,3017.0,3017.0,3017.0,3017.0,3017.0,3017.0,3017.0,3017.0,255.0,255.0,255.0,255.0,255.0,255.0,255.0,255.0,255.0,255.0,255.0,255.0,255.0,255.0,255.0,255.0,255.0,255.0
122,2507.0,2507.0,2507.0,2507.0,2507.0,2507.0,2486.0,2507.0,2507.0,2499.0,2507.0,2148.0,2148.0,1131.0,100.0,2147.0,559.0,2507.0,2507.0,2507.0,2507.0,2507.0,2507.0,2507.0,2507.0,2507.0,2507.0,2507.0,2507.0,2507.0,2507.0,2507.0,1388.0,1479.0,1993.0,1358.0,381.0,186.0,235.0,235.0,2319.0,1810.0,364.0,355.0,305.0,2320.0,1810.0,1810.0,1810.0,1352.0,973.0,1870.0,1578.0,1578.0,1578.0,1810.0,1810.0,1810.0,1810.0,1810.0,1810.0,1810.0,1810.0,1810.0,1810.0,1810.0,2319.0,2319.0,2319.0,2319.0,2319.0,2319.0,2319.0,2319.0,2319.0,2319.0,2319.0,2319.0,2319.0,2319.0,2319.0,2319.0,2319.0,2319.0,2319.0,2319.0,2319.0,2319.0,2319.0,1993.0,1993.0,1993.0,1993.0,1993.0,1993.0,1993.0,1993.0,1993.0,1993.0,1993.0,1993.0,1993.0,1993.0,1993.0,1993.0,1993.0,1993.0,2303.0,2303.0,2303.0,2303.0,2303.0,2303.0,2303.0,2303.0,2303.0,2303.0,2303.0,2303.0,2303.0,2303.0,2303.0,2303.0,2303.0,2303.0,2303.0,2303.0,2303.0,2303.0,2319.0,2319.0,2319.0,2319.0,2319.0,2319.0,2319.0,2319.0,2319.0,2319.0,2319.0,2319.0,2319.0,2319.0,2319.0,2319.0,2319.0,2319.0,2319.0,2319.0,2507.0,2507.0,2507.0,2507.0,2507.0,2507.0,2507.0,2507.0,2507.0,2507.0,2507.0,2507.0,2507.0,2507.0,2507.0,2507.0,2507.0,2507.0,2507.0,2507.0,2507.0,2507.0,2507.0,2507.0,2507.0,2507.0,2507.0,2507.0,2507.0,2507.0,2507.0,2507.0,2507.0,2507.0,2507.0,2507.0,2507.0,2507.0,2507.0,2507.0,2507.0,2507.0,2507.0,213.0,213.0,213.0,213.0,213.0,213.0,213.0,213.0,213.0,213.0,213.0,213.0,213.0,213.0,213.0,213.0,213.0,213.0,213.0,213.0,213.0,213.0,213.0,213.0,213.0,213.0,213.0,213.0,213.0,550.0,550.0,549.0,549.0,549.0,550.0,550.0,549.0,549.0,550.0,550.0,550.0,550.0,549.0,550.0,550.0,550.0,549.0,549.0,550.0,550.0,549.0,549.0,550.0,550.0,550.0,550.0,549.0,549.0,550.0,549.0,549.0,550.0,549.0,549.0,550.0,550.0,550.0,550.0,550.0,550.0,549.0,549.0,549.0,550.0,550.0,550.0,550.0,550.0,550.0,491.0,491.0,491.0,554.0,554.0,554.0,491.0,491.0,491.0,491.0,554.0,491.0,491.0,491.0,491.0,491.0,491.0,554.0,491.0,491.0,491.0,554.0,554.0,491.0,491.0,491.0,491.0,491.0,554.0,491.0,491.0,491.0,491.0,554.0,554.0,491.0,491.0,491.0,554.0,554.0,491.0,491.0,554.0,491.0,491.0,491.0,491.0,491.0,491.0,491.0,491.0,491.0,491.0,554.0,554.0,554.0,491.0,491.0,491.0,491.0,491.0,491.0,2507.0,2507.0,2507.0,2507.0,2507.0,2507.0,2507.0,2507.0,2507.0,2507.0,2507.0,2507.0,2507.0,2507.0,2507.0,2507.0,2507.0,2507.0,2507.0,2507.0,2507.0,2507.0,2507.0,2507.0,2507.0,2507.0,2507.0,2507.0,2507.0,2507.0,2507.0,2507.0,2507.0,2507.0,2507.0,2507.0,2507.0,2507.0,2507.0,2507.0,2507.0,2507.0,2507.0,213.0,213.0,213.0,213.0,213.0,213.0,213.0,213.0,213.0,213.0,213.0,213.0,213.0,213.0,213.0,213.0,213.0,213.0
123,3390.0,3390.0,3390.0,3390.0,3390.0,3390.0,3358.0,3390.0,3390.0,3374.0,3390.0,3059.0,3059.0,1675.0,130.0,2933.0,529.0,3390.0,3390.0,3390.0,3390.0,3390.0,3390.0,3390.0,3390.0,3390.0,3390.0,3390.0,3390.0,3390.0,3390.0,3390.0,2062.0,2182.0,2789.0,2046.0,361.0,209.0,260.0,260.0,3203.0,2614.0,346.0,297.0,306.0,3217.0,2614.0,2614.0,2614.0,1554.0,1188.0,2740.0,2285.0,2285.0,2285.0,2614.0,2614.0,2614.0,2614.0,2614.0,2614.0,2614.0,2614.0,2614.0,2614.0,2614.0,3203.0,3203.0,3203.0,3203.0,3203.0,3203.0,3203.0,3203.0,3203.0,3203.0,3203.0,3203.0,3203.0,3203.0,3203.0,3203.0,3203.0,3203.0,3203.0,3203.0,3203.0,3203.0,3203.0,2789.0,2789.0,2789.0,2789.0,2789.0,2789.0,2789.0,2789.0,2789.0,2789.0,2789.0,2789.0,2789.0,2789.0,2789.0,2789.0,2789.0,2789.0,3180.0,3180.0,3180.0,3180.0,3180.0,3180.0,3180.0,3180.0,3180.0,3180.0,3180.0,3180.0,3180.0,3180.0,3180.0,3180.0,3180.0,3180.0,3180.0,3180.0,3180.0,3180.0,3217.0,3217.0,3217.0,3217.0,3217.0,3217.0,3217.0,3217.0,3217.0,3217.0,3217.0,3217.0,3217.0,3217.0,3217.0,3217.0,3217.0,3217.0,3217.0,3217.0,3390.0,3390.0,3390.0,3390.0,3390.0,3390.0,3390.0,3390.0,3390.0,3390.0,3390.0,3390.0,3390.0,3390.0,3390.0,3390.0,3390.0,3390.0,3390.0,3390.0,3390.0,3390.0,3390.0,3390.0,3390.0,3390.0,3390.0,3390.0,3390.0,3390.0,3390.0,3390.0,3390.0,3390.0,3390.0,3390.0,3390.0,3390.0,3390.0,3390.0,3390.0,3390.0,3390.0,203.0,203.0,203.0,203.0,203.0,203.0,203.0,203.0,203.0,203.0,203.0,203.0,203.0,203.0,203.0,203.0,203.0,203.0,203.0,203.0,203.0,203.0,203.0,203.0,203.0,203.0,203.0,203.0,203.0,513.0,513.0,513.0,513.0,513.0,513.0,513.0,513.0,513.0,513.0,513.0,513.0,513.0,513.0,513.0,513.0,513.0,513.0,513.0,513.0,513.0,513.0,513.0,513.0,513.0,513.0,513.0,513.0,513.0,513.0,513.0,513.0,513.0,513.0,513.0,513.0,513.0,513.0,513.0,513.0,513.0,513.0,513.0,513.0,513.0,513.0,513.0,513.0,513.0,513.0,470.0,470.0,470.0,520.0,520.0,520.0,470.0,470.0,470.0,470.0,520.0,470.0,470.0,470.0,470.0,470.0,470.0,520.0,470.0,470.0,470.0,520.0,520.0,470.0,470.0,470.0,470.0,470.0,520.0,470.0,470.0,470.0,470.0,520.0,520.0,470.0,470.0,470.0,520.0,520.0,470.0,470.0,520.0,470.0,470.0,470.0,470.0,470.0,470.0,470.0,470.0,470.0,470.0,520.0,520.0,520.0,470.0,470.0,470.0,470.0,470.0,470.0,3390.0,3390.0,3390.0,3390.0,3390.0,3390.0,3390.0,3390.0,3390.0,3390.0,3390.0,3390.0,3390.0,3390.0,3390.0,3390.0,3390.0,3390.0,3390.0,3390.0,3390.0,3390.0,3390.0,3390.0,3390.0,3390.0,3390.0,3390.0,3390.0,3390.0,3390.0,3390.0,3390.0,3390.0,3390.0,3390.0,3390.0,3390.0,3390.0,3390.0,3390.0,3390.0,3390.0,207.0,207.0,207.0,207.0,207.0,207.0,207.0,207.0,207.0,207.0,207.0,207.0,207.0,207.0,207.0,207.0,207.0,207.0
124,4202.0,4202.0,4202.0,4202.0,4202.0,4202.0,4180.0,4202.0,4202.0,4193.0,4202.0,3853.0,3853.0,2127.0,109.0,3520.0,578.0,4202.0,4202.0,4202.0,4202.0,4202.0,4202.0,4202.0,4202.0,4202.0,4202.0,4202.0,4202.0,4202.0,4202.0,4202.0,2622.0,2776.0,3359.0,2430.0,378.0,201.0,290.0,290.0,3989.0,3255.0,361.0,328.0,319.0,3996.0,3255.0,3255.0,3255.0,2102.0,1722.0,3506.0,2754.0,2755.0,2755.0,3255.0,3255.0,3255.0,3255.0,3255.0,3255.0,3255.0,3255.0,3255.0,3255.0,3255.0,3989.0,3989.0,3989.0,3989.0,3989.0,3989.0,3989.0,3989.0,3989.0,3989.0,3989.0,3989.0,3989.0,3989.0,3989.0,3989.0,3989.0,3989.0,3989.0,3989.0,3989.0,3989.0,3989.0,3359.0,3359.0,3359.0,3359.0,3359.0,3359.0,3359.0,3359.0,3359.0,3359.0,3359.0,3359.0,3359.0,3359.0,3359.0,3359.0,3359.0,3359.0,3979.0,3979.0,3979.0,3979.0,3979.0,3979.0,3979.0,3979.0,3979.0,3979.0,3979.0,3979.0,3979.0,3979.0,3979.0,3979.0,3979.0,3979.0,3979.0,3979.0,3979.0,3979.0,3996.0,3996.0,3996.0,3996.0,3996.0,3996.0,3996.0,3996.0,3996.0,3996.0,3996.0,3996.0,3996.0,3996.0,3996.0,3996.0,3996.0,3996.0,3996.0,3996.0,4202.0,4202.0,4202.0,4202.0,4202.0,4202.0,4202.0,4202.0,4202.0,4202.0,4202.0,4202.0,4202.0,4202.0,4202.0,4202.0,4202.0,4202.0,4202.0,4202.0,4202.0,4202.0,4202.0,4202.0,4202.0,4202.0,4202.0,4202.0,4202.0,4202.0,4202.0,4202.0,4202.0,4202.0,4202.0,4202.0,4202.0,4202.0,4202.0,4202.0,4202.0,4202.0,4202.0,231.0,231.0,231.0,231.0,231.0,231.0,231.0,231.0,231.0,231.0,231.0,231.0,231.0,231.0,231.0,231.0,231.0,231.0,231.0,231.0,231.0,231.0,231.0,231.0,231.0,231.0,231.0,231.0,231.0,544.0,544.0,544.0,544.0,544.0,544.0,544.0,544.0,544.0,544.0,544.0,544.0,544.0,544.0,544.0,544.0,544.0,544.0,544.0,544.0,544.0,544.0,544.0,544.0,544.0,544.0,544.0,544.0,544.0,544.0,544.0,544.0,544.0,544.0,544.0,544.0,544.0,544.0,544.0,544.0,544.0,544.0,544.0,544.0,544.0,544.0,544.0,544.0,544.0,544.0,507.0,507.0,507.0,550.0,550.0,550.0,507.0,507.0,507.0,507.0,550.0,507.0,507.0,507.0,507.0,507.0,507.0,550.0,507.0,507.0,507.0,550.0,550.0,507.0,507.0,507.0,507.0,507.0,550.0,507.0,507.0,507.0,507.0,550.0,550.0,507.0,507.0,507.0,550.0,550.0,507.0,507.0,550.0,507.0,507.0,507.0,507.0,507.0,507.0,507.0,507.0,507.0,507.0,550.0,550.0,550.0,507.0,507.0,507.0,507.0,507.0,507.0,4202.0,4202.0,4202.0,4202.0,4202.0,4202.0,4202.0,4202.0,4202.0,4202.0,4202.0,4202.0,4202.0,4202.0,4202.0,4202.0,4202.0,4202.0,4202.0,4202.0,4202.0,4202.0,4202.0,4202.0,4202.0,4202.0,4202.0,4202.0,4202.0,4202.0,4202.0,4202.0,4202.0,4202.0,4202.0,4202.0,4202.0,4202.0,4202.0,4202.0,4202.0,4202.0,4202.0,232.0,232.0,232.0,232.0,232.0,232.0,232.0,232.0,232.0,232.0,232.0,232.0,232.0,232.0,232.0,232.0,232.0,232.0
125,3467.0,3467.0,3467.0,3467.0,3467.0,3467.0,3443.0,3467.0,3467.0,3458.0,3467.0,3168.0,3168.0,1464.0,124.0,2896.0,549.0,3467.0,3467.0,3467.0,3467.0,3467.0,3467.0,3467.0,3467.0,3467.0,3467.0,3467.0,3467.0,3467.0,3467.0,3467.0,1926.0,2091.0,2739.0,1858.0,332.0,199.0,314.0,314.0,3246.0,2607.0,312.0,293.0,300.0,3255.0,2605.0,2605.0,2605.0,1906.0,1581.0,2815.0,2235.0,2236.0,2236.0,2607.0,2607.0,2607.0,2607.0,2607.0,2607.0,2607.0,2607.0,2607.0,2607.0,2607.0,3246.0,3246.0,3246.0,3246.0,3246.0,3246.0,3246.0,3246.0,3246.0,3246.0,3246.0,3246.0,3246.0,3246.0,3246.0,3246.0,3246.0,3246.0,3246.0,3246.0,3246.0,3246.0,3246.0,2739.0,2739.0,2739.0,2739.0,2739.0,2739.0,2739.0,2739.0,2739.0,2739.0,2739.0,2739.0,2739.0,2739.0,2739.0,2739.0,2739.0,2739.0,3233.0,3233.0,3233.0,3233.0,3233.0,3233.0,3233.0,3233.0,3233.0,3233.0,3233.0,3233.0,3233.0,3233.0,3233.0,3233.0,3233.0,3233.0,3233.0,3233.0,3233.0,3233.0,3255.0,3255.0,3255.0,3255.0,3255.0,3255.0,3255.0,3255.0,3255.0,3255.0,3255.0,3255.0,3255.0,3255.0,3255.0,3255.0,3255.0,3255.0,3255.0,3255.0,3467.0,3467.0,3467.0,3467.0,3467.0,3467.0,3467.0,3467.0,3467.0,3467.0,3467.0,3467.0,3467.0,3467.0,3467.0,3467.0,3467.0,3467.0,3467.0,3467.0,3467.0,3467.0,3467.0,3467.0,3467.0,3467.0,3467.0,3467.0,3467.0,3467.0,3467.0,3467.0,3467.0,3467.0,3467.0,3467.0,3467.0,3467.0,3467.0,3467.0,3467.0,3467.0,3467.0,245.0,245.0,245.0,245.0,245.0,245.0,245.0,245.0,245.0,245.0,245.0,245.0,245.0,245.0,245.0,245.0,245.0,245.0,245.0,245.0,245.0,245.0,245.0,245.0,245.0,245.0,245.0,245.0,245.0,528.0,528.0,528.0,528.0,528.0,528.0,528.0,528.0,528.0,528.0,528.0,528.0,528.0,528.0,528.0,528.0,528.0,528.0,528.0,528.0,528.0,528.0,528.0,528.0,528.0,528.0,528.0,528.0,528.0,528.0,528.0,528.0,528.0,528.0,528.0,528.0,528.0,528.0,528.0,528.0,528.0,528.0,528.0,528.0,528.0,528.0,528.0,528.0,528.0,528.0,508.0,508.0,508.0,536.0,536.0,536.0,508.0,508.0,508.0,508.0,536.0,508.0,508.0,508.0,508.0,508.0,508.0,536.0,508.0,508.0,508.0,536.0,536.0,508.0,508.0,508.0,508.0,508.0,536.0,508.0,508.0,508.0,508.0,536.0,536.0,508.0,508.0,508.0,536.0,536.0,508.0,508.0,536.0,508.0,508.0,508.0,508.0,508.0,508.0,508.0,508.0,508.0,508.0,536.0,536.0,536.0,508.0,508.0,508.0,508.0,508.0,508.0,3467.0,3467.0,3467.0,3467.0,3467.0,3467.0,3467.0,3467.0,3467.0,3467.0,3467.0,3467.0,3467.0,3467.0,3467.0,3467.0,3467.0,3467.0,3467.0,3467.0,3467.0,3467.0,3467.0,3467.0,3467.0,3467.0,3467.0,3467.0,3467.0,3467.0,3467.0,3467.0,3467.0,3467.0,3467.0,3467.0,3467.0,3467.0,3467.0,3467.0,3467.0,3467.0,3467.0,249.0,249.0,249.0,249.0,249.0,249.0,249.0,249.0,249.0,249.0,249.0,249.0,249.0,249.0,249.0,249.0,249.0,249.0
126,3051.0,3051.0,3051.0,3051.0,3051.0,3051.0,3034.0,3051.0,3051.0,3042.0,3051.0,2701.0,2701.0,1345.0,90.0,2563.0,584.0,3051.0,3051.0,3051.0,3051.0,3051.0,3051.0,3051.0,3051.0,3051.0,3051.0,3051.0,3051.0,3051.0,3051.0,3051.0,1732.0,1818.0,2396.0,1590.0,388.0,195.0,291.0,291.0,2850.0,2211.0,356.0,329.0,340.0,2850.0,2209.0,2209.0,2209.0,1655.0,1286.0,2369.0,1922.0,1922.0,1922.0,2211.0,2211.0,2211.0,2211.0,2211.0,2211.0,2211.0,2211.0,2211.0,2211.0,2211.0,2850.0,2850.0,2850.0,2850.0,2850.0,2850.0,2850.0,2850.0,2850.0,2850.0,2850.0,2850.0,2850.0,2850.0,2850.0,2850.0,2850.0,2850.0,2850.0,2850.0,2850.0,2850.0,2850.0,2396.0,2396.0,2396.0,2396.0,2396.0,2396.0,2396.0,2396.0,2396.0,2396.0,2396.0,2396.0,2396.0,2396.0,2396.0,2396.0,2396.0,2396.0,2816.0,2816.0,2816.0,2816.0,2816.0,2816.0,2816.0,2816.0,2816.0,2816.0,2816.0,2816.0,2816.0,2816.0,2816.0,2816.0,2816.0,2816.0,2816.0,2816.0,2816.0,2816.0,2850.0,2850.0,2850.0,2850.0,2850.0,2850.0,2850.0,2850.0,2850.0,2850.0,2850.0,2850.0,2850.0,2850.0,2850.0,2850.0,2850.0,2850.0,2850.0,2850.0,3051.0,3051.0,3051.0,3051.0,3051.0,3051.0,3051.0,3051.0,3051.0,3051.0,3051.0,3051.0,3051.0,3051.0,3051.0,3051.0,3051.0,3051.0,3051.0,3051.0,3051.0,3051.0,3051.0,3051.0,3051.0,3051.0,3051.0,3051.0,3051.0,3051.0,3051.0,3051.0,3051.0,3051.0,3051.0,3051.0,3051.0,3051.0,3051.0,3051.0,3051.0,3051.0,3051.0,236.0,236.0,236.0,236.0,236.0,236.0,236.0,236.0,236.0,236.0,236.0,236.0,236.0,236.0,236.0,236.0,236.0,236.0,236.0,236.0,236.0,236.0,236.0,236.0,236.0,236.0,236.0,236.0,236.0,563.0,563.0,563.0,563.0,563.0,563.0,563.0,563.0,563.0,563.0,563.0,563.0,563.0,563.0,563.0,563.0,563.0,563.0,563.0,563.0,563.0,563.0,563.0,563.0,563.0,563.0,563.0,563.0,563.0,563.0,563.0,563.0,563.0,563.0,563.0,563.0,563.0,563.0,563.0,563.0,563.0,563.0,563.0,563.0,563.0,563.0,563.0,563.0,563.0,563.0,519.0,519.0,519.0,569.0,569.0,569.0,519.0,519.0,519.0,519.0,569.0,519.0,519.0,519.0,519.0,519.0,519.0,569.0,519.0,519.0,519.0,569.0,569.0,519.0,519.0,519.0,519.0,519.0,569.0,519.0,519.0,519.0,519.0,569.0,569.0,519.0,519.0,519.0,569.0,569.0,519.0,519.0,569.0,519.0,519.0,519.0,519.0,519.0,519.0,519.0,519.0,519.0,519.0,569.0,569.0,569.0,519.0,519.0,519.0,519.0,519.0,519.0,3051.0,3051.0,3051.0,3051.0,3051.0,3051.0,3051.0,3051.0,3051.0,3051.0,3051.0,3051.0,3051.0,3051.0,3051.0,3051.0,3051.0,3051.0,3051.0,3051.0,3051.0,3051.0,3051.0,3051.0,3051.0,3051.0,3051.0,3051.0,3051.0,3051.0,3051.0,3051.0,3051.0,3051.0,3051.0,3051.0,3051.0,3051.0,3051.0,3051.0,3051.0,3051.0,3051.0,239.0,239.0,239.0,239.0,239.0,239.0,239.0,239.0,239.0,239.0,239.0,239.0,239.0,239.0,239.0,239.0,239.0,239.0
127,3335.0,3335.0,3335.0,3335.0,3335.0,3335.0,3301.0,3333.0,3333.0,3324.0,3333.0,2970.0,2970.0,1487.0,139.0,2823.0,615.0,3335.0,3335.0,3335.0,3335.0,3335.0,3335.0,3335.0,3335.0,3335.0,3335.0,3335.0,3335.0,3335.0,3335.0,3335.0,1882.0,1996.0,2634.0,1784.0,404.0,216.0,299.0,299.0,3109.0,2466.0,372.0,344.0,314.0,3096.0,2465.0,2465.0,2465.0,1908.0,1516.0,2585.0,2170.0,2170.0,2170.0,2466.0,2466.0,2466.0,2466.0,2466.0,2466.0,2466.0,2466.0,2466.0,2466.0,2466.0,3109.0,3109.0,3109.0,3109.0,3109.0,3109.0,3109.0,3109.0,3109.0,3109.0,3109.0,3109.0,3109.0,3109.0,3109.0,3109.0,3109.0,3109.0,3109.0,3109.0,3109.0,3109.0,3109.0,2634.0,2634.0,2634.0,2634.0,2634.0,2634.0,2634.0,2634.0,2634.0,2634.0,2634.0,2634.0,2634.0,2634.0,2634.0,2634.0,2634.0,2634.0,3090.0,3090.0,3090.0,3090.0,3090.0,3090.0,3090.0,3090.0,3090.0,3090.0,3090.0,3090.0,3090.0,3090.0,3090.0,3090.0,3090.0,3090.0,3090.0,3090.0,3090.0,3090.0,3096.0,3096.0,3096.0,3096.0,3096.0,3096.0,3096.0,3096.0,3096.0,3096.0,3096.0,3096.0,3096.0,3096.0,3096.0,3096.0,3096.0,3096.0,3096.0,3096.0,3335.0,3335.0,3335.0,3335.0,3335.0,3335.0,3335.0,3335.0,3335.0,3335.0,3335.0,3335.0,3335.0,3335.0,3335.0,3335.0,3335.0,3335.0,3335.0,3335.0,3335.0,3335.0,3335.0,3335.0,3335.0,3335.0,3335.0,3335.0,3335.0,3335.0,3335.0,3335.0,3335.0,3335.0,3335.0,3335.0,3335.0,3335.0,3335.0,3335.0,3335.0,3335.0,3335.0,255.0,255.0,255.0,255.0,255.0,255.0,255.0,255.0,255.0,255.0,255.0,255.0,255.0,255.0,255.0,255.0,255.0,255.0,255.0,255.0,255.0,255.0,255.0,255.0,255.0,255.0,255.0,255.0,255.0,582.0,582.0,582.0,582.0,582.0,582.0,582.0,582.0,582.0,582.0,582.0,582.0,582.0,582.0,582.0,582.0,582.0,582.0,582.0,582.0,582.0,582.0,582.0,582.0,582.0,582.0,582.0,582.0,582.0,582.0,582.0,582.0,582.0,582.0,582.0,582.0,582.0,582.0,582.0,582.0,582.0,582.0,582.0,582.0,582.0,582.0,582.0,582.0,582.0,582.0,531.0,531.0,531.0,589.0,589.0,589.0,531.0,531.0,531.0,531.0,589.0,531.0,531.0,531.0,531.0,531.0,531.0,589.0,531.0,531.0,531.0,589.0,589.0,531.0,531.0,531.0,531.0,531.0,589.0,531.0,531.0,531.0,531.0,589.0,589.0,531.0,531.0,531.0,589.0,589.0,531.0,531.0,589.0,531.0,531.0,531.0,531.0,531.0,531.0,531.0,531.0,531.0,531.0,589.0,589.0,589.0,531.0,531.0,531.0,531.0,531.0,531.0,3335.0,3335.0,3335.0,3335.0,3335.0,3335.0,3335.0,3335.0,3335.0,3335.0,3335.0,3335.0,3335.0,3335.0,3335.0,3335.0,3335.0,3335.0,3335.0,3335.0,3335.0,3335.0,3335.0,3335.0,3335.0,3335.0,3335.0,3335.0,3335.0,3335.0,3335.0,3335.0,3335.0,3335.0,3335.0,3335.0,3335.0,3335.0,3335.0,3335.0,3335.0,3335.0,3335.0,255.0,255.0,255.0,255.0,255.0,255.0,255.0,255.0,255.0,255.0,255.0,255.0,255.0,255.0,255.0,255.0,255.0,255.0
128,2507.0,2507.0,2507.0,2507.0,2507.0,2507.0,2483.0,2507.0,2507.0,2501.0,2507.0,2242.0,2242.0,1309.0,169.0,2085.0,428.0,2507.0,2507.0,2507.0,2507.0,2507.0,2507.0,2507.0,2507.0,2507.0,2507.0,2507.0,2507.0,2507.0,2507.0,2507.0,1445.0,1540.0,1316.0,944.0,195.0,117.0,215.0,215.0,2229.0,1342.0,173.0,154.0,154.0,1664.0,1919.0,1919.0,1919.0,1456.0,1168.0,1962.0,1607.0,1607.0,1607.0,1342.0,1342.0,1342.0,1342.0,1342.0,1342.0,1342.0,1342.0,1342.0,1342.0,1342.0,2229.0,2229.0,2229.0,2229.0,2229.0,2229.0,2229.0,2229.0,2229.0,2229.0,2229.0,2229.0,2229.0,2229.0,2229.0,2229.0,2229.0,2229.0,2229.0,2229.0,2229.0,2229.0,2229.0,1316.0,1316.0,1316.0,1316.0,1316.0,1316.0,1316.0,1316.0,1316.0,1316.0,1316.0,1316.0,1316.0,1316.0,1316.0,1316.0,1316.0,1316.0,2329.0,2329.0,2329.0,2329.0,2329.0,2329.0,2329.0,2329.0,2329.0,2329.0,2329.0,2329.0,2329.0,2329.0,2329.0,2329.0,2329.0,2329.0,2329.0,2329.0,2329.0,2329.0,1664.0,1664.0,1664.0,1664.0,1664.0,1664.0,1664.0,1664.0,1664.0,1664.0,1664.0,1664.0,1664.0,1664.0,1664.0,1664.0,1664.0,1664.0,1664.0,1664.0,2507.0,2507.0,2507.0,2507.0,2507.0,2507.0,2507.0,2507.0,2507.0,2507.0,2507.0,2507.0,2507.0,2507.0,2507.0,2507.0,2507.0,2507.0,2507.0,2507.0,2507.0,2507.0,2507.0,2507.0,2507.0,2507.0,2507.0,2507.0,2507.0,2507.0,2507.0,2507.0,2507.0,2507.0,2507.0,2507.0,2507.0,2507.0,2507.0,2507.0,2507.0,2507.0,2507.0,188.0,188.0,188.0,188.0,188.0,188.0,188.0,188.0,188.0,188.0,188.0,188.0,188.0,188.0,188.0,188.0,188.0,188.0,188.0,188.0,188.0,188.0,188.0,188.0,188.0,188.0,188.0,188.0,188.0,426.0,426.0,426.0,426.0,426.0,426.0,426.0,426.0,426.0,426.0,426.0,426.0,426.0,426.0,426.0,426.0,426.0,426.0,426.0,426.0,426.0,426.0,426.0,426.0,426.0,426.0,426.0,426.0,426.0,426.0,426.0,426.0,426.0,426.0,426.0,426.0,426.0,426.0,426.0,426.0,426.0,426.0,426.0,426.0,426.0,426.0,426.0,426.0,426.0,426.0,390.0,390.0,390.0,435.0,435.0,435.0,390.0,390.0,390.0,390.0,435.0,390.0,390.0,390.0,390.0,390.0,390.0,435.0,390.0,390.0,390.0,435.0,435.0,390.0,390.0,390.0,390.0,390.0,435.0,390.0,390.0,390.0,390.0,435.0,435.0,390.0,390.0,390.0,435.0,435.0,390.0,390.0,435.0,390.0,390.0,390.0,390.0,390.0,390.0,390.0,390.0,390.0,390.0,435.0,435.0,435.0,390.0,390.0,390.0,390.0,390.0,390.0,2507.0,2507.0,2507.0,2507.0,2507.0,2507.0,2507.0,2507.0,2507.0,2507.0,2507.0,2507.0,2507.0,2507.0,2507.0,2507.0,2507.0,2507.0,2507.0,2507.0,2507.0,2507.0,2507.0,2507.0,2507.0,2507.0,2507.0,2507.0,2507.0,2507.0,2507.0,2507.0,2507.0,2507.0,2507.0,2507.0,2507.0,2507.0,2507.0,2507.0,2507.0,2507.0,2507.0,188.0,188.0,188.0,188.0,188.0,188.0,188.0,188.0,188.0,188.0,188.0,188.0,188.0,188.0,188.0,188.0,188.0,188.0
129,2348.0,2348.0,2348.0,2348.0,2348.0,2348.0,2329.0,2348.0,2346.0,2343.0,2348.0,2015.0,2015.0,1322.0,291.0,1967.0,473.0,2348.0,2348.0,2348.0,2348.0,2348.0,2348.0,2348.0,2348.0,2348.0,2348.0,2348.0,2348.0,2348.0,2348.0,2348.0,1357.0,1436.0,762.0,666.0,91.0,68.0,235.0,235.0,1887.0,837.0,67.0,20.0,65.0,1046.0,1725.0,1725.0,1725.0,1355.0,1003.0,1791.0,1489.0,1489.0,1489.0,837.0,837.0,837.0,837.0,837.0,837.0,837.0,837.0,837.0,837.0,837.0,1886.0,1886.0,1886.0,1886.0,1886.0,1886.0,1886.0,1886.0,1886.0,1886.0,1886.0,1886.0,1886.0,1886.0,1886.0,1886.0,1886.0,1886.0,1886.0,1886.0,1886.0,1886.0,1886.0,760.0,760.0,760.0,760.0,760.0,760.0,760.0,760.0,760.0,760.0,760.0,760.0,760.0,760.0,760.0,760.0,760.0,760.0,2196.0,2196.0,2196.0,2196.0,2196.0,2196.0,2196.0,2196.0,2196.0,2196.0,2196.0,2196.0,2196.0,2196.0,2196.0,2196.0,2196.0,2196.0,2196.0,2196.0,2196.0,2196.0,1043.0,1043.0,1043.0,1043.0,1043.0,1043.0,1043.0,1043.0,1043.0,1043.0,1043.0,1043.0,1043.0,1043.0,1043.0,1043.0,1043.0,1043.0,1043.0,1043.0,2347.0,2347.0,2347.0,2347.0,2347.0,2347.0,2347.0,2347.0,2347.0,2347.0,2347.0,2347.0,2347.0,2347.0,2347.0,2347.0,2347.0,2347.0,2347.0,2347.0,2347.0,2347.0,2347.0,2347.0,2347.0,2347.0,2347.0,2347.0,2347.0,2347.0,2347.0,2347.0,2347.0,2347.0,2347.0,2347.0,2347.0,2347.0,2347.0,2347.0,2347.0,2347.0,2347.0,146.0,146.0,146.0,146.0,146.0,146.0,146.0,146.0,146.0,146.0,146.0,146.0,146.0,146.0,146.0,146.0,146.0,146.0,146.0,146.0,146.0,146.0,146.0,146.0,146.0,146.0,146.0,146.0,146.0,253.0,253.0,324.0,324.0,324.0,253.0,253.0,324.0,324.0,253.0,253.0,253.0,253.0,324.0,253.0,253.0,253.0,324.0,324.0,253.0,253.0,324.0,324.0,253.0,253.0,253.0,253.0,324.0,324.0,253.0,324.0,324.0,253.0,324.0,324.0,253.0,253.0,253.0,253.0,253.0,253.0,324.0,324.0,324.0,253.0,253.0,253.0,253.0,253.0,253.0,243.0,243.0,243.0,237.0,237.0,237.0,243.0,243.0,243.0,243.0,237.0,243.0,243.0,243.0,243.0,243.0,243.0,237.0,243.0,243.0,243.0,237.0,237.0,243.0,243.0,243.0,243.0,243.0,237.0,243.0,243.0,243.0,243.0,237.0,237.0,243.0,243.0,243.0,237.0,237.0,243.0,243.0,237.0,243.0,243.0,243.0,243.0,243.0,243.0,243.0,243.0,243.0,243.0,237.0,237.0,237.0,243.0,243.0,243.0,243.0,243.0,243.0,2348.0,2348.0,2348.0,2348.0,2348.0,2348.0,2348.0,2348.0,2348.0,2348.0,2348.0,2348.0,2348.0,2348.0,2348.0,2348.0,2348.0,2348.0,2348.0,2348.0,2348.0,2348.0,2348.0,2348.0,2348.0,2348.0,2348.0,2348.0,2348.0,2348.0,2348.0,2348.0,2348.0,2348.0,2348.0,2348.0,2348.0,2348.0,2348.0,2348.0,2348.0,2348.0,2348.0,147.0,147.0,147.0,147.0,147.0,147.0,147.0,147.0,147.0,147.0,147.0,147.0,147.0,147.0,147.0,147.0,147.0,147.0
130,2807.0,2807.0,2807.0,2807.0,2807.0,2807.0,2787.0,2807.0,2807.0,2801.0,2807.0,2565.0,2565.0,1691.0,240.0,2328.0,445.0,2807.0,2807.0,2807.0,2807.0,2807.0,2807.0,2807.0,2807.0,2807.0,2807.0,2807.0,2807.0,2807.0,2807.0,2483.0,1666.0,1797.0,891.0,773.0,77.0,57.0,274.0,274.0,2370.0,1021.0,55.0,23.0,69.0,1224.0,2163.0,2163.0,2163.0,1401.0,1146.0,2251.0,1884.0,1884.0,1884.0,1021.0,1021.0,1021.0,1021.0,1021.0,1021.0,1021.0,1021.0,1021.0,1021.0,1021.0,2370.0,2370.0,2370.0,2370.0,2370.0,2370.0,2370.0,2370.0,2370.0,2370.0,2370.0,2370.0,2370.0,2370.0,2370.0,2370.0,2370.0,2370.0,2370.0,2370.0,2370.0,2370.0,2370.0,891.0,891.0,891.0,891.0,891.0,891.0,891.0,891.0,891.0,891.0,891.0,891.0,891.0,891.0,891.0,891.0,891.0,891.0,2600.0,2600.0,2600.0,2600.0,2600.0,2600.0,2600.0,2600.0,2600.0,2600.0,2600.0,2600.0,2600.0,2600.0,2600.0,2600.0,2600.0,2600.0,2600.0,2600.0,2600.0,2600.0,1224.0,1224.0,1224.0,1224.0,1224.0,1224.0,1224.0,1224.0,1224.0,1224.0,1224.0,1224.0,1224.0,1224.0,1224.0,1224.0,1224.0,1224.0,1224.0,1224.0,2807.0,2807.0,2807.0,2807.0,2807.0,2807.0,2807.0,2807.0,2807.0,2807.0,2807.0,2807.0,2807.0,2807.0,2807.0,2807.0,2807.0,2807.0,2807.0,2807.0,2807.0,2807.0,2807.0,2807.0,2807.0,2807.0,2807.0,2807.0,2807.0,2807.0,2807.0,2807.0,2807.0,2807.0,2807.0,2807.0,2807.0,2807.0,2807.0,2807.0,2807.0,2807.0,2807.0,226.0,226.0,226.0,226.0,226.0,226.0,226.0,226.0,226.0,226.0,226.0,226.0,226.0,226.0,226.0,226.0,226.0,226.0,226.0,226.0,226.0,226.0,226.0,226.0,226.0,226.0,226.0,226.0,226.0,396.0,396.0,436.0,436.0,436.0,396.0,396.0,436.0,436.0,396.0,396.0,396.0,396.0,436.0,396.0,396.0,396.0,436.0,436.0,396.0,396.0,436.0,436.0,396.0,396.0,396.0,396.0,436.0,436.0,396.0,436.0,436.0,396.0,436.0,436.0,396.0,396.0,396.0,396.0,396.0,396.0,436.0,436.0,436.0,396.0,396.0,396.0,396.0,396.0,396.0,379.0,379.0,379.0,371.0,371.0,371.0,379.0,379.0,379.0,379.0,371.0,379.0,379.0,379.0,379.0,379.0,379.0,371.0,379.0,379.0,379.0,371.0,371.0,379.0,379.0,379.0,379.0,379.0,371.0,379.0,379.0,379.0,379.0,371.0,371.0,379.0,379.0,379.0,371.0,371.0,379.0,379.0,371.0,379.0,379.0,379.0,379.0,379.0,379.0,379.0,379.0,379.0,379.0,371.0,371.0,371.0,379.0,379.0,379.0,379.0,379.0,379.0,2807.0,2807.0,2483.0,2483.0,2483.0,2807.0,2807.0,2807.0,2807.0,2483.0,2483.0,2807.0,2807.0,2807.0,2807.0,2807.0,2807.0,2483.0,2807.0,2807.0,2807.0,2483.0,2483.0,2807.0,2807.0,2807.0,2807.0,2807.0,2807.0,2807.0,2807.0,2807.0,2807.0,2807.0,2483.0,2483.0,2483.0,2807.0,2807.0,2807.0,2807.0,2807.0,2807.0,226.0,226.0,226.0,226.0,226.0,226.0,226.0,226.0,226.0,226.0,226.0,226.0,226.0,226.0,226.0,226.0,226.0,226.0
131,2822.0,2822.0,2822.0,2822.0,2822.0,2822.0,2801.0,2822.0,2822.0,2809.0,2822.0,2536.0,2536.0,1390.0,202.0,2353.0,504.0,2822.0,2822.0,2822.0,2822.0,2822.0,2822.0,2822.0,2822.0,2822.0,2822.0,2822.0,2822.0,2822.0,2822.0,2822.0,1633.0,1733.0,1652.0,1187.0,197.0,100.0,259.0,259.0,2476.0,1606.0,175.0,154.0,186.0,2046.0,2067.0,2067.0,2067.0,1498.0,1181.0,2171.0,1781.0,1781.0,1781.0,1606.0,1606.0,1606.0,1606.0,1606.0,1606.0,1606.0,1606.0,1606.0,1606.0,1606.0,2475.0,2475.0,2475.0,2475.0,2475.0,2475.0,2475.0,2475.0,2475.0,2475.0,2475.0,2475.0,2475.0,2475.0,2475.0,2475.0,2475.0,2475.0,2475.0,2475.0,2475.0,2475.0,2475.0,1652.0,1652.0,1652.0,1652.0,1652.0,1652.0,1652.0,1652.0,1652.0,1652.0,1652.0,1652.0,1652.0,1652.0,1652.0,1652.0,1652.0,1652.0,2598.0,2598.0,2598.0,2598.0,2598.0,2598.0,2598.0,2598.0,2598.0,2598.0,2598.0,2598.0,2598.0,2598.0,2598.0,2598.0,2598.0,2598.0,2598.0,2598.0,2598.0,2598.0,2045.0,2045.0,2045.0,2045.0,2045.0,2045.0,2045.0,2045.0,2045.0,2045.0,2045.0,2045.0,2045.0,2045.0,2045.0,2045.0,2045.0,2045.0,2045.0,2045.0,2818.0,2818.0,2818.0,2818.0,2818.0,2818.0,2818.0,2818.0,2818.0,2818.0,2818.0,2818.0,2818.0,2818.0,2818.0,2818.0,2818.0,2818.0,2818.0,2818.0,2818.0,2818.0,2818.0,2818.0,2818.0,2818.0,2818.0,2818.0,2818.0,2818.0,2818.0,2818.0,2818.0,2818.0,2818.0,2818.0,2818.0,2818.0,2818.0,2818.0,2818.0,2818.0,2818.0,240.0,240.0,240.0,240.0,240.0,240.0,240.0,240.0,240.0,240.0,240.0,240.0,240.0,240.0,240.0,240.0,240.0,240.0,240.0,240.0,240.0,240.0,240.0,240.0,240.0,240.0,240.0,240.0,240.0,476.0,476.0,478.0,478.0,478.0,476.0,476.0,478.0,478.0,476.0,476.0,476.0,476.0,478.0,476.0,476.0,476.0,478.0,478.0,476.0,476.0,478.0,478.0,476.0,476.0,476.0,476.0,478.0,478.0,476.0,478.0,478.0,476.0,478.0,478.0,476.0,476.0,476.0,476.0,476.0,476.0,478.0,478.0,478.0,476.0,476.0,476.0,476.0,476.0,476.0,441.0,441.0,441.0,474.0,474.0,474.0,441.0,441.0,441.0,441.0,474.0,441.0,441.0,441.0,441.0,441.0,441.0,474.0,441.0,441.0,441.0,474.0,474.0,441.0,441.0,441.0,441.0,441.0,474.0,441.0,441.0,441.0,441.0,474.0,474.0,441.0,441.0,441.0,474.0,474.0,441.0,441.0,474.0,441.0,441.0,441.0,441.0,441.0,441.0,441.0,441.0,441.0,441.0,474.0,474.0,474.0,441.0,441.0,441.0,441.0,441.0,441.0,2822.0,2822.0,2822.0,2822.0,2822.0,2822.0,2822.0,2822.0,2822.0,2822.0,2822.0,2822.0,2822.0,2822.0,2822.0,2822.0,2822.0,2822.0,2822.0,2822.0,2822.0,2822.0,2822.0,2822.0,2822.0,2822.0,2822.0,2822.0,2822.0,2822.0,2822.0,2822.0,2822.0,2822.0,2822.0,2822.0,2822.0,2822.0,2822.0,2822.0,2822.0,2822.0,2822.0,241.0,241.0,241.0,241.0,241.0,241.0,241.0,241.0,241.0,241.0,241.0,241.0,241.0,241.0,241.0,241.0,241.0,241.0
132,2752.0,2752.0,2752.0,2752.0,2752.0,2752.0,2727.0,2752.0,2752.0,2747.0,2752.0,2519.0,2519.0,1129.0,106.0,2329.0,462.0,2752.0,2752.0,2752.0,2752.0,2752.0,2752.0,2752.0,2752.0,2752.0,2752.0,2752.0,2752.0,2752.0,2752.0,2752.0,1621.0,1711.0,2061.0,1439.0,254.0,154.0,250.0,250.0,2528.0,1772.0,225.0,213.0,217.0,2446.0,1863.0,1863.0,1863.0,1476.0,1227.0,2193.0,1641.0,1641.0,1641.0,1772.0,1772.0,1772.0,1772.0,1772.0,1772.0,1772.0,1772.0,1772.0,1772.0,1772.0,2527.0,2527.0,2527.0,2527.0,2527.0,2527.0,2527.0,2527.0,2527.0,2527.0,2527.0,2527.0,2527.0,2527.0,2527.0,2527.0,2527.0,2527.0,2527.0,2527.0,2527.0,2527.0,2527.0,2060.0,2060.0,2060.0,2060.0,2060.0,2060.0,2060.0,2060.0,2060.0,2060.0,2060.0,2060.0,2060.0,2060.0,2060.0,2060.0,2060.0,2060.0,2537.0,2537.0,2537.0,2537.0,2537.0,2537.0,2537.0,2537.0,2537.0,2537.0,2537.0,2537.0,2537.0,2537.0,2537.0,2537.0,2537.0,2537.0,2537.0,2537.0,2537.0,2537.0,2446.0,2446.0,2446.0,2446.0,2446.0,2446.0,2446.0,2446.0,2446.0,2446.0,2446.0,2446.0,2446.0,2446.0,2446.0,2446.0,2446.0,2446.0,2446.0,2446.0,2752.0,2752.0,2752.0,2752.0,2752.0,2752.0,2752.0,2752.0,2752.0,2752.0,2752.0,2752.0,2752.0,2752.0,2752.0,2752.0,2752.0,2752.0,2752.0,2752.0,2752.0,2752.0,2752.0,2752.0,2752.0,2752.0,2752.0,2752.0,2752.0,2752.0,2752.0,2752.0,2752.0,2752.0,2752.0,2752.0,2752.0,2752.0,2752.0,2752.0,2752.0,2752.0,2752.0,238.0,238.0,238.0,238.0,238.0,238.0,238.0,238.0,238.0,238.0,238.0,238.0,238.0,238.0,238.0,238.0,238.0,238.0,238.0,238.0,238.0,238.0,238.0,238.0,238.0,238.0,238.0,238.0,238.0,446.0,446.0,446.0,446.0,446.0,446.0,446.0,446.0,446.0,446.0,446.0,446.0,446.0,446.0,446.0,446.0,446.0,446.0,446.0,446.0,446.0,446.0,446.0,446.0,446.0,446.0,446.0,446.0,446.0,446.0,446.0,446.0,446.0,446.0,446.0,446.0,446.0,446.0,446.0,446.0,446.0,446.0,446.0,446.0,446.0,446.0,446.0,446.0,446.0,446.0,428.0,428.0,428.0,452.0,452.0,452.0,428.0,428.0,428.0,428.0,452.0,428.0,428.0,428.0,428.0,428.0,428.0,452.0,428.0,428.0,428.0,452.0,452.0,428.0,428.0,428.0,428.0,428.0,452.0,428.0,428.0,428.0,428.0,452.0,452.0,428.0,428.0,428.0,452.0,452.0,428.0,428.0,452.0,428.0,428.0,428.0,428.0,428.0,428.0,428.0,428.0,428.0,428.0,452.0,452.0,452.0,428.0,428.0,428.0,428.0,428.0,428.0,2752.0,2752.0,2752.0,2752.0,2752.0,2752.0,2752.0,2752.0,2752.0,2752.0,2752.0,2752.0,2752.0,2752.0,2752.0,2752.0,2752.0,2752.0,2752.0,2752.0,2752.0,2752.0,2752.0,2752.0,2752.0,2752.0,2752.0,2752.0,2752.0,2752.0,2752.0,2752.0,2752.0,2752.0,2752.0,2752.0,2752.0,2752.0,2752.0,2752.0,2752.0,2752.0,2752.0,238.0,238.0,238.0,238.0,238.0,238.0,238.0,238.0,238.0,238.0,238.0,238.0,238.0,238.0,238.0,238.0,238.0,238.0
133,2687.0,2687.0,2687.0,2687.0,2687.0,2687.0,2656.0,2687.0,2687.0,2674.0,2687.0,2411.0,2411.0,1177.0,128.0,2267.0,519.0,2687.0,2687.0,2687.0,2687.0,2687.0,2687.0,2687.0,2687.0,2687.0,2687.0,2687.0,2687.0,2687.0,2687.0,2687.0,1536.0,1629.0,2024.0,1373.0,313.0,180.0,304.0,304.0,2452.0,1888.0,280.0,260.0,274.0,2395.0,1944.0,1944.0,1944.0,1522.0,1219.0,2067.0,1586.0,1586.0,1586.0,1888.0,1888.0,1888.0,1888.0,1888.0,1888.0,1888.0,1888.0,1888.0,1888.0,1888.0,2452.0,2452.0,2452.0,2452.0,2452.0,2452.0,2452.0,2452.0,2452.0,2452.0,2452.0,2452.0,2452.0,2452.0,2452.0,2452.0,2452.0,2452.0,2452.0,2452.0,2452.0,2452.0,2452.0,2024.0,2024.0,2024.0,2024.0,2024.0,2024.0,2024.0,2024.0,2024.0,2024.0,2024.0,2024.0,2024.0,2024.0,2024.0,2024.0,2024.0,2024.0,2451.0,2451.0,2451.0,2451.0,2451.0,2451.0,2451.0,2451.0,2451.0,2451.0,2451.0,2451.0,2451.0,2451.0,2451.0,2451.0,2451.0,2451.0,2451.0,2451.0,2451.0,2451.0,2395.0,2395.0,2395.0,2395.0,2395.0,2395.0,2395.0,2395.0,2395.0,2395.0,2395.0,2395.0,2395.0,2395.0,2395.0,2395.0,2395.0,2395.0,2395.0,2395.0,2687.0,2687.0,2687.0,2687.0,2687.0,2687.0,2687.0,2687.0,2687.0,2687.0,2687.0,2687.0,2687.0,2687.0,2687.0,2687.0,2687.0,2687.0,2687.0,2687.0,2687.0,2687.0,2687.0,2687.0,2687.0,2687.0,2687.0,2687.0,2687.0,2687.0,2687.0,2687.0,2687.0,2687.0,2687.0,2687.0,2687.0,2687.0,2687.0,2687.0,2687.0,2687.0,2687.0,252.0,252.0,252.0,252.0,252.0,252.0,252.0,252.0,252.0,252.0,252.0,252.0,252.0,252.0,252.0,252.0,252.0,252.0,252.0,252.0,252.0,252.0,252.0,252.0,252.0,252.0,252.0,252.0,252.0,508.0,508.0,508.0,508.0,508.0,508.0,508.0,508.0,508.0,508.0,508.0,508.0,508.0,508.0,508.0,508.0,508.0,508.0,508.0,508.0,508.0,508.0,508.0,508.0,508.0,508.0,508.0,508.0,508.0,508.0,508.0,508.0,508.0,508.0,508.0,508.0,508.0,508.0,508.0,508.0,508.0,508.0,508.0,508.0,508.0,508.0,508.0,508.0,508.0,508.0,472.0,472.0,472.0,491.0,491.0,491.0,472.0,472.0,472.0,472.0,491.0,472.0,472.0,472.0,472.0,472.0,472.0,491.0,472.0,472.0,472.0,491.0,491.0,472.0,472.0,472.0,472.0,472.0,491.0,472.0,472.0,472.0,472.0,491.0,491.0,472.0,472.0,472.0,491.0,491.0,472.0,472.0,491.0,472.0,472.0,472.0,472.0,472.0,472.0,472.0,472.0,472.0,472.0,491.0,491.0,491.0,472.0,472.0,472.0,472.0,472.0,472.0,2687.0,2687.0,2687.0,2687.0,2687.0,2687.0,2687.0,2687.0,2687.0,2687.0,2687.0,2687.0,2687.0,2687.0,2687.0,2687.0,2687.0,2687.0,2687.0,2687.0,2687.0,2687.0,2687.0,2687.0,2687.0,2687.0,2687.0,2687.0,2687.0,2687.0,2687.0,2687.0,2687.0,2687.0,2687.0,2687.0,2687.0,2687.0,2687.0,2687.0,2687.0,2687.0,2687.0,252.0,252.0,252.0,252.0,252.0,252.0,252.0,252.0,252.0,252.0,252.0,252.0,252.0,252.0,252.0,252.0,252.0,252.0
134,2937.0,2937.0,2937.0,2937.0,2937.0,2937.0,2904.0,2937.0,2937.0,2935.0,2937.0,2579.0,2579.0,1415.0,187.0,2469.0,574.0,2937.0,2937.0,2937.0,2937.0,2937.0,2937.0,2937.0,2937.0,2937.0,2937.0,2937.0,2937.0,2937.0,2937.0,2702.0,1671.0,1775.0,1819.0,1299.0,311.0,181.0,304.0,304.0,2632.0,1674.0,282.0,259.0,263.0,2206.0,2086.0,2086.0,2086.0,1746.0,1362.0,2270.0,1496.0,1496.0,1496.0,1674.0,1674.0,1674.0,1674.0,1674.0,1674.0,1674.0,1674.0,1674.0,1674.0,1674.0,2631.0,2631.0,2631.0,2631.0,2631.0,2631.0,2631.0,2631.0,2631.0,2631.0,2631.0,2631.0,2631.0,2631.0,2631.0,2631.0,2631.0,2631.0,2631.0,2631.0,2631.0,2631.0,2631.0,1819.0,1819.0,1819.0,1819.0,1819.0,1819.0,1819.0,1819.0,1819.0,1819.0,1819.0,1819.0,1819.0,1819.0,1819.0,1819.0,1819.0,1819.0,2726.0,2726.0,2726.0,2726.0,2726.0,2726.0,2726.0,2726.0,2726.0,2726.0,2726.0,2726.0,2726.0,2726.0,2726.0,2726.0,2726.0,2726.0,2726.0,2726.0,2726.0,2726.0,2206.0,2206.0,2206.0,2206.0,2206.0,2206.0,2206.0,2206.0,2206.0,2206.0,2206.0,2206.0,2206.0,2206.0,2206.0,2206.0,2206.0,2206.0,2206.0,2206.0,2859.0,2859.0,2859.0,2859.0,2859.0,2859.0,2859.0,2859.0,2859.0,2859.0,2859.0,2859.0,2859.0,2859.0,2859.0,2859.0,2859.0,2859.0,2859.0,2859.0,2859.0,2859.0,2859.0,2859.0,2859.0,2859.0,2859.0,2859.0,2859.0,2859.0,2859.0,2859.0,2859.0,2859.0,2859.0,2859.0,2859.0,2859.0,2859.0,2859.0,2859.0,2859.0,2859.0,221.0,221.0,221.0,221.0,221.0,221.0,221.0,221.0,221.0,221.0,221.0,221.0,221.0,221.0,221.0,221.0,221.0,221.0,221.0,221.0,221.0,221.0,221.0,221.0,221.0,221.0,221.0,221.0,221.0,519.0,519.0,555.0,555.0,555.0,519.0,519.0,555.0,555.0,519.0,519.0,519.0,519.0,555.0,519.0,519.0,519.0,555.0,555.0,519.0,519.0,555.0,555.0,519.0,519.0,519.0,519.0,555.0,555.0,519.0,555.0,555.0,519.0,555.0,555.0,519.0,519.0,519.0,519.0,519.0,519.0,555.0,555.0,555.0,519.0,519.0,519.0,519.0,519.0,519.0,472.0,472.0,472.0,501.0,501.0,501.0,472.0,472.0,472.0,472.0,501.0,472.0,472.0,472.0,472.0,472.0,472.0,501.0,472.0,472.0,472.0,501.0,501.0,472.0,472.0,472.0,472.0,472.0,501.0,472.0,472.0,472.0,472.0,501.0,501.0,472.0,472.0,472.0,501.0,501.0,472.0,472.0,501.0,472.0,472.0,472.0,472.0,472.0,472.0,472.0,472.0,472.0,472.0,501.0,501.0,501.0,472.0,472.0,472.0,472.0,472.0,472.0,2937.0,2937.0,2702.0,2702.0,2702.0,2937.0,2937.0,2937.0,2937.0,2702.0,2702.0,2937.0,2937.0,2937.0,2937.0,2937.0,2937.0,2702.0,2937.0,2937.0,2937.0,2702.0,2702.0,2937.0,2937.0,2937.0,2937.0,2937.0,2937.0,2937.0,2937.0,2937.0,2937.0,2937.0,2702.0,2702.0,2702.0,2937.0,2937.0,2937.0,2937.0,2937.0,2937.0,227.0,227.0,227.0,227.0,227.0,227.0,227.0,227.0,227.0,227.0,227.0,227.0,227.0,227.0,227.0,227.0,227.0,227.0
135,2429.0,2429.0,2429.0,2429.0,2429.0,2429.0,2407.0,2429.0,2429.0,2421.0,2429.0,2141.0,2141.0,1124.0,162.0,2064.0,449.0,2429.0,2429.0,2429.0,2429.0,2429.0,2429.0,2429.0,2429.0,2429.0,2429.0,2429.0,2429.0,2429.0,2429.0,2416.0,1358.0,1414.0,1603.0,1092.0,235.0,127.0,223.0,223.0,2186.0,1488.0,214.0,205.0,182.0,1919.0,1748.0,1748.0,1748.0,1480.0,1171.0,1880.0,1513.0,1513.0,1513.0,1488.0,1488.0,1488.0,1488.0,1488.0,1488.0,1488.0,1488.0,1488.0,1488.0,1488.0,2186.0,2186.0,2186.0,2186.0,2186.0,2186.0,2186.0,2186.0,2186.0,2186.0,2186.0,2186.0,2186.0,2186.0,2186.0,2186.0,2186.0,2186.0,2186.0,2186.0,2186.0,2186.0,2186.0,1603.0,1603.0,1603.0,1603.0,1603.0,1603.0,1603.0,1603.0,1603.0,1603.0,1603.0,1603.0,1603.0,1603.0,1603.0,1603.0,1603.0,1603.0,2268.0,2268.0,2268.0,2268.0,2268.0,2268.0,2268.0,2268.0,2268.0,2268.0,2268.0,2268.0,2268.0,2268.0,2268.0,2268.0,2268.0,2268.0,2268.0,2268.0,2268.0,2268.0,1919.0,1919.0,1919.0,1919.0,1919.0,1919.0,1919.0,1919.0,1919.0,1919.0,1919.0,1919.0,1919.0,1919.0,1919.0,1919.0,1919.0,1919.0,1919.0,1919.0,2429.0,2429.0,2429.0,2429.0,2429.0,2429.0,2429.0,2429.0,2429.0,2429.0,2429.0,2429.0,2429.0,2429.0,2429.0,2429.0,2429.0,2429.0,2429.0,2429.0,2429.0,2429.0,2429.0,2429.0,2429.0,2429.0,2429.0,2429.0,2429.0,2429.0,2429.0,2429.0,2429.0,2429.0,2429.0,2429.0,2429.0,2429.0,2429.0,2429.0,2429.0,2429.0,2429.0,174.0,174.0,174.0,174.0,174.0,174.0,174.0,174.0,174.0,174.0,174.0,174.0,174.0,174.0,174.0,174.0,174.0,174.0,174.0,174.0,174.0,174.0,174.0,174.0,174.0,174.0,174.0,174.0,174.0,448.0,448.0,448.0,448.0,448.0,448.0,448.0,448.0,448.0,448.0,448.0,448.0,448.0,448.0,448.0,448.0,448.0,448.0,448.0,448.0,448.0,448.0,448.0,448.0,448.0,448.0,448.0,448.0,448.0,448.0,448.0,448.0,448.0,448.0,448.0,448.0,448.0,448.0,448.0,448.0,448.0,448.0,448.0,448.0,448.0,448.0,448.0,448.0,448.0,448.0,386.0,386.0,386.0,445.0,445.0,445.0,386.0,386.0,386.0,386.0,445.0,386.0,386.0,386.0,386.0,386.0,386.0,445.0,386.0,386.0,386.0,445.0,445.0,386.0,386.0,386.0,386.0,386.0,445.0,386.0,386.0,386.0,386.0,445.0,445.0,386.0,386.0,386.0,445.0,445.0,386.0,386.0,445.0,386.0,386.0,386.0,386.0,386.0,386.0,386.0,386.0,386.0,386.0,445.0,445.0,445.0,386.0,386.0,386.0,386.0,386.0,386.0,2429.0,2429.0,2416.0,2416.0,2416.0,2429.0,2429.0,2429.0,2429.0,2416.0,2416.0,2429.0,2429.0,2429.0,2429.0,2429.0,2429.0,2416.0,2429.0,2429.0,2429.0,2416.0,2416.0,2429.0,2429.0,2429.0,2429.0,2429.0,2429.0,2429.0,2429.0,2429.0,2429.0,2429.0,2416.0,2416.0,2416.0,2429.0,2429.0,2429.0,2429.0,2429.0,2429.0,174.0,174.0,174.0,174.0,174.0,174.0,174.0,174.0,174.0,174.0,174.0,174.0,174.0,174.0,174.0,174.0,174.0,174.0
136,2048.0,2048.0,2048.0,2048.0,2048.0,2048.0,2035.0,2048.0,2048.0,2043.0,2048.0,1762.0,1762.0,865.0,111.0,1717.0,459.0,2048.0,2048.0,2048.0,2048.0,2048.0,2048.0,2048.0,2048.0,2048.0,2048.0,2048.0,2048.0,2048.0,2048.0,2048.0,1228.0,1257.0,1583.0,1073.0,301.0,144.0,216.0,216.0,1883.0,1324.0,287.0,277.0,233.0,1886.0,1326.0,1326.0,1326.0,1143.0,839.0,1506.0,1104.0,1104.0,1104.0,1324.0,1324.0,1324.0,1324.0,1324.0,1324.0,1324.0,1324.0,1324.0,1324.0,1324.0,1882.0,1882.0,1882.0,1882.0,1882.0,1882.0,1882.0,1882.0,1882.0,1882.0,1882.0,1882.0,1882.0,1882.0,1882.0,1882.0,1882.0,1882.0,1882.0,1882.0,1882.0,1882.0,1882.0,1581.0,1581.0,1581.0,1581.0,1581.0,1581.0,1581.0,1581.0,1581.0,1581.0,1581.0,1581.0,1581.0,1581.0,1581.0,1581.0,1581.0,1581.0,1876.0,1876.0,1876.0,1876.0,1876.0,1876.0,1876.0,1876.0,1876.0,1876.0,1876.0,1876.0,1876.0,1876.0,1876.0,1876.0,1876.0,1876.0,1876.0,1876.0,1876.0,1876.0,1883.0,1883.0,1883.0,1883.0,1883.0,1883.0,1883.0,1883.0,1883.0,1883.0,1883.0,1883.0,1883.0,1883.0,1883.0,1883.0,1883.0,1883.0,1883.0,1883.0,2048.0,2048.0,2048.0,2048.0,2048.0,2048.0,2048.0,2048.0,2048.0,2048.0,2048.0,2048.0,2048.0,2048.0,2048.0,2048.0,2048.0,2048.0,2048.0,2048.0,2048.0,2048.0,2048.0,2048.0,2048.0,2048.0,2048.0,2048.0,2048.0,2048.0,2048.0,2048.0,2048.0,2048.0,2048.0,2048.0,2048.0,2048.0,2048.0,2048.0,2048.0,2048.0,2048.0,186.0,186.0,186.0,186.0,186.0,186.0,186.0,186.0,186.0,186.0,186.0,186.0,186.0,186.0,186.0,186.0,186.0,186.0,186.0,186.0,186.0,186.0,186.0,186.0,186.0,186.0,186.0,186.0,186.0,451.0,451.0,451.0,451.0,451.0,451.0,451.0,451.0,451.0,451.0,451.0,451.0,451.0,451.0,451.0,451.0,451.0,451.0,451.0,451.0,451.0,451.0,451.0,451.0,451.0,451.0,451.0,451.0,451.0,451.0,451.0,451.0,451.0,451.0,451.0,451.0,451.0,451.0,451.0,451.0,451.0,451.0,451.0,451.0,451.0,451.0,451.0,451.0,451.0,451.0,390.0,390.0,390.0,453.0,453.0,453.0,390.0,390.0,390.0,390.0,453.0,390.0,390.0,390.0,390.0,390.0,390.0,453.0,390.0,390.0,390.0,453.0,453.0,390.0,390.0,390.0,390.0,390.0,453.0,390.0,390.0,390.0,390.0,453.0,453.0,390.0,390.0,390.0,453.0,453.0,390.0,390.0,453.0,390.0,390.0,390.0,390.0,390.0,390.0,390.0,390.0,390.0,390.0,453.0,453.0,453.0,390.0,390.0,390.0,390.0,390.0,390.0,2048.0,2048.0,2048.0,2048.0,2048.0,2048.0,2048.0,2048.0,2048.0,2048.0,2048.0,2048.0,2048.0,2048.0,2048.0,2048.0,2048.0,2048.0,2048.0,2048.0,2048.0,2048.0,2048.0,2048.0,2048.0,2048.0,2048.0,2048.0,2048.0,2048.0,2048.0,2048.0,2048.0,2048.0,2048.0,2048.0,2048.0,2048.0,2048.0,2048.0,2048.0,2048.0,2048.0,186.0,186.0,186.0,186.0,186.0,186.0,186.0,186.0,186.0,186.0,186.0,186.0,186.0,186.0,186.0,186.0,186.0,186.0
137,2914.0,2914.0,2914.0,2914.0,2914.0,2914.0,2889.0,2914.0,2914.0,2905.0,2914.0,2629.0,2629.0,1289.0,121.0,2436.0,466.0,2914.0,2914.0,2914.0,2914.0,2914.0,2914.0,2914.0,2914.0,2914.0,2914.0,2914.0,2914.0,2914.0,2914.0,2914.0,1778.0,1873.0,2208.0,1595.0,286.0,148.0,232.0,232.0,2726.0,1921.0,265.0,252.0,257.0,2655.0,1986.0,1986.0,1986.0,1367.0,1068.0,2332.0,1577.0,1577.0,1577.0,1921.0,1921.0,1921.0,1921.0,1921.0,1921.0,1921.0,1921.0,1921.0,1921.0,1921.0,2725.0,2725.0,2725.0,2725.0,2725.0,2725.0,2725.0,2725.0,2725.0,2725.0,2725.0,2725.0,2725.0,2725.0,2725.0,2725.0,2725.0,2725.0,2725.0,2725.0,2725.0,2725.0,2725.0,2208.0,2208.0,2208.0,2208.0,2208.0,2208.0,2208.0,2208.0,2208.0,2208.0,2208.0,2208.0,2208.0,2208.0,2208.0,2208.0,2208.0,2208.0,2743.0,2743.0,2743.0,2743.0,2743.0,2743.0,2743.0,2743.0,2743.0,2743.0,2743.0,2743.0,2743.0,2743.0,2743.0,2743.0,2743.0,2743.0,2743.0,2743.0,2743.0,2743.0,2655.0,2655.0,2655.0,2655.0,2655.0,2655.0,2655.0,2655.0,2655.0,2655.0,2655.0,2655.0,2655.0,2655.0,2655.0,2655.0,2655.0,2655.0,2655.0,2655.0,2900.0,2900.0,2900.0,2900.0,2900.0,2900.0,2900.0,2900.0,2900.0,2900.0,2900.0,2900.0,2900.0,2900.0,2900.0,2900.0,2900.0,2900.0,2900.0,2900.0,2900.0,2900.0,2900.0,2900.0,2900.0,2900.0,2900.0,2900.0,2900.0,2900.0,2900.0,2900.0,2900.0,2900.0,2900.0,2900.0,2900.0,2900.0,2900.0,2900.0,2900.0,2900.0,2900.0,193.0,193.0,193.0,193.0,193.0,193.0,193.0,193.0,193.0,193.0,193.0,193.0,193.0,193.0,193.0,193.0,193.0,193.0,193.0,193.0,193.0,193.0,193.0,193.0,193.0,193.0,193.0,193.0,193.0,446.0,446.0,453.0,453.0,453.0,446.0,446.0,453.0,453.0,446.0,446.0,446.0,446.0,453.0,446.0,446.0,446.0,453.0,453.0,446.0,446.0,453.0,453.0,446.0,446.0,446.0,446.0,453.0,453.0,446.0,453.0,453.0,446.0,453.0,453.0,446.0,446.0,446.0,446.0,446.0,446.0,453.0,453.0,453.0,446.0,446.0,446.0,446.0,446.0,446.0,403.0,403.0,403.0,434.0,434.0,434.0,403.0,403.0,403.0,403.0,434.0,403.0,403.0,403.0,403.0,403.0,403.0,434.0,403.0,403.0,403.0,434.0,434.0,403.0,403.0,403.0,403.0,403.0,434.0,403.0,403.0,403.0,403.0,434.0,434.0,403.0,403.0,403.0,434.0,434.0,403.0,403.0,434.0,403.0,403.0,403.0,403.0,403.0,403.0,403.0,403.0,403.0,403.0,434.0,434.0,434.0,403.0,403.0,403.0,403.0,403.0,403.0,2914.0,2914.0,2914.0,2914.0,2914.0,2914.0,2914.0,2914.0,2914.0,2914.0,2914.0,2914.0,2914.0,2914.0,2914.0,2914.0,2914.0,2914.0,2914.0,2914.0,2914.0,2914.0,2914.0,2914.0,2914.0,2914.0,2914.0,2914.0,2914.0,2914.0,2914.0,2914.0,2914.0,2914.0,2914.0,2914.0,2914.0,2914.0,2914.0,2914.0,2914.0,2914.0,2914.0,193.0,193.0,193.0,193.0,193.0,193.0,193.0,193.0,193.0,193.0,193.0,193.0,193.0,193.0,193.0,193.0,193.0,193.0
138,2846.0,2846.0,2846.0,2846.0,2846.0,2846.0,2819.0,2846.0,2846.0,2834.0,2846.0,2590.0,2590.0,1316.0,132.0,2417.0,511.0,2846.0,2846.0,2846.0,2846.0,2846.0,2846.0,2846.0,2846.0,2846.0,2846.0,2846.0,2846.0,2846.0,2846.0,2791.0,1666.0,1714.0,1974.0,1405.0,247.0,136.0,275.0,275.0,2543.0,1795.0,224.0,202.0,201.0,2340.0,1997.0,1997.0,1997.0,1427.0,1141.0,2194.0,1395.0,1395.0,1395.0,1795.0,1795.0,1795.0,1795.0,1795.0,1795.0,1795.0,1795.0,1795.0,1795.0,1795.0,2543.0,2543.0,2543.0,2543.0,2543.0,2543.0,2543.0,2543.0,2543.0,2543.0,2543.0,2543.0,2543.0,2543.0,2543.0,2543.0,2543.0,2543.0,2543.0,2543.0,2543.0,2543.0,2543.0,1974.0,1974.0,1974.0,1974.0,1974.0,1974.0,1974.0,1974.0,1974.0,1974.0,1974.0,1974.0,1974.0,1974.0,1974.0,1974.0,1974.0,1974.0,2578.0,2578.0,2578.0,2578.0,2578.0,2578.0,2578.0,2578.0,2578.0,2578.0,2578.0,2578.0,2578.0,2578.0,2578.0,2578.0,2578.0,2578.0,2578.0,2578.0,2578.0,2578.0,2340.0,2340.0,2340.0,2340.0,2340.0,2340.0,2340.0,2340.0,2340.0,2340.0,2340.0,2340.0,2340.0,2340.0,2340.0,2340.0,2340.0,2340.0,2340.0,2340.0,2846.0,2846.0,2846.0,2846.0,2846.0,2846.0,2846.0,2846.0,2846.0,2846.0,2846.0,2846.0,2846.0,2846.0,2846.0,2846.0,2846.0,2846.0,2846.0,2846.0,2846.0,2846.0,2846.0,2846.0,2846.0,2846.0,2846.0,2846.0,2846.0,2846.0,2846.0,2846.0,2846.0,2846.0,2846.0,2846.0,2846.0,2846.0,2846.0,2846.0,2846.0,2846.0,2846.0,272.0,272.0,272.0,272.0,272.0,272.0,272.0,272.0,272.0,272.0,272.0,272.0,272.0,272.0,272.0,272.0,272.0,272.0,272.0,272.0,272.0,272.0,272.0,272.0,272.0,272.0,272.0,272.0,272.0,508.0,508.0,508.0,508.0,508.0,508.0,508.0,508.0,508.0,508.0,508.0,508.0,508.0,508.0,508.0,508.0,508.0,508.0,508.0,508.0,508.0,508.0,508.0,508.0,508.0,508.0,508.0,508.0,508.0,508.0,508.0,508.0,508.0,508.0,508.0,508.0,508.0,508.0,508.0,508.0,508.0,508.0,508.0,508.0,508.0,508.0,508.0,508.0,508.0,508.0,462.0,462.0,462.0,494.0,494.0,494.0,462.0,462.0,462.0,462.0,494.0,462.0,462.0,462.0,462.0,462.0,462.0,494.0,462.0,462.0,462.0,494.0,494.0,462.0,462.0,462.0,462.0,462.0,494.0,462.0,462.0,462.0,462.0,494.0,494.0,462.0,462.0,462.0,494.0,494.0,462.0,462.0,494.0,462.0,462.0,462.0,462.0,462.0,462.0,462.0,462.0,462.0,462.0,494.0,494.0,494.0,462.0,462.0,462.0,462.0,462.0,462.0,2846.0,2846.0,2791.0,2791.0,2791.0,2846.0,2846.0,2846.0,2846.0,2791.0,2791.0,2846.0,2846.0,2846.0,2846.0,2846.0,2846.0,2791.0,2846.0,2846.0,2846.0,2791.0,2791.0,2846.0,2846.0,2846.0,2846.0,2846.0,2846.0,2846.0,2846.0,2846.0,2846.0,2846.0,2791.0,2791.0,2791.0,2846.0,2846.0,2846.0,2846.0,2846.0,2846.0,273.0,273.0,273.0,273.0,273.0,273.0,273.0,273.0,273.0,273.0,273.0,273.0,273.0,273.0,273.0,273.0,273.0,273.0
139,2769.0,2769.0,2769.0,2769.0,2769.0,2769.0,2745.0,2769.0,2769.0,2752.0,2769.0,2502.0,2502.0,1250.0,125.0,2302.0,474.0,2769.0,2769.0,2769.0,2769.0,2769.0,2769.0,2769.0,2769.0,2769.0,2769.0,2769.0,2769.0,2769.0,2769.0,2742.0,1568.0,1690.0,2087.0,1416.0,296.0,168.0,242.0,242.0,2563.0,1976.0,260.0,224.0,212.0,2499.0,2042.0,2042.0,2042.0,1550.0,1255.0,2186.0,1423.0,1423.0,1423.0,1976.0,1976.0,1976.0,1976.0,1976.0,1976.0,1976.0,1976.0,1976.0,1976.0,1976.0,2562.0,2562.0,2562.0,2562.0,2562.0,2562.0,2562.0,2562.0,2562.0,2562.0,2562.0,2562.0,2562.0,2562.0,2562.0,2562.0,2562.0,2562.0,2562.0,2562.0,2562.0,2562.0,2562.0,2086.0,2086.0,2086.0,2086.0,2086.0,2086.0,2086.0,2086.0,2086.0,2086.0,2086.0,2086.0,2086.0,2086.0,2086.0,2086.0,2086.0,2086.0,2569.0,2569.0,2569.0,2569.0,2569.0,2569.0,2569.0,2569.0,2569.0,2569.0,2569.0,2569.0,2569.0,2569.0,2569.0,2569.0,2569.0,2569.0,2569.0,2569.0,2569.0,2569.0,2497.0,2497.0,2497.0,2497.0,2497.0,2497.0,2497.0,2497.0,2497.0,2497.0,2497.0,2497.0,2497.0,2497.0,2497.0,2497.0,2497.0,2497.0,2497.0,2497.0,2769.0,2769.0,2769.0,2769.0,2769.0,2769.0,2769.0,2769.0,2769.0,2769.0,2769.0,2769.0,2769.0,2769.0,2769.0,2769.0,2769.0,2769.0,2769.0,2769.0,2769.0,2769.0,2769.0,2769.0,2769.0,2769.0,2769.0,2769.0,2769.0,2769.0,2769.0,2769.0,2769.0,2769.0,2769.0,2769.0,2769.0,2769.0,2769.0,2769.0,2769.0,2769.0,2769.0,211.0,211.0,211.0,211.0,211.0,211.0,211.0,211.0,211.0,211.0,211.0,211.0,211.0,211.0,211.0,211.0,211.0,211.0,211.0,211.0,211.0,211.0,211.0,211.0,211.0,211.0,211.0,211.0,211.0,441.0,441.0,441.0,441.0,441.0,441.0,441.0,441.0,441.0,441.0,441.0,441.0,441.0,441.0,441.0,441.0,441.0,441.0,441.0,441.0,441.0,441.0,441.0,441.0,441.0,441.0,441.0,441.0,441.0,441.0,441.0,441.0,441.0,441.0,441.0,441.0,441.0,441.0,441.0,441.0,441.0,441.0,441.0,441.0,441.0,441.0,441.0,441.0,441.0,441.0,395.0,395.0,395.0,445.0,445.0,445.0,395.0,395.0,395.0,395.0,445.0,395.0,395.0,395.0,395.0,395.0,395.0,445.0,395.0,395.0,395.0,445.0,445.0,395.0,395.0,395.0,395.0,395.0,445.0,395.0,395.0,395.0,395.0,445.0,445.0,395.0,395.0,395.0,445.0,445.0,395.0,395.0,445.0,395.0,395.0,395.0,395.0,395.0,395.0,395.0,395.0,395.0,395.0,445.0,445.0,445.0,395.0,395.0,395.0,395.0,395.0,395.0,2769.0,2769.0,2742.0,2742.0,2742.0,2769.0,2769.0,2769.0,2769.0,2742.0,2742.0,2769.0,2769.0,2769.0,2769.0,2769.0,2769.0,2742.0,2769.0,2769.0,2769.0,2742.0,2742.0,2769.0,2769.0,2769.0,2769.0,2769.0,2769.0,2769.0,2769.0,2769.0,2769.0,2769.0,2742.0,2742.0,2742.0,2769.0,2769.0,2769.0,2769.0,2769.0,2769.0,212.0,212.0,212.0,212.0,212.0,212.0,212.0,212.0,212.0,212.0,212.0,212.0,212.0,212.0,212.0,212.0,212.0,212.0
140,2629.0,2629.0,2629.0,2629.0,2629.0,2629.0,2605.0,2629.0,2629.0,2622.0,2629.0,2327.0,2327.0,1126.0,116.0,2216.0,536.0,2629.0,2629.0,2629.0,2629.0,2629.0,2629.0,2629.0,2629.0,2629.0,2629.0,2629.0,2629.0,2629.0,2629.0,2621.0,1457.0,1551.0,2007.0,1373.0,338.0,196.0,295.0,295.0,2413.0,1851.0,297.0,291.0,264.0,2376.0,1894.0,1894.0,1894.0,1462.0,1132.0,2004.0,1423.0,1423.0,1423.0,1851.0,1851.0,1851.0,1851.0,1851.0,1851.0,1851.0,1851.0,1851.0,1851.0,1851.0,2412.0,2412.0,2412.0,2412.0,2412.0,2412.0,2412.0,2412.0,2412.0,2412.0,2412.0,2412.0,2412.0,2412.0,2412.0,2412.0,2412.0,2412.0,2412.0,2412.0,2412.0,2412.0,2412.0,2007.0,2007.0,2007.0,2007.0,2007.0,2007.0,2007.0,2007.0,2007.0,2007.0,2007.0,2007.0,2007.0,2007.0,2007.0,2007.0,2007.0,2007.0,2406.0,2406.0,2406.0,2406.0,2406.0,2406.0,2406.0,2406.0,2406.0,2406.0,2406.0,2406.0,2406.0,2406.0,2406.0,2406.0,2406.0,2406.0,2406.0,2406.0,2406.0,2406.0,2375.0,2375.0,2375.0,2375.0,2375.0,2375.0,2375.0,2375.0,2375.0,2375.0,2375.0,2375.0,2375.0,2375.0,2375.0,2375.0,2375.0,2375.0,2375.0,2375.0,2629.0,2629.0,2629.0,2629.0,2629.0,2629.0,2629.0,2629.0,2629.0,2629.0,2629.0,2629.0,2629.0,2629.0,2629.0,2629.0,2629.0,2629.0,2629.0,2629.0,2629.0,2629.0,2629.0,2629.0,2629.0,2629.0,2629.0,2629.0,2629.0,2629.0,2629.0,2629.0,2629.0,2629.0,2629.0,2629.0,2629.0,2629.0,2629.0,2629.0,2629.0,2629.0,2629.0,242.0,242.0,242.0,242.0,242.0,242.0,242.0,242.0,242.0,242.0,242.0,242.0,242.0,242.0,242.0,242.0,242.0,242.0,242.0,242.0,242.0,242.0,242.0,242.0,242.0,242.0,242.0,242.0,242.0,517.0,517.0,517.0,517.0,517.0,517.0,517.0,517.0,517.0,517.0,517.0,517.0,517.0,517.0,517.0,517.0,517.0,517.0,517.0,517.0,517.0,517.0,517.0,517.0,517.0,517.0,517.0,517.0,517.0,517.0,517.0,517.0,517.0,517.0,517.0,517.0,517.0,517.0,517.0,517.0,517.0,517.0,517.0,517.0,517.0,517.0,517.0,517.0,517.0,517.0,467.0,467.0,467.0,510.0,510.0,510.0,467.0,467.0,467.0,467.0,510.0,467.0,467.0,467.0,467.0,467.0,467.0,510.0,467.0,467.0,467.0,510.0,510.0,467.0,467.0,467.0,467.0,467.0,510.0,467.0,467.0,467.0,467.0,510.0,510.0,467.0,467.0,467.0,510.0,510.0,467.0,467.0,510.0,467.0,467.0,467.0,467.0,467.0,467.0,467.0,467.0,467.0,467.0,510.0,510.0,510.0,467.0,467.0,467.0,467.0,467.0,467.0,2629.0,2629.0,2621.0,2621.0,2621.0,2629.0,2629.0,2629.0,2629.0,2621.0,2621.0,2629.0,2629.0,2629.0,2629.0,2629.0,2629.0,2621.0,2629.0,2629.0,2629.0,2621.0,2621.0,2629.0,2629.0,2629.0,2629.0,2629.0,2629.0,2629.0,2629.0,2629.0,2629.0,2629.0,2621.0,2621.0,2621.0,2629.0,2629.0,2629.0,2629.0,2629.0,2629.0,245.0,245.0,245.0,245.0,245.0,245.0,245.0,245.0,245.0,245.0,245.0,245.0,245.0,245.0,245.0,245.0,245.0,245.0
141,3000.0,3000.0,3000.0,3000.0,3000.0,3000.0,2972.0,3000.0,3000.0,2986.0,3000.0,2706.0,2706.0,1438.0,180.0,2557.0,560.0,3000.0,3000.0,3000.0,3000.0,3000.0,3000.0,3000.0,3000.0,3000.0,3000.0,3000.0,3000.0,3000.0,3000.0,2722.0,1648.0,1741.0,1837.0,1307.0,253.0,142.0,321.0,321.0,2651.0,1787.0,219.0,200.0,214.0,2206.0,2213.0,2213.0,2213.0,1722.0,1407.0,2343.0,1632.0,1632.0,1632.0,1787.0,1787.0,1787.0,1787.0,1787.0,1787.0,1787.0,1787.0,1787.0,1787.0,1787.0,2647.0,2647.0,2647.0,2647.0,2647.0,2647.0,2647.0,2647.0,2647.0,2647.0,2647.0,2647.0,2647.0,2647.0,2647.0,2647.0,2647.0,2647.0,2647.0,2647.0,2647.0,2647.0,2647.0,1834.0,1834.0,1834.0,1834.0,1834.0,1834.0,1834.0,1834.0,1834.0,1834.0,1834.0,1834.0,1834.0,1834.0,1834.0,1834.0,1834.0,1834.0,2740.0,2740.0,2740.0,2740.0,2740.0,2740.0,2740.0,2740.0,2740.0,2740.0,2740.0,2740.0,2740.0,2740.0,2740.0,2740.0,2740.0,2740.0,2740.0,2740.0,2740.0,2740.0,2202.0,2202.0,2202.0,2202.0,2202.0,2202.0,2202.0,2202.0,2202.0,2202.0,2202.0,2202.0,2202.0,2202.0,2202.0,2202.0,2202.0,2202.0,2202.0,2202.0,2858.0,2858.0,2858.0,2858.0,2858.0,2858.0,2858.0,2858.0,2858.0,2858.0,2858.0,2858.0,2858.0,2858.0,2858.0,2858.0,2858.0,2858.0,2858.0,2858.0,2858.0,2858.0,2858.0,2858.0,2858.0,2858.0,2858.0,2858.0,2858.0,2858.0,2858.0,2858.0,2858.0,2858.0,2858.0,2858.0,2858.0,2858.0,2858.0,2858.0,2858.0,2858.0,2858.0,272.0,272.0,272.0,272.0,272.0,272.0,272.0,272.0,272.0,272.0,272.0,272.0,272.0,272.0,272.0,272.0,272.0,272.0,272.0,272.0,272.0,272.0,272.0,272.0,272.0,272.0,272.0,272.0,272.0,495.0,495.0,545.0,545.0,545.0,495.0,495.0,545.0,545.0,495.0,495.0,495.0,495.0,545.0,495.0,495.0,495.0,545.0,545.0,495.0,495.0,545.0,545.0,495.0,495.0,495.0,495.0,545.0,545.0,495.0,545.0,545.0,495.0,545.0,545.0,495.0,495.0,495.0,495.0,495.0,495.0,545.0,545.0,545.0,495.0,495.0,495.0,495.0,495.0,495.0,456.0,456.0,456.0,478.0,478.0,478.0,456.0,456.0,456.0,456.0,478.0,456.0,456.0,456.0,456.0,456.0,456.0,478.0,456.0,456.0,456.0,478.0,478.0,456.0,456.0,456.0,456.0,456.0,478.0,456.0,456.0,456.0,456.0,478.0,478.0,456.0,456.0,456.0,478.0,478.0,456.0,456.0,478.0,456.0,456.0,456.0,456.0,456.0,456.0,456.0,456.0,456.0,456.0,478.0,478.0,478.0,456.0,456.0,456.0,456.0,456.0,456.0,3000.0,3000.0,2722.0,2722.0,2722.0,3000.0,3000.0,3000.0,3000.0,2722.0,2722.0,3000.0,3000.0,3000.0,3000.0,3000.0,3000.0,2722.0,3000.0,3000.0,3000.0,2722.0,2722.0,3000.0,3000.0,3000.0,3000.0,3000.0,3000.0,3000.0,3000.0,3000.0,3000.0,3000.0,2722.0,2722.0,2722.0,3000.0,3000.0,3000.0,3000.0,3000.0,3000.0,273.0,273.0,273.0,273.0,273.0,273.0,273.0,273.0,273.0,273.0,273.0,273.0,273.0,273.0,273.0,273.0,273.0,273.0
142,2391.0,2391.0,2391.0,2391.0,2391.0,2391.0,2355.0,2391.0,2391.0,2377.0,2391.0,2177.0,2177.0,1107.0,96.0,1979.0,385.0,2391.0,2391.0,2391.0,2391.0,2391.0,2391.0,2391.0,2391.0,2391.0,2391.0,2391.0,2391.0,2391.0,2391.0,2377.0,1368.0,1455.0,1858.0,1245.0,237.0,137.0,190.0,190.0,2241.0,1860.0,219.0,198.0,199.0,2242.0,1860.0,1860.0,1860.0,1365.0,1127.0,1924.0,936.0,937.0,937.0,1860.0,1860.0,1860.0,1860.0,1860.0,1860.0,1860.0,1860.0,1860.0,1860.0,1860.0,2238.0,2238.0,2238.0,2238.0,2238.0,2238.0,2238.0,2238.0,2238.0,2238.0,2238.0,2238.0,2238.0,2238.0,2238.0,2238.0,2238.0,2238.0,2238.0,2238.0,2238.0,2238.0,2238.0,1856.0,1856.0,1856.0,1856.0,1856.0,1856.0,1856.0,1856.0,1856.0,1856.0,1856.0,1856.0,1856.0,1856.0,1856.0,1856.0,1856.0,1856.0,2223.0,2223.0,2223.0,2223.0,2223.0,2223.0,2223.0,2223.0,2223.0,2223.0,2223.0,2223.0,2223.0,2223.0,2223.0,2223.0,2223.0,2223.0,2223.0,2223.0,2223.0,2223.0,2239.0,2239.0,2239.0,2239.0,2239.0,2239.0,2239.0,2239.0,2239.0,2239.0,2239.0,2239.0,2239.0,2239.0,2239.0,2239.0,2239.0,2239.0,2239.0,2239.0,2391.0,2391.0,2391.0,2391.0,2391.0,2391.0,2391.0,2391.0,2391.0,2391.0,2391.0,2391.0,2391.0,2391.0,2391.0,2391.0,2391.0,2391.0,2391.0,2391.0,2391.0,2391.0,2391.0,2391.0,2391.0,2391.0,2391.0,2391.0,2391.0,2391.0,2391.0,2391.0,2391.0,2391.0,2391.0,2391.0,2391.0,2391.0,2391.0,2391.0,2391.0,2391.0,2391.0,176.0,176.0,176.0,176.0,176.0,176.0,176.0,176.0,176.0,176.0,176.0,176.0,176.0,176.0,176.0,176.0,176.0,176.0,176.0,176.0,176.0,176.0,176.0,176.0,176.0,176.0,176.0,176.0,176.0,366.0,366.0,366.0,366.0,366.0,366.0,366.0,366.0,366.0,366.0,366.0,366.0,366.0,366.0,366.0,366.0,366.0,366.0,366.0,366.0,366.0,366.0,366.0,366.0,366.0,366.0,366.0,366.0,366.0,366.0,366.0,366.0,366.0,366.0,366.0,366.0,366.0,366.0,366.0,366.0,366.0,366.0,366.0,366.0,366.0,366.0,366.0,366.0,366.0,366.0,350.0,350.0,350.0,372.0,372.0,372.0,350.0,350.0,350.0,350.0,372.0,350.0,350.0,350.0,350.0,350.0,350.0,372.0,350.0,350.0,350.0,372.0,372.0,350.0,350.0,350.0,350.0,350.0,372.0,350.0,350.0,350.0,350.0,372.0,372.0,350.0,350.0,350.0,372.0,372.0,350.0,350.0,372.0,350.0,350.0,350.0,350.0,350.0,350.0,350.0,350.0,350.0,350.0,372.0,372.0,372.0,350.0,350.0,350.0,350.0,350.0,350.0,2391.0,2391.0,2377.0,2377.0,2377.0,2391.0,2391.0,2391.0,2391.0,2377.0,2377.0,2391.0,2391.0,2391.0,2391.0,2391.0,2391.0,2377.0,2391.0,2391.0,2391.0,2377.0,2377.0,2391.0,2391.0,2391.0,2391.0,2391.0,2391.0,2391.0,2391.0,2391.0,2391.0,2391.0,2377.0,2377.0,2377.0,2391.0,2391.0,2391.0,2391.0,2391.0,2391.0,176.0,176.0,176.0,176.0,176.0,176.0,176.0,176.0,176.0,176.0,176.0,176.0,176.0,176.0,176.0,176.0,176.0,176.0
143,2064.0,2064.0,2064.0,2064.0,2064.0,2064.0,2044.0,2064.0,2064.0,2054.0,2064.0,1839.0,1839.0,974.0,99.0,1767.0,385.0,2064.0,2064.0,2064.0,2064.0,2064.0,2064.0,2064.0,2064.0,2064.0,2064.0,2064.0,2064.0,2064.0,2064.0,2064.0,1195.0,1266.0,1648.0,1113.0,246.0,132.0,196.0,196.0,1911.0,1569.0,229.0,212.0,198.0,1917.0,1569.0,1569.0,1569.0,1122.0,880.0,1599.0,1209.0,1209.0,1209.0,1569.0,1569.0,1569.0,1569.0,1569.0,1569.0,1569.0,1569.0,1569.0,1569.0,1569.0,1911.0,1911.0,1911.0,1911.0,1911.0,1911.0,1911.0,1911.0,1911.0,1911.0,1911.0,1911.0,1911.0,1911.0,1911.0,1911.0,1911.0,1911.0,1911.0,1911.0,1911.0,1911.0,1911.0,1648.0,1648.0,1648.0,1648.0,1648.0,1648.0,1648.0,1648.0,1648.0,1648.0,1648.0,1648.0,1648.0,1648.0,1648.0,1648.0,1648.0,1648.0,1904.0,1904.0,1904.0,1904.0,1904.0,1904.0,1904.0,1904.0,1904.0,1904.0,1904.0,1904.0,1904.0,1904.0,1904.0,1904.0,1904.0,1904.0,1904.0,1904.0,1904.0,1904.0,1917.0,1917.0,1917.0,1917.0,1917.0,1917.0,1917.0,1917.0,1917.0,1917.0,1917.0,1917.0,1917.0,1917.0,1917.0,1917.0,1917.0,1917.0,1917.0,1917.0,2064.0,2064.0,2064.0,2064.0,2064.0,2064.0,2064.0,2064.0,2064.0,2064.0,2064.0,2064.0,2064.0,2064.0,2064.0,2064.0,2064.0,2064.0,2064.0,2064.0,2064.0,2064.0,2064.0,2064.0,2064.0,2064.0,2064.0,2064.0,2064.0,2064.0,2064.0,2064.0,2064.0,2064.0,2064.0,2064.0,2064.0,2064.0,2064.0,2064.0,2064.0,2064.0,2064.0,166.0,166.0,166.0,166.0,166.0,166.0,166.0,166.0,166.0,166.0,166.0,166.0,166.0,166.0,166.0,166.0,166.0,166.0,166.0,166.0,166.0,166.0,166.0,166.0,166.0,166.0,166.0,166.0,166.0,378.0,378.0,378.0,378.0,378.0,378.0,378.0,378.0,378.0,378.0,378.0,378.0,378.0,378.0,378.0,378.0,378.0,378.0,378.0,378.0,378.0,378.0,378.0,378.0,378.0,378.0,378.0,378.0,378.0,378.0,378.0,378.0,378.0,378.0,378.0,378.0,378.0,378.0,378.0,378.0,378.0,378.0,378.0,378.0,378.0,378.0,378.0,378.0,378.0,378.0,340.0,340.0,340.0,380.0,380.0,380.0,340.0,340.0,340.0,340.0,380.0,340.0,340.0,340.0,340.0,340.0,340.0,380.0,340.0,340.0,340.0,380.0,380.0,340.0,340.0,340.0,340.0,340.0,380.0,340.0,340.0,340.0,340.0,380.0,380.0,340.0,340.0,340.0,380.0,380.0,340.0,340.0,380.0,340.0,340.0,340.0,340.0,340.0,340.0,340.0,340.0,340.0,340.0,380.0,380.0,380.0,340.0,340.0,340.0,340.0,340.0,340.0,2064.0,2064.0,2064.0,2064.0,2064.0,2064.0,2064.0,2064.0,2064.0,2064.0,2064.0,2064.0,2064.0,2064.0,2064.0,2064.0,2064.0,2064.0,2064.0,2064.0,2064.0,2064.0,2064.0,2064.0,2064.0,2064.0,2064.0,2064.0,2064.0,2064.0,2064.0,2064.0,2064.0,2064.0,2064.0,2064.0,2064.0,2064.0,2064.0,2064.0,2064.0,2064.0,2064.0,166.0,166.0,166.0,166.0,166.0,166.0,166.0,166.0,166.0,166.0,166.0,166.0,166.0,166.0,166.0,166.0,166.0,166.0
144,2718.0,2718.0,2718.0,2718.0,2718.0,2718.0,2689.0,2718.0,2718.0,2706.0,2718.0,2516.0,2516.0,1274.0,82.0,2235.0,403.0,2718.0,2718.0,2718.0,2718.0,2718.0,2718.0,2718.0,2718.0,2718.0,2718.0,2718.0,2718.0,2718.0,2718.0,2718.0,1616.0,1708.0,2101.0,1440.0,238.0,129.0,198.0,198.0,2538.0,2055.0,213.0,191.0,204.0,2546.0,2051.0,2051.0,2051.0,1292.0,1072.0,2201.0,1643.0,1643.0,1643.0,2055.0,2055.0,2055.0,2055.0,2055.0,2055.0,2055.0,2055.0,2055.0,2055.0,2055.0,2537.0,2537.0,2537.0,2537.0,2537.0,2537.0,2537.0,2537.0,2537.0,2537.0,2537.0,2537.0,2537.0,2537.0,2537.0,2537.0,2537.0,2537.0,2537.0,2537.0,2537.0,2537.0,2537.0,2101.0,2101.0,2101.0,2101.0,2101.0,2101.0,2101.0,2101.0,2101.0,2101.0,2101.0,2101.0,2101.0,2101.0,2101.0,2101.0,2101.0,2101.0,2528.0,2528.0,2528.0,2528.0,2528.0,2528.0,2528.0,2528.0,2528.0,2528.0,2528.0,2528.0,2528.0,2528.0,2528.0,2528.0,2528.0,2528.0,2528.0,2528.0,2528.0,2528.0,2545.0,2545.0,2545.0,2545.0,2545.0,2545.0,2545.0,2545.0,2545.0,2545.0,2545.0,2545.0,2545.0,2545.0,2545.0,2545.0,2545.0,2545.0,2545.0,2545.0,2718.0,2718.0,2718.0,2718.0,2718.0,2718.0,2718.0,2718.0,2718.0,2718.0,2718.0,2718.0,2718.0,2718.0,2718.0,2718.0,2718.0,2718.0,2718.0,2718.0,2718.0,2718.0,2718.0,2718.0,2718.0,2718.0,2718.0,2718.0,2718.0,2718.0,2718.0,2718.0,2718.0,2718.0,2718.0,2718.0,2718.0,2718.0,2718.0,2718.0,2718.0,2718.0,2718.0,206.0,206.0,206.0,206.0,206.0,206.0,206.0,206.0,206.0,206.0,206.0,206.0,206.0,206.0,206.0,206.0,206.0,206.0,206.0,206.0,206.0,206.0,206.0,206.0,206.0,206.0,206.0,206.0,206.0,378.0,378.0,378.0,378.0,378.0,378.0,378.0,378.0,378.0,378.0,378.0,378.0,378.0,378.0,378.0,378.0,378.0,378.0,378.0,378.0,378.0,378.0,378.0,378.0,378.0,378.0,378.0,378.0,378.0,378.0,378.0,378.0,378.0,378.0,378.0,378.0,378.0,378.0,378.0,378.0,378.0,378.0,378.0,378.0,378.0,378.0,378.0,378.0,378.0,378.0,364.0,364.0,364.0,393.0,393.0,393.0,364.0,364.0,364.0,364.0,393.0,364.0,364.0,364.0,364.0,364.0,364.0,393.0,364.0,364.0,364.0,393.0,393.0,364.0,364.0,364.0,364.0,364.0,393.0,364.0,364.0,364.0,364.0,393.0,393.0,364.0,364.0,364.0,393.0,393.0,364.0,364.0,393.0,364.0,364.0,364.0,364.0,364.0,364.0,364.0,364.0,364.0,364.0,393.0,393.0,393.0,364.0,364.0,364.0,364.0,364.0,364.0,2718.0,2718.0,2718.0,2718.0,2718.0,2718.0,2718.0,2718.0,2718.0,2718.0,2718.0,2718.0,2718.0,2718.0,2718.0,2718.0,2718.0,2718.0,2718.0,2718.0,2718.0,2718.0,2718.0,2718.0,2718.0,2718.0,2718.0,2718.0,2718.0,2718.0,2718.0,2718.0,2718.0,2718.0,2718.0,2718.0,2718.0,2718.0,2718.0,2718.0,2718.0,2718.0,2718.0,209.0,209.0,209.0,209.0,209.0,209.0,209.0,209.0,209.0,209.0,209.0,209.0,209.0,209.0,209.0,209.0,209.0,209.0
145,2668.0,2668.0,2668.0,2668.0,2668.0,2668.0,2638.0,2668.0,2668.0,2663.0,2668.0,2462.0,2462.0,1222.0,81.0,2234.0,433.0,2668.0,2668.0,2668.0,2668.0,2668.0,2668.0,2668.0,2668.0,2668.0,2668.0,2668.0,2668.0,2668.0,2668.0,2668.0,1543.0,1615.0,2069.0,1397.0,230.0,112.0,232.0,232.0,2461.0,2000.0,214.0,197.0,199.0,2466.0,2000.0,2000.0,2000.0,1341.0,1118.0,2131.0,1644.0,1644.0,1644.0,2000.0,2000.0,2000.0,2000.0,2000.0,2000.0,2000.0,2000.0,2000.0,2000.0,2000.0,2461.0,2461.0,2461.0,2461.0,2461.0,2461.0,2461.0,2461.0,2461.0,2461.0,2461.0,2461.0,2461.0,2461.0,2461.0,2461.0,2461.0,2461.0,2461.0,2461.0,2461.0,2461.0,2461.0,2069.0,2069.0,2069.0,2069.0,2069.0,2069.0,2069.0,2069.0,2069.0,2069.0,2069.0,2069.0,2069.0,2069.0,2069.0,2069.0,2069.0,2069.0,2458.0,2458.0,2458.0,2458.0,2458.0,2458.0,2458.0,2458.0,2458.0,2458.0,2458.0,2458.0,2458.0,2458.0,2458.0,2458.0,2458.0,2458.0,2458.0,2458.0,2458.0,2458.0,2466.0,2466.0,2466.0,2466.0,2466.0,2466.0,2466.0,2466.0,2466.0,2466.0,2466.0,2466.0,2466.0,2466.0,2466.0,2466.0,2466.0,2466.0,2466.0,2466.0,2668.0,2668.0,2668.0,2668.0,2668.0,2668.0,2668.0,2668.0,2668.0,2668.0,2668.0,2668.0,2668.0,2668.0,2668.0,2668.0,2668.0,2668.0,2668.0,2668.0,2668.0,2668.0,2668.0,2668.0,2668.0,2668.0,2668.0,2668.0,2668.0,2668.0,2668.0,2668.0,2668.0,2668.0,2668.0,2668.0,2668.0,2668.0,2668.0,2668.0,2668.0,2668.0,2668.0,232.0,232.0,232.0,232.0,232.0,232.0,232.0,232.0,232.0,232.0,232.0,232.0,232.0,232.0,232.0,232.0,232.0,232.0,232.0,232.0,232.0,232.0,232.0,232.0,232.0,232.0,232.0,232.0,232.0,412.0,412.0,412.0,412.0,412.0,412.0,412.0,412.0,412.0,412.0,412.0,412.0,412.0,412.0,412.0,412.0,412.0,412.0,412.0,412.0,412.0,412.0,412.0,412.0,412.0,412.0,412.0,412.0,412.0,412.0,412.0,412.0,412.0,412.0,412.0,412.0,412.0,412.0,412.0,412.0,412.0,412.0,412.0,412.0,412.0,412.0,412.0,412.0,412.0,412.0,386.0,386.0,386.0,423.0,423.0,423.0,386.0,386.0,386.0,386.0,423.0,386.0,386.0,386.0,386.0,386.0,386.0,423.0,386.0,386.0,386.0,423.0,423.0,386.0,386.0,386.0,386.0,386.0,423.0,386.0,386.0,386.0,386.0,423.0,423.0,386.0,386.0,386.0,423.0,423.0,386.0,386.0,423.0,386.0,386.0,386.0,386.0,386.0,386.0,386.0,386.0,386.0,386.0,423.0,423.0,423.0,386.0,386.0,386.0,386.0,386.0,386.0,2668.0,2668.0,2668.0,2668.0,2668.0,2668.0,2668.0,2668.0,2668.0,2668.0,2668.0,2668.0,2668.0,2668.0,2668.0,2668.0,2668.0,2668.0,2668.0,2668.0,2668.0,2668.0,2668.0,2668.0,2668.0,2668.0,2668.0,2668.0,2668.0,2668.0,2668.0,2668.0,2668.0,2668.0,2668.0,2668.0,2668.0,2668.0,2668.0,2668.0,2668.0,2668.0,2668.0,232.0,232.0,232.0,232.0,232.0,232.0,232.0,232.0,232.0,232.0,232.0,232.0,232.0,232.0,232.0,232.0,232.0,232.0
146,2990.0,2990.0,2990.0,2990.0,2990.0,2990.0,2959.0,2990.0,2990.0,2977.0,2990.0,2763.0,2763.0,1353.0,109.0,2433.0,524.0,2990.0,2990.0,2990.0,2990.0,2990.0,2990.0,2990.0,2990.0,2990.0,2990.0,2990.0,2990.0,2990.0,2990.0,2990.0,1722.0,1807.0,2233.0,1549.0,283.0,164.0,311.0,311.0,2721.0,2188.0,226.0,223.0,235.0,2727.0,2187.0,2187.0,2187.0,1576.0,1330.0,2352.0,1873.0,1873.0,1873.0,2188.0,2188.0,2188.0,2188.0,2188.0,2188.0,2188.0,2188.0,2188.0,2188.0,2188.0,2721.0,2721.0,2721.0,2721.0,2721.0,2721.0,2721.0,2721.0,2721.0,2721.0,2721.0,2721.0,2721.0,2721.0,2721.0,2721.0,2721.0,2721.0,2721.0,2721.0,2721.0,2721.0,2721.0,2233.0,2233.0,2233.0,2233.0,2233.0,2233.0,2233.0,2233.0,2233.0,2233.0,2233.0,2233.0,2233.0,2233.0,2233.0,2233.0,2233.0,2233.0,2696.0,2696.0,2696.0,2696.0,2696.0,2696.0,2696.0,2696.0,2696.0,2696.0,2696.0,2696.0,2696.0,2696.0,2696.0,2696.0,2696.0,2696.0,2696.0,2696.0,2696.0,2696.0,2727.0,2727.0,2727.0,2727.0,2727.0,2727.0,2727.0,2727.0,2727.0,2727.0,2727.0,2727.0,2727.0,2727.0,2727.0,2727.0,2727.0,2727.0,2727.0,2727.0,2990.0,2990.0,2990.0,2990.0,2990.0,2990.0,2990.0,2990.0,2990.0,2990.0,2990.0,2990.0,2990.0,2990.0,2990.0,2990.0,2990.0,2990.0,2990.0,2990.0,2990.0,2990.0,2990.0,2990.0,2990.0,2990.0,2990.0,2990.0,2990.0,2990.0,2990.0,2990.0,2990.0,2990.0,2990.0,2990.0,2990.0,2990.0,2990.0,2990.0,2990.0,2990.0,2990.0,318.0,318.0,318.0,318.0,318.0,318.0,318.0,318.0,318.0,318.0,318.0,318.0,318.0,318.0,318.0,318.0,318.0,318.0,318.0,318.0,318.0,318.0,318.0,318.0,318.0,318.0,318.0,318.0,318.0,510.0,510.0,510.0,510.0,510.0,510.0,510.0,510.0,510.0,510.0,510.0,510.0,510.0,510.0,510.0,510.0,510.0,510.0,510.0,510.0,510.0,510.0,510.0,510.0,510.0,510.0,510.0,510.0,510.0,510.0,510.0,510.0,510.0,510.0,510.0,510.0,510.0,510.0,510.0,510.0,510.0,510.0,510.0,510.0,510.0,510.0,510.0,510.0,510.0,510.0,480.0,480.0,480.0,525.0,525.0,525.0,480.0,480.0,480.0,480.0,525.0,480.0,480.0,480.0,480.0,480.0,480.0,525.0,480.0,480.0,480.0,525.0,525.0,480.0,480.0,480.0,480.0,480.0,525.0,480.0,480.0,480.0,480.0,525.0,525.0,480.0,480.0,480.0,525.0,525.0,480.0,480.0,525.0,480.0,480.0,480.0,480.0,480.0,480.0,480.0,480.0,480.0,480.0,525.0,525.0,525.0,480.0,480.0,480.0,480.0,480.0,480.0,2990.0,2990.0,2990.0,2990.0,2990.0,2990.0,2990.0,2990.0,2990.0,2990.0,2990.0,2990.0,2990.0,2990.0,2990.0,2990.0,2990.0,2990.0,2990.0,2990.0,2990.0,2990.0,2990.0,2990.0,2990.0,2990.0,2990.0,2990.0,2990.0,2990.0,2990.0,2990.0,2990.0,2990.0,2990.0,2990.0,2990.0,2990.0,2990.0,2990.0,2990.0,2990.0,2990.0,324.0,324.0,324.0,324.0,324.0,324.0,324.0,324.0,324.0,324.0,324.0,324.0,324.0,324.0,324.0,324.0,324.0,324.0
147,2718.0,2718.0,2718.0,2718.0,2718.0,2718.0,2695.0,2718.0,2718.0,2707.0,2718.0,2448.0,2448.0,1117.0,125.0,2322.0,519.0,2718.0,2718.0,2718.0,2718.0,2718.0,2718.0,2718.0,2718.0,2718.0,2718.0,2718.0,2718.0,2718.0,2718.0,2718.0,1481.0,1568.0,2131.0,1425.0,304.0,161.0,290.0,290.0,2489.0,1976.0,277.0,257.0,266.0,2489.0,1976.0,1976.0,1976.0,1500.0,1208.0,2093.0,1722.0,1726.0,1726.0,1976.0,1976.0,1976.0,1976.0,1976.0,1976.0,1976.0,1976.0,1976.0,1976.0,1976.0,2489.0,2489.0,2489.0,2489.0,2489.0,2489.0,2489.0,2489.0,2489.0,2489.0,2489.0,2489.0,2489.0,2489.0,2489.0,2489.0,2489.0,2489.0,2489.0,2489.0,2489.0,2489.0,2489.0,2131.0,2131.0,2131.0,2131.0,2131.0,2131.0,2131.0,2131.0,2131.0,2131.0,2131.0,2131.0,2131.0,2131.0,2131.0,2131.0,2131.0,2131.0,2471.0,2471.0,2471.0,2471.0,2471.0,2471.0,2471.0,2471.0,2471.0,2471.0,2471.0,2471.0,2471.0,2471.0,2471.0,2471.0,2471.0,2471.0,2471.0,2471.0,2471.0,2471.0,2489.0,2489.0,2489.0,2489.0,2489.0,2489.0,2489.0,2489.0,2489.0,2489.0,2489.0,2489.0,2489.0,2489.0,2489.0,2489.0,2489.0,2489.0,2489.0,2489.0,2718.0,2718.0,2718.0,2718.0,2718.0,2718.0,2718.0,2718.0,2718.0,2718.0,2718.0,2718.0,2718.0,2718.0,2718.0,2718.0,2718.0,2718.0,2718.0,2718.0,2718.0,2718.0,2718.0,2718.0,2718.0,2718.0,2718.0,2718.0,2718.0,2718.0,2718.0,2718.0,2718.0,2718.0,2718.0,2718.0,2718.0,2718.0,2718.0,2718.0,2718.0,2718.0,2718.0,264.0,264.0,264.0,264.0,264.0,264.0,264.0,264.0,264.0,264.0,264.0,264.0,264.0,264.0,264.0,264.0,264.0,264.0,264.0,264.0,264.0,264.0,264.0,264.0,264.0,264.0,264.0,264.0,264.0,498.0,498.0,498.0,498.0,498.0,498.0,498.0,498.0,498.0,498.0,498.0,498.0,498.0,498.0,498.0,498.0,498.0,498.0,498.0,498.0,498.0,498.0,498.0,498.0,498.0,498.0,498.0,498.0,498.0,498.0,498.0,498.0,498.0,498.0,498.0,498.0,498.0,498.0,498.0,498.0,498.0,498.0,498.0,498.0,498.0,498.0,498.0,498.0,498.0,498.0,470.0,470.0,470.0,510.0,510.0,510.0,470.0,470.0,470.0,470.0,510.0,470.0,470.0,470.0,470.0,470.0,470.0,510.0,470.0,470.0,470.0,510.0,510.0,470.0,470.0,470.0,470.0,470.0,510.0,470.0,470.0,470.0,470.0,510.0,510.0,470.0,470.0,470.0,510.0,510.0,470.0,470.0,510.0,470.0,470.0,470.0,470.0,470.0,470.0,470.0,470.0,470.0,470.0,510.0,510.0,510.0,470.0,470.0,470.0,470.0,470.0,470.0,2718.0,2718.0,2718.0,2718.0,2718.0,2718.0,2718.0,2718.0,2718.0,2718.0,2718.0,2718.0,2718.0,2718.0,2718.0,2718.0,2718.0,2718.0,2718.0,2718.0,2718.0,2718.0,2718.0,2718.0,2718.0,2718.0,2718.0,2718.0,2718.0,2718.0,2718.0,2718.0,2718.0,2718.0,2718.0,2718.0,2718.0,2718.0,2718.0,2718.0,2718.0,2718.0,2718.0,264.0,264.0,264.0,264.0,264.0,264.0,264.0,264.0,264.0,264.0,264.0,264.0,264.0,264.0,264.0,264.0,264.0,264.0
148,3060.0,3060.0,3060.0,3060.0,3060.0,3060.0,3033.0,3060.0,3060.0,3052.0,3060.0,2702.0,2702.0,1006.0,150.0,2595.0,645.0,3060.0,3060.0,3060.0,3060.0,3060.0,3060.0,3060.0,3060.0,3060.0,3060.0,3060.0,3060.0,3060.0,3060.0,3060.0,1728.0,1841.0,2388.0,1653.0,405.0,225.0,382.0,382.0,2798.0,1656.0,365.0,349.0,358.0,2817.0,1656.0,1656.0,1656.0,1798.0,1419.0,2311.0,1355.0,1356.0,1356.0,1656.0,1656.0,1656.0,1656.0,1656.0,1656.0,1656.0,1656.0,1656.0,1656.0,1656.0,2798.0,2798.0,2798.0,2798.0,2798.0,2798.0,2798.0,2798.0,2798.0,2798.0,2798.0,2798.0,2798.0,2798.0,2798.0,2798.0,2798.0,2798.0,2798.0,2798.0,2798.0,2798.0,2798.0,2388.0,2388.0,2388.0,2388.0,2388.0,2388.0,2388.0,2388.0,2388.0,2388.0,2388.0,2388.0,2388.0,2388.0,2388.0,2388.0,2388.0,2388.0,2787.0,2787.0,2787.0,2787.0,2787.0,2787.0,2787.0,2787.0,2787.0,2787.0,2787.0,2787.0,2787.0,2787.0,2787.0,2787.0,2787.0,2787.0,2787.0,2787.0,2787.0,2787.0,2816.0,2816.0,2816.0,2816.0,2816.0,2816.0,2816.0,2816.0,2816.0,2816.0,2816.0,2816.0,2816.0,2816.0,2816.0,2816.0,2816.0,2816.0,2816.0,2816.0,3060.0,3060.0,3060.0,3060.0,3060.0,3060.0,3060.0,3060.0,3060.0,3060.0,3060.0,3060.0,3060.0,3060.0,3060.0,3060.0,3060.0,3060.0,3060.0,3060.0,3060.0,3060.0,3060.0,3060.0,3060.0,3060.0,3060.0,3060.0,3060.0,3060.0,3060.0,3060.0,3060.0,3060.0,3060.0,3060.0,3060.0,3060.0,3060.0,3060.0,3060.0,3060.0,3060.0,292.0,292.0,292.0,292.0,292.0,292.0,292.0,292.0,292.0,292.0,292.0,292.0,292.0,292.0,292.0,292.0,292.0,292.0,292.0,292.0,292.0,292.0,292.0,292.0,292.0,292.0,292.0,292.0,292.0,625.0,625.0,625.0,625.0,625.0,625.0,625.0,625.0,625.0,625.0,625.0,625.0,625.0,625.0,625.0,625.0,625.0,625.0,625.0,625.0,625.0,625.0,625.0,625.0,625.0,625.0,625.0,625.0,625.0,625.0,625.0,625.0,625.0,625.0,625.0,625.0,625.0,625.0,625.0,625.0,625.0,625.0,625.0,625.0,625.0,625.0,625.0,625.0,625.0,625.0,569.0,569.0,569.0,629.0,629.0,629.0,569.0,569.0,569.0,569.0,629.0,569.0,569.0,569.0,569.0,569.0,569.0,629.0,569.0,569.0,569.0,629.0,629.0,569.0,569.0,569.0,569.0,569.0,629.0,569.0,569.0,569.0,569.0,629.0,629.0,569.0,569.0,569.0,629.0,629.0,569.0,569.0,629.0,569.0,569.0,569.0,569.0,569.0,569.0,569.0,569.0,569.0,569.0,629.0,629.0,629.0,569.0,569.0,569.0,569.0,569.0,569.0,3060.0,3060.0,3060.0,3060.0,3060.0,3060.0,3060.0,3060.0,3060.0,3060.0,3060.0,3060.0,3060.0,3060.0,3060.0,3060.0,3060.0,3060.0,3060.0,3060.0,3060.0,3060.0,3060.0,3060.0,3060.0,3060.0,3060.0,3060.0,3060.0,3060.0,3060.0,3060.0,3060.0,3060.0,3060.0,3060.0,3060.0,3060.0,3060.0,3060.0,3060.0,3060.0,3060.0,295.0,295.0,295.0,295.0,295.0,295.0,295.0,295.0,295.0,295.0,295.0,295.0,295.0,295.0,295.0,295.0,295.0,295.0
149,2289.0,2289.0,2289.0,2289.0,2289.0,2289.0,2276.0,2289.0,2289.0,2286.0,2289.0,2152.0,2152.0,1099.0,63.0,1914.0,326.0,2289.0,2289.0,2289.0,2289.0,2289.0,2289.0,2289.0,2289.0,2289.0,2289.0,2289.0,2289.0,2289.0,2289.0,2289.0,1310.0,1392.0,1770.0,1215.0,172.0,102.0,168.0,168.0,2112.0,1830.0,140.0,123.0,136.0,2112.0,1829.0,1829.0,1829.0,1325.0,1171.0,1884.0,1528.0,1528.0,1528.0,1830.0,1830.0,1830.0,1830.0,1830.0,1830.0,1830.0,1830.0,1830.0,1830.0,1830.0,2112.0,2112.0,2112.0,2112.0,2112.0,2112.0,2112.0,2112.0,2112.0,2112.0,2112.0,2112.0,2112.0,2112.0,2112.0,2112.0,2112.0,2112.0,2112.0,2112.0,2112.0,2112.0,2112.0,1770.0,1770.0,1770.0,1770.0,1770.0,1770.0,1770.0,1770.0,1770.0,1770.0,1770.0,1770.0,1770.0,1770.0,1770.0,1770.0,1770.0,1770.0,2104.0,2104.0,2104.0,2104.0,2104.0,2104.0,2104.0,2104.0,2104.0,2104.0,2104.0,2104.0,2104.0,2104.0,2104.0,2104.0,2104.0,2104.0,2104.0,2104.0,2104.0,2104.0,2112.0,2112.0,2112.0,2112.0,2112.0,2112.0,2112.0,2112.0,2112.0,2112.0,2112.0,2112.0,2112.0,2112.0,2112.0,2112.0,2112.0,2112.0,2112.0,2112.0,2289.0,2289.0,2289.0,2289.0,2289.0,2289.0,2289.0,2289.0,2289.0,2289.0,2289.0,2289.0,2289.0,2289.0,2289.0,2289.0,2289.0,2289.0,2289.0,2289.0,2289.0,2289.0,2289.0,2289.0,2289.0,2289.0,2289.0,2289.0,2289.0,2289.0,2289.0,2289.0,2289.0,2289.0,2289.0,2289.0,2289.0,2289.0,2289.0,2289.0,2289.0,2289.0,2289.0,194.0,194.0,194.0,194.0,194.0,194.0,194.0,194.0,194.0,194.0,194.0,194.0,194.0,194.0,194.0,194.0,194.0,194.0,194.0,194.0,194.0,194.0,194.0,194.0,194.0,194.0,194.0,194.0,194.0,310.0,310.0,310.0,310.0,310.0,310.0,310.0,310.0,310.0,310.0,310.0,310.0,310.0,310.0,310.0,310.0,310.0,310.0,310.0,310.0,310.0,310.0,310.0,310.0,310.0,310.0,310.0,310.0,310.0,310.0,310.0,310.0,310.0,310.0,310.0,310.0,310.0,310.0,310.0,310.0,310.0,310.0,310.0,310.0,310.0,310.0,310.0,310.0,310.0,310.0,302.0,302.0,302.0,313.0,313.0,313.0,302.0,302.0,302.0,302.0,313.0,302.0,302.0,302.0,302.0,302.0,302.0,313.0,302.0,302.0,302.0,313.0,313.0,302.0,302.0,302.0,302.0,302.0,313.0,302.0,302.0,302.0,302.0,313.0,313.0,302.0,302.0,302.0,313.0,313.0,302.0,302.0,313.0,302.0,302.0,302.0,302.0,302.0,302.0,302.0,302.0,302.0,302.0,313.0,313.0,313.0,302.0,302.0,302.0,302.0,302.0,302.0,2289.0,2289.0,2289.0,2289.0,2289.0,2289.0,2289.0,2289.0,2289.0,2289.0,2289.0,2289.0,2289.0,2289.0,2289.0,2289.0,2289.0,2289.0,2289.0,2289.0,2289.0,2289.0,2289.0,2289.0,2289.0,2289.0,2289.0,2289.0,2289.0,2289.0,2289.0,2289.0,2289.0,2289.0,2289.0,2289.0,2289.0,2289.0,2289.0,2289.0,2289.0,2289.0,2289.0,194.0,194.0,194.0,194.0,194.0,194.0,194.0,194.0,194.0,194.0,194.0,194.0,194.0,194.0,194.0,194.0,194.0,194.0
150,2209.0,2209.0,2209.0,2209.0,2209.0,2209.0,2181.0,2209.0,2209.0,2207.0,2209.0,1989.0,1989.0,1086.0,80.0,1838.0,371.0,2209.0,2209.0,2209.0,2209.0,2209.0,2209.0,2209.0,2209.0,2209.0,2209.0,2209.0,2209.0,2209.0,2209.0,2209.0,1297.0,1380.0,1730.0,1213.0,244.0,125.0,187.0,187.0,2064.0,1736.0,223.0,217.0,199.0,2063.0,1736.0,1736.0,1736.0,1271.0,1035.0,1750.0,1485.0,1485.0,1485.0,1736.0,1736.0,1736.0,1736.0,1736.0,1736.0,1736.0,1736.0,1736.0,1736.0,1736.0,2064.0,2064.0,2064.0,2064.0,2064.0,2064.0,2064.0,2064.0,2064.0,2064.0,2064.0,2064.0,2064.0,2064.0,2064.0,2064.0,2064.0,2064.0,2064.0,2064.0,2064.0,2064.0,2064.0,1730.0,1730.0,1730.0,1730.0,1730.0,1730.0,1730.0,1730.0,1730.0,1730.0,1730.0,1730.0,1730.0,1730.0,1730.0,1730.0,1730.0,1730.0,2056.0,2056.0,2056.0,2056.0,2056.0,2056.0,2056.0,2056.0,2056.0,2056.0,2056.0,2056.0,2056.0,2056.0,2056.0,2056.0,2056.0,2056.0,2056.0,2056.0,2056.0,2056.0,2063.0,2063.0,2063.0,2063.0,2063.0,2063.0,2063.0,2063.0,2063.0,2063.0,2063.0,2063.0,2063.0,2063.0,2063.0,2063.0,2063.0,2063.0,2063.0,2063.0,2209.0,2209.0,2209.0,2209.0,2209.0,2209.0,2209.0,2209.0,2209.0,2209.0,2209.0,2209.0,2209.0,2209.0,2209.0,2209.0,2209.0,2209.0,2209.0,2209.0,2209.0,2209.0,2209.0,2209.0,2209.0,2209.0,2209.0,2209.0,2209.0,2209.0,2209.0,2209.0,2209.0,2209.0,2209.0,2209.0,2209.0,2209.0,2209.0,2209.0,2209.0,2209.0,2209.0,165.0,165.0,165.0,165.0,165.0,165.0,165.0,165.0,165.0,165.0,165.0,165.0,165.0,165.0,165.0,165.0,165.0,165.0,165.0,165.0,165.0,165.0,165.0,165.0,165.0,165.0,165.0,165.0,165.0,371.0,371.0,371.0,371.0,371.0,371.0,371.0,371.0,371.0,371.0,371.0,371.0,371.0,371.0,371.0,371.0,371.0,371.0,371.0,371.0,371.0,371.0,371.0,371.0,371.0,371.0,371.0,371.0,371.0,371.0,371.0,371.0,371.0,371.0,371.0,371.0,371.0,371.0,371.0,371.0,371.0,371.0,371.0,371.0,371.0,371.0,371.0,371.0,371.0,371.0,342.0,342.0,342.0,376.0,376.0,376.0,342.0,342.0,342.0,342.0,376.0,342.0,342.0,342.0,342.0,342.0,342.0,376.0,342.0,342.0,342.0,376.0,376.0,342.0,342.0,342.0,342.0,342.0,376.0,342.0,342.0,342.0,342.0,376.0,376.0,342.0,342.0,342.0,376.0,376.0,342.0,342.0,376.0,342.0,342.0,342.0,342.0,342.0,342.0,342.0,342.0,342.0,342.0,376.0,376.0,376.0,342.0,342.0,342.0,342.0,342.0,342.0,2209.0,2209.0,2209.0,2209.0,2209.0,2209.0,2209.0,2209.0,2209.0,2209.0,2209.0,2209.0,2209.0,2209.0,2209.0,2209.0,2209.0,2209.0,2209.0,2209.0,2209.0,2209.0,2209.0,2209.0,2209.0,2209.0,2209.0,2209.0,2209.0,2209.0,2209.0,2209.0,2209.0,2209.0,2209.0,2209.0,2209.0,2209.0,2209.0,2209.0,2209.0,2209.0,2209.0,166.0,166.0,166.0,166.0,166.0,166.0,166.0,166.0,166.0,166.0,166.0,166.0,166.0,166.0,166.0,166.0,166.0,166.0
151,3101.0,3101.0,3101.0,3101.0,3101.0,3101.0,3072.0,3101.0,3101.0,3093.0,3101.0,2829.0,2829.0,1484.0,123.0,2563.0,560.0,3101.0,3101.0,3101.0,3101.0,3101.0,3101.0,3101.0,3101.0,3101.0,3101.0,3101.0,3101.0,3101.0,3101.0,3101.0,1876.0,1940.0,2357.0,1649.0,317.0,174.0,317.0,317.0,2833.0,2346.0,279.0,277.0,258.0,2844.0,2346.0,2346.0,2346.0,1362.0,1068.0,2442.0,2042.0,2042.0,2042.0,2346.0,2346.0,2346.0,2346.0,2346.0,2346.0,2346.0,2346.0,2346.0,2346.0,2346.0,2833.0,2833.0,2833.0,2833.0,2833.0,2833.0,2833.0,2833.0,2833.0,2833.0,2833.0,2833.0,2833.0,2833.0,2833.0,2833.0,2833.0,2833.0,2833.0,2833.0,2833.0,2833.0,2833.0,2357.0,2357.0,2357.0,2357.0,2357.0,2357.0,2357.0,2357.0,2357.0,2357.0,2357.0,2357.0,2357.0,2357.0,2357.0,2357.0,2357.0,2357.0,2805.0,2805.0,2805.0,2805.0,2805.0,2805.0,2805.0,2805.0,2805.0,2805.0,2805.0,2805.0,2805.0,2805.0,2805.0,2805.0,2805.0,2805.0,2805.0,2805.0,2805.0,2805.0,2844.0,2844.0,2844.0,2844.0,2844.0,2844.0,2844.0,2844.0,2844.0,2844.0,2844.0,2844.0,2844.0,2844.0,2844.0,2844.0,2844.0,2844.0,2844.0,2844.0,3101.0,3101.0,3101.0,3101.0,3101.0,3101.0,3101.0,3101.0,3101.0,3101.0,3101.0,3101.0,3101.0,3101.0,3101.0,3101.0,3101.0,3101.0,3101.0,3101.0,3101.0,3101.0,3101.0,3101.0,3101.0,3101.0,3101.0,3101.0,3101.0,3101.0,3101.0,3101.0,3101.0,3101.0,3101.0,3101.0,3101.0,3101.0,3101.0,3101.0,3101.0,3101.0,3101.0,297.0,297.0,297.0,297.0,297.0,297.0,297.0,297.0,297.0,297.0,297.0,297.0,297.0,297.0,297.0,297.0,297.0,297.0,297.0,297.0,297.0,297.0,297.0,297.0,297.0,297.0,297.0,297.0,297.0,553.0,553.0,553.0,553.0,553.0,553.0,553.0,553.0,553.0,553.0,553.0,553.0,553.0,553.0,553.0,553.0,553.0,553.0,553.0,553.0,553.0,553.0,553.0,553.0,553.0,553.0,553.0,553.0,553.0,553.0,553.0,553.0,553.0,553.0,553.0,553.0,553.0,553.0,553.0,553.0,553.0,553.0,553.0,553.0,553.0,553.0,553.0,553.0,553.0,553.0,498.0,498.0,498.0,551.0,551.0,551.0,498.0,498.0,498.0,498.0,551.0,498.0,498.0,498.0,498.0,498.0,498.0,551.0,498.0,498.0,498.0,551.0,551.0,498.0,498.0,498.0,498.0,498.0,551.0,498.0,498.0,498.0,498.0,551.0,551.0,498.0,498.0,498.0,551.0,551.0,498.0,498.0,551.0,498.0,498.0,498.0,498.0,498.0,498.0,498.0,498.0,498.0,498.0,551.0,551.0,551.0,498.0,498.0,498.0,498.0,498.0,498.0,3101.0,3101.0,3101.0,3101.0,3101.0,3101.0,3101.0,3101.0,3101.0,3101.0,3101.0,3101.0,3101.0,3101.0,3101.0,3101.0,3101.0,3101.0,3101.0,3101.0,3101.0,3101.0,3101.0,3101.0,3101.0,3101.0,3101.0,3101.0,3101.0,3101.0,3101.0,3101.0,3101.0,3101.0,3101.0,3101.0,3101.0,3101.0,3101.0,3101.0,3101.0,3101.0,3101.0,299.0,299.0,299.0,299.0,299.0,299.0,299.0,299.0,299.0,299.0,299.0,299.0,299.0,299.0,299.0,299.0,299.0,299.0
152,3896.0,3896.0,3896.0,3896.0,3896.0,3896.0,3858.0,3896.0,3896.0,3885.0,3896.0,3612.0,3612.0,1920.0,121.0,3078.0,532.0,3896.0,3896.0,3896.0,3896.0,3896.0,3896.0,3896.0,3896.0,3896.0,3896.0,3896.0,3896.0,3896.0,3896.0,3896.0,2463.0,2581.0,2918.0,2103.0,341.0,195.0,277.0,277.0,3673.0,3024.0,287.0,282.0,266.0,3674.0,3018.0,3018.0,3018.0,1874.0,1567.0,3199.0,2570.0,2570.0,2570.0,3024.0,3024.0,3024.0,3024.0,3024.0,3024.0,3024.0,3024.0,3024.0,3024.0,3024.0,3673.0,3673.0,3673.0,3673.0,3673.0,3673.0,3673.0,3673.0,3673.0,3673.0,3673.0,3673.0,3673.0,3673.0,3673.0,3673.0,3673.0,3673.0,3673.0,3673.0,3673.0,3673.0,3673.0,2918.0,2918.0,2918.0,2918.0,2918.0,2918.0,2918.0,2918.0,2918.0,2918.0,2918.0,2918.0,2918.0,2918.0,2918.0,2918.0,2918.0,2918.0,3643.0,3643.0,3643.0,3643.0,3643.0,3643.0,3643.0,3643.0,3643.0,3643.0,3643.0,3643.0,3643.0,3643.0,3643.0,3643.0,3643.0,3643.0,3643.0,3643.0,3643.0,3643.0,3674.0,3674.0,3674.0,3674.0,3674.0,3674.0,3674.0,3674.0,3674.0,3674.0,3674.0,3674.0,3674.0,3674.0,3674.0,3674.0,3674.0,3674.0,3674.0,3674.0,3896.0,3896.0,3896.0,3896.0,3896.0,3896.0,3896.0,3896.0,3896.0,3896.0,3896.0,3896.0,3896.0,3896.0,3896.0,3896.0,3896.0,3896.0,3896.0,3896.0,3896.0,3896.0,3896.0,3896.0,3896.0,3896.0,3896.0,3896.0,3896.0,3896.0,3896.0,3896.0,3896.0,3896.0,3896.0,3896.0,3896.0,3896.0,3896.0,3896.0,3896.0,3896.0,3896.0,271.0,271.0,271.0,271.0,271.0,271.0,271.0,271.0,271.0,271.0,271.0,271.0,271.0,271.0,271.0,271.0,271.0,271.0,271.0,271.0,271.0,271.0,271.0,271.0,271.0,271.0,271.0,271.0,271.0,527.0,527.0,527.0,527.0,527.0,527.0,527.0,527.0,527.0,527.0,527.0,527.0,527.0,527.0,527.0,527.0,527.0,527.0,527.0,527.0,527.0,527.0,527.0,527.0,527.0,527.0,527.0,527.0,527.0,527.0,527.0,527.0,527.0,527.0,527.0,527.0,527.0,527.0,527.0,527.0,527.0,527.0,527.0,527.0,527.0,527.0,527.0,527.0,527.0,527.0,485.0,485.0,485.0,533.0,533.0,533.0,485.0,485.0,485.0,485.0,533.0,485.0,485.0,485.0,485.0,485.0,485.0,533.0,485.0,485.0,485.0,533.0,533.0,485.0,485.0,485.0,485.0,485.0,533.0,485.0,485.0,485.0,485.0,533.0,533.0,485.0,485.0,485.0,533.0,533.0,485.0,485.0,533.0,485.0,485.0,485.0,485.0,485.0,485.0,485.0,485.0,485.0,485.0,533.0,533.0,533.0,485.0,485.0,485.0,485.0,485.0,485.0,3896.0,3896.0,3896.0,3896.0,3896.0,3896.0,3896.0,3896.0,3896.0,3896.0,3896.0,3896.0,3896.0,3896.0,3896.0,3896.0,3896.0,3896.0,3896.0,3896.0,3896.0,3896.0,3896.0,3896.0,3896.0,3896.0,3896.0,3896.0,3896.0,3896.0,3896.0,3896.0,3896.0,3896.0,3896.0,3896.0,3896.0,3896.0,3896.0,3896.0,3896.0,3896.0,3896.0,272.0,272.0,272.0,272.0,272.0,272.0,272.0,272.0,272.0,272.0,272.0,272.0,272.0,272.0,272.0,272.0,272.0,272.0
153,3105.0,3105.0,3105.0,3105.0,3105.0,3105.0,3077.0,3105.0,3105.0,3096.0,3105.0,2790.0,2790.0,1384.0,138.0,2514.0,540.0,3105.0,3105.0,3105.0,3105.0,3105.0,3105.0,3105.0,3105.0,3105.0,3105.0,3105.0,3105.0,3105.0,3105.0,3105.0,1796.0,1916.0,2351.0,1640.0,352.0,205.0,312.0,312.0,2894.0,2296.0,318.0,318.0,319.0,2899.0,2295.0,2295.0,2295.0,1596.0,1266.0,2435.0,1995.0,1995.0,1995.0,2296.0,2296.0,2296.0,2296.0,2296.0,2296.0,2296.0,2296.0,2296.0,2296.0,2296.0,2894.0,2894.0,2894.0,2894.0,2894.0,2894.0,2894.0,2894.0,2894.0,2894.0,2894.0,2894.0,2894.0,2894.0,2894.0,2894.0,2894.0,2894.0,2894.0,2894.0,2894.0,2894.0,2894.0,2351.0,2351.0,2351.0,2351.0,2351.0,2351.0,2351.0,2351.0,2351.0,2351.0,2351.0,2351.0,2351.0,2351.0,2351.0,2351.0,2351.0,2351.0,2854.0,2854.0,2854.0,2854.0,2854.0,2854.0,2854.0,2854.0,2854.0,2854.0,2854.0,2854.0,2854.0,2854.0,2854.0,2854.0,2854.0,2854.0,2854.0,2854.0,2854.0,2854.0,2899.0,2899.0,2899.0,2899.0,2899.0,2899.0,2899.0,2899.0,2899.0,2899.0,2899.0,2899.0,2899.0,2899.0,2899.0,2899.0,2899.0,2899.0,2899.0,2899.0,3105.0,3105.0,3105.0,3105.0,3105.0,3105.0,3105.0,3105.0,3105.0,3105.0,3105.0,3105.0,3105.0,3105.0,3105.0,3105.0,3105.0,3105.0,3105.0,3105.0,3105.0,3105.0,3105.0,3105.0,3105.0,3105.0,3105.0,3105.0,3105.0,3105.0,3105.0,3105.0,3105.0,3105.0,3105.0,3105.0,3105.0,3105.0,3105.0,3105.0,3105.0,3105.0,3105.0,243.0,243.0,243.0,243.0,243.0,243.0,243.0,243.0,243.0,243.0,243.0,243.0,243.0,243.0,243.0,243.0,243.0,243.0,243.0,243.0,243.0,243.0,243.0,243.0,243.0,243.0,243.0,243.0,243.0,548.0,548.0,548.0,548.0,548.0,548.0,548.0,548.0,548.0,548.0,548.0,548.0,548.0,548.0,548.0,548.0,548.0,548.0,548.0,548.0,548.0,548.0,548.0,548.0,548.0,548.0,548.0,548.0,548.0,548.0,548.0,548.0,548.0,548.0,548.0,548.0,548.0,548.0,548.0,548.0,548.0,548.0,548.0,548.0,548.0,548.0,548.0,548.0,548.0,548.0,521.0,521.0,521.0,556.0,556.0,556.0,521.0,521.0,521.0,521.0,556.0,521.0,521.0,521.0,521.0,521.0,521.0,556.0,521.0,521.0,521.0,556.0,556.0,521.0,521.0,521.0,521.0,521.0,556.0,521.0,521.0,521.0,521.0,556.0,556.0,521.0,521.0,521.0,556.0,556.0,521.0,521.0,556.0,521.0,521.0,521.0,521.0,521.0,521.0,521.0,521.0,521.0,521.0,556.0,556.0,556.0,521.0,521.0,521.0,521.0,521.0,521.0,3105.0,3105.0,3105.0,3105.0,3105.0,3105.0,3105.0,3105.0,3105.0,3105.0,3105.0,3105.0,3105.0,3105.0,3105.0,3105.0,3105.0,3105.0,3105.0,3105.0,3105.0,3105.0,3105.0,3105.0,3105.0,3105.0,3105.0,3105.0,3105.0,3105.0,3105.0,3105.0,3105.0,3105.0,3105.0,3105.0,3105.0,3105.0,3105.0,3105.0,3105.0,3105.0,3105.0,259.0,259.0,259.0,259.0,259.0,259.0,259.0,259.0,259.0,259.0,259.0,259.0,259.0,259.0,259.0,259.0,259.0,259.0
154,3783.0,3783.0,3783.0,3783.0,3783.0,3783.0,3755.0,3783.0,3783.0,3775.0,3783.0,3501.0,3501.0,1787.0,133.0,3023.0,537.0,3783.0,3783.0,3783.0,3783.0,3783.0,3783.0,3783.0,3783.0,3783.0,3783.0,3783.0,3783.0,3783.0,3783.0,3783.0,2323.0,2458.0,2857.0,2024.0,323.0,177.0,261.0,261.0,3569.0,2932.0,296.0,283.0,303.0,3556.0,2942.0,2942.0,2942.0,2116.0,1803.0,3113.0,2548.0,2549.0,2549.0,2932.0,2932.0,2932.0,2932.0,2932.0,2932.0,2932.0,2932.0,2932.0,2932.0,2932.0,3569.0,3569.0,3569.0,3569.0,3569.0,3569.0,3569.0,3569.0,3569.0,3569.0,3569.0,3569.0,3569.0,3569.0,3569.0,3569.0,3569.0,3569.0,3569.0,3569.0,3569.0,3569.0,3569.0,2856.0,2856.0,2856.0,2856.0,2856.0,2856.0,2856.0,2856.0,2856.0,2856.0,2856.0,2856.0,2856.0,2856.0,2856.0,2856.0,2856.0,2856.0,3543.0,3543.0,3543.0,3543.0,3543.0,3543.0,3543.0,3543.0,3543.0,3543.0,3543.0,3543.0,3543.0,3543.0,3543.0,3543.0,3543.0,3543.0,3543.0,3543.0,3543.0,3543.0,3555.0,3555.0,3555.0,3555.0,3555.0,3555.0,3555.0,3555.0,3555.0,3555.0,3555.0,3555.0,3555.0,3555.0,3555.0,3555.0,3555.0,3555.0,3555.0,3555.0,3783.0,3783.0,3783.0,3783.0,3783.0,3783.0,3783.0,3783.0,3783.0,3783.0,3783.0,3783.0,3783.0,3783.0,3783.0,3783.0,3783.0,3783.0,3783.0,3783.0,3783.0,3783.0,3783.0,3783.0,3783.0,3783.0,3783.0,3783.0,3783.0,3783.0,3783.0,3783.0,3783.0,3783.0,3783.0,3783.0,3783.0,3783.0,3783.0,3783.0,3783.0,3783.0,3783.0,249.0,249.0,249.0,249.0,249.0,249.0,249.0,249.0,249.0,249.0,249.0,249.0,249.0,249.0,249.0,249.0,249.0,249.0,249.0,249.0,249.0,249.0,249.0,249.0,249.0,249.0,249.0,249.0,249.0,513.0,513.0,513.0,513.0,513.0,513.0,513.0,513.0,513.0,513.0,513.0,513.0,513.0,513.0,513.0,513.0,513.0,513.0,513.0,513.0,513.0,513.0,513.0,513.0,513.0,513.0,513.0,513.0,513.0,513.0,513.0,513.0,513.0,513.0,513.0,513.0,513.0,513.0,513.0,513.0,513.0,513.0,513.0,513.0,513.0,513.0,513.0,513.0,513.0,513.0,492.0,492.0,492.0,517.0,517.0,517.0,492.0,492.0,492.0,492.0,517.0,492.0,492.0,492.0,492.0,492.0,492.0,517.0,492.0,492.0,492.0,517.0,517.0,492.0,492.0,492.0,492.0,492.0,517.0,492.0,492.0,492.0,492.0,517.0,517.0,492.0,492.0,492.0,517.0,517.0,492.0,492.0,517.0,492.0,492.0,492.0,492.0,492.0,492.0,492.0,492.0,492.0,492.0,517.0,517.0,517.0,492.0,492.0,492.0,492.0,492.0,492.0,3783.0,3783.0,3783.0,3783.0,3783.0,3783.0,3783.0,3783.0,3783.0,3783.0,3783.0,3783.0,3783.0,3783.0,3783.0,3783.0,3783.0,3783.0,3783.0,3783.0,3783.0,3783.0,3783.0,3783.0,3783.0,3783.0,3783.0,3783.0,3783.0,3783.0,3783.0,3783.0,3783.0,3783.0,3783.0,3783.0,3783.0,3783.0,3783.0,3783.0,3783.0,3783.0,3783.0,251.0,251.0,251.0,251.0,251.0,251.0,251.0,251.0,251.0,251.0,251.0,251.0,251.0,251.0,251.0,251.0,251.0,251.0
155,3352.0,3352.0,3352.0,3352.0,3352.0,3352.0,3319.0,3352.0,3352.0,3339.0,3352.0,3007.0,3007.0,1572.0,136.0,2795.0,613.0,3352.0,3352.0,3352.0,3352.0,3352.0,3352.0,3352.0,3352.0,3352.0,3352.0,3352.0,3352.0,3352.0,3352.0,3352.0,1955.0,2077.0,2588.0,1792.0,383.0,223.0,362.0,362.0,3105.0,2501.0,354.0,331.0,315.0,3110.0,2501.0,2501.0,2501.0,1878.0,1510.0,2628.0,2147.0,2147.0,2147.0,2501.0,2501.0,2501.0,2501.0,2501.0,2501.0,2501.0,2501.0,2501.0,2501.0,2501.0,3105.0,3105.0,3105.0,3105.0,3105.0,3105.0,3105.0,3105.0,3105.0,3105.0,3105.0,3105.0,3105.0,3105.0,3105.0,3105.0,3105.0,3105.0,3105.0,3105.0,3105.0,3105.0,3105.0,2588.0,2588.0,2588.0,2588.0,2588.0,2588.0,2588.0,2588.0,2588.0,2588.0,2588.0,2588.0,2588.0,2588.0,2588.0,2588.0,2588.0,2588.0,3087.0,3087.0,3087.0,3087.0,3087.0,3087.0,3087.0,3087.0,3087.0,3087.0,3087.0,3087.0,3087.0,3087.0,3087.0,3087.0,3087.0,3087.0,3087.0,3087.0,3087.0,3087.0,3110.0,3110.0,3110.0,3110.0,3110.0,3110.0,3110.0,3110.0,3110.0,3110.0,3110.0,3110.0,3110.0,3110.0,3110.0,3110.0,3110.0,3110.0,3110.0,3110.0,3352.0,3352.0,3352.0,3352.0,3352.0,3352.0,3352.0,3352.0,3352.0,3352.0,3352.0,3352.0,3352.0,3352.0,3352.0,3352.0,3352.0,3352.0,3352.0,3352.0,3352.0,3352.0,3352.0,3352.0,3352.0,3352.0,3352.0,3352.0,3352.0,3352.0,3352.0,3352.0,3352.0,3352.0,3352.0,3352.0,3352.0,3352.0,3352.0,3352.0,3352.0,3352.0,3352.0,279.0,279.0,279.0,279.0,279.0,279.0,279.0,279.0,279.0,279.0,279.0,279.0,279.0,279.0,279.0,279.0,279.0,279.0,279.0,279.0,279.0,279.0,279.0,279.0,279.0,279.0,279.0,279.0,279.0,596.0,596.0,596.0,596.0,596.0,596.0,596.0,596.0,596.0,596.0,596.0,596.0,596.0,596.0,596.0,596.0,596.0,596.0,596.0,596.0,596.0,596.0,596.0,596.0,596.0,596.0,596.0,596.0,596.0,596.0,596.0,596.0,596.0,596.0,596.0,596.0,596.0,596.0,596.0,596.0,596.0,596.0,596.0,596.0,596.0,596.0,596.0,596.0,596.0,596.0,539.0,539.0,539.0,599.0,599.0,599.0,539.0,539.0,539.0,539.0,599.0,539.0,539.0,539.0,539.0,539.0,539.0,599.0,539.0,539.0,539.0,599.0,599.0,539.0,539.0,539.0,539.0,539.0,599.0,539.0,539.0,539.0,539.0,599.0,599.0,539.0,539.0,539.0,599.0,599.0,539.0,539.0,599.0,539.0,539.0,539.0,539.0,539.0,539.0,539.0,539.0,539.0,539.0,599.0,599.0,599.0,539.0,539.0,539.0,539.0,539.0,539.0,3352.0,3352.0,3352.0,3352.0,3352.0,3352.0,3352.0,3352.0,3352.0,3352.0,3352.0,3352.0,3352.0,3352.0,3352.0,3352.0,3352.0,3352.0,3352.0,3352.0,3352.0,3352.0,3352.0,3352.0,3352.0,3352.0,3352.0,3352.0,3352.0,3352.0,3352.0,3352.0,3352.0,3352.0,3352.0,3352.0,3352.0,3352.0,3352.0,3352.0,3352.0,3352.0,3352.0,282.0,282.0,282.0,282.0,282.0,282.0,282.0,282.0,282.0,282.0,282.0,282.0,282.0,282.0,282.0,282.0,282.0,282.0
156,2575.0,2575.0,2575.0,2575.0,2575.0,2575.0,2541.0,2575.0,2575.0,2571.0,2575.0,2341.0,2341.0,1205.0,99.0,2106.0,422.0,2575.0,2575.0,2575.0,2575.0,2575.0,2575.0,2575.0,2575.0,2575.0,2575.0,2575.0,2575.0,2575.0,2575.0,2575.0,1502.0,1601.0,1960.0,1378.0,256.0,132.0,193.0,193.0,2400.0,1991.0,236.0,229.0,181.0,2401.0,1991.0,1991.0,1991.0,1537.0,1285.0,2056.0,1728.0,1728.0,1728.0,1991.0,1991.0,1991.0,1991.0,1991.0,1991.0,1991.0,1991.0,1991.0,1991.0,1991.0,2400.0,2400.0,2400.0,2400.0,2400.0,2400.0,2400.0,2400.0,2400.0,2400.0,2400.0,2400.0,2400.0,2400.0,2400.0,2400.0,2400.0,2400.0,2400.0,2400.0,2400.0,2400.0,2400.0,1960.0,1960.0,1960.0,1960.0,1960.0,1960.0,1960.0,1960.0,1960.0,1960.0,1960.0,1960.0,1960.0,1960.0,1960.0,1960.0,1960.0,1960.0,2388.0,2388.0,2388.0,2388.0,2388.0,2388.0,2388.0,2388.0,2388.0,2388.0,2388.0,2388.0,2388.0,2388.0,2388.0,2388.0,2388.0,2388.0,2388.0,2388.0,2388.0,2388.0,2401.0,2401.0,2401.0,2401.0,2401.0,2401.0,2401.0,2401.0,2401.0,2401.0,2401.0,2401.0,2401.0,2401.0,2401.0,2401.0,2401.0,2401.0,2401.0,2401.0,2575.0,2575.0,2575.0,2575.0,2575.0,2575.0,2575.0,2575.0,2575.0,2575.0,2575.0,2575.0,2575.0,2575.0,2575.0,2575.0,2575.0,2575.0,2575.0,2575.0,2575.0,2575.0,2575.0,2575.0,2575.0,2575.0,2575.0,2575.0,2575.0,2575.0,2575.0,2575.0,2575.0,2575.0,2575.0,2575.0,2575.0,2575.0,2575.0,2575.0,2575.0,2575.0,2575.0,194.0,194.0,194.0,194.0,194.0,194.0,194.0,194.0,194.0,194.0,194.0,194.0,194.0,194.0,194.0,194.0,194.0,194.0,194.0,194.0,194.0,194.0,194.0,194.0,194.0,194.0,194.0,194.0,194.0,411.0,411.0,411.0,411.0,411.0,411.0,411.0,411.0,411.0,411.0,411.0,411.0,411.0,411.0,411.0,411.0,411.0,411.0,411.0,411.0,411.0,411.0,411.0,411.0,411.0,411.0,411.0,411.0,411.0,411.0,411.0,411.0,411.0,411.0,411.0,411.0,411.0,411.0,411.0,411.0,411.0,411.0,411.0,411.0,411.0,411.0,411.0,411.0,411.0,411.0,356.0,356.0,356.0,414.0,414.0,414.0,356.0,356.0,356.0,356.0,414.0,356.0,356.0,356.0,356.0,356.0,356.0,414.0,356.0,356.0,356.0,414.0,414.0,356.0,356.0,356.0,356.0,356.0,414.0,356.0,356.0,356.0,356.0,414.0,414.0,356.0,356.0,356.0,414.0,414.0,356.0,356.0,414.0,356.0,356.0,356.0,356.0,356.0,356.0,356.0,356.0,356.0,356.0,414.0,414.0,414.0,356.0,356.0,356.0,356.0,356.0,356.0,2575.0,2575.0,2575.0,2575.0,2575.0,2575.0,2575.0,2575.0,2575.0,2575.0,2575.0,2575.0,2575.0,2575.0,2575.0,2575.0,2575.0,2575.0,2575.0,2575.0,2575.0,2575.0,2575.0,2575.0,2575.0,2575.0,2575.0,2575.0,2575.0,2575.0,2575.0,2575.0,2575.0,2575.0,2575.0,2575.0,2575.0,2575.0,2575.0,2575.0,2575.0,2575.0,2575.0,195.0,195.0,195.0,195.0,195.0,195.0,195.0,195.0,195.0,195.0,195.0,195.0,195.0,195.0,195.0,195.0,195.0,195.0
157,2259.0,2259.0,2259.0,2259.0,2259.0,2259.0,2245.0,2259.0,2259.0,2255.0,2259.0,2000.0,2000.0,1085.0,115.0,1849.0,418.0,2259.0,2259.0,2259.0,2259.0,2259.0,2259.0,2259.0,2259.0,2259.0,2259.0,2259.0,2259.0,2259.0,2259.0,2259.0,1359.0,1445.0,1720.0,1223.0,275.0,153.0,201.0,201.0,2103.0,1674.0,264.0,250.0,212.0,2101.0,1672.0,1672.0,1672.0,1259.0,981.0,1737.0,1425.0,1425.0,1425.0,1674.0,1674.0,1674.0,1674.0,1674.0,1674.0,1674.0,1674.0,1674.0,1674.0,1674.0,2103.0,2103.0,2103.0,2103.0,2103.0,2103.0,2103.0,2103.0,2103.0,2103.0,2103.0,2103.0,2103.0,2103.0,2103.0,2103.0,2103.0,2103.0,2103.0,2103.0,2103.0,2103.0,2103.0,1720.0,1720.0,1720.0,1720.0,1720.0,1720.0,1720.0,1720.0,1720.0,1720.0,1720.0,1720.0,1720.0,1720.0,1720.0,1720.0,1720.0,1720.0,2097.0,2097.0,2097.0,2097.0,2097.0,2097.0,2097.0,2097.0,2097.0,2097.0,2097.0,2097.0,2097.0,2097.0,2097.0,2097.0,2097.0,2097.0,2097.0,2097.0,2097.0,2097.0,2101.0,2101.0,2101.0,2101.0,2101.0,2101.0,2101.0,2101.0,2101.0,2101.0,2101.0,2101.0,2101.0,2101.0,2101.0,2101.0,2101.0,2101.0,2101.0,2101.0,2259.0,2259.0,2259.0,2259.0,2259.0,2259.0,2259.0,2259.0,2259.0,2259.0,2259.0,2259.0,2259.0,2259.0,2259.0,2259.0,2259.0,2259.0,2259.0,2259.0,2259.0,2259.0,2259.0,2259.0,2259.0,2259.0,2259.0,2259.0,2259.0,2259.0,2259.0,2259.0,2259.0,2259.0,2259.0,2259.0,2259.0,2259.0,2259.0,2259.0,2259.0,2259.0,2259.0,174.0,174.0,174.0,174.0,174.0,174.0,174.0,174.0,174.0,174.0,174.0,174.0,174.0,174.0,174.0,174.0,174.0,174.0,174.0,174.0,174.0,174.0,174.0,174.0,174.0,174.0,174.0,174.0,174.0,414.0,414.0,414.0,414.0,414.0,414.0,414.0,414.0,414.0,414.0,414.0,414.0,414.0,414.0,414.0,414.0,414.0,414.0,414.0,414.0,414.0,414.0,414.0,414.0,414.0,414.0,414.0,414.0,414.0,414.0,414.0,414.0,414.0,414.0,414.0,414.0,414.0,414.0,414.0,414.0,414.0,414.0,414.0,414.0,414.0,414.0,414.0,414.0,414.0,414.0,360.0,360.0,360.0,423.0,423.0,423.0,360.0,360.0,360.0,360.0,423.0,360.0,360.0,360.0,360.0,360.0,360.0,423.0,360.0,360.0,360.0,423.0,423.0,360.0,360.0,360.0,360.0,360.0,423.0,360.0,360.0,360.0,360.0,423.0,423.0,360.0,360.0,360.0,423.0,423.0,360.0,360.0,423.0,360.0,360.0,360.0,360.0,360.0,360.0,360.0,360.0,360.0,360.0,423.0,423.0,423.0,360.0,360.0,360.0,360.0,360.0,360.0,2259.0,2259.0,2259.0,2259.0,2259.0,2259.0,2259.0,2259.0,2259.0,2259.0,2259.0,2259.0,2259.0,2259.0,2259.0,2259.0,2259.0,2259.0,2259.0,2259.0,2259.0,2259.0,2259.0,2259.0,2259.0,2259.0,2259.0,2259.0,2259.0,2259.0,2259.0,2259.0,2259.0,2259.0,2259.0,2259.0,2259.0,2259.0,2259.0,2259.0,2259.0,2259.0,2259.0,175.0,175.0,175.0,175.0,175.0,175.0,175.0,175.0,175.0,175.0,175.0,175.0,175.0,175.0,175.0,175.0,175.0,175.0
158,3048.0,3048.0,3048.0,3048.0,3048.0,3048.0,3025.0,3048.0,3048.0,3043.0,3048.0,2764.0,2764.0,1493.0,142.0,2480.0,527.0,3048.0,3048.0,3048.0,3048.0,3048.0,3048.0,3048.0,3048.0,3048.0,3048.0,3048.0,3048.0,3048.0,3048.0,3048.0,1816.0,1918.0,2115.0,1494.0,286.0,158.0,281.0,281.0,2763.0,2120.0,257.0,277.0,271.0,2601.0,2275.0,2275.0,2275.0,1404.0,1093.0,2384.0,1962.0,1962.0,1962.0,2120.0,2120.0,2120.0,2120.0,2120.0,2120.0,2120.0,2120.0,2120.0,2120.0,2120.0,2762.0,2762.0,2762.0,2762.0,2762.0,2762.0,2762.0,2762.0,2762.0,2762.0,2762.0,2762.0,2762.0,2762.0,2762.0,2762.0,2762.0,2762.0,2762.0,2762.0,2762.0,2762.0,2762.0,2114.0,2114.0,2114.0,2114.0,2114.0,2114.0,2114.0,2114.0,2114.0,2114.0,2114.0,2114.0,2114.0,2114.0,2114.0,2114.0,2114.0,2114.0,2786.0,2786.0,2786.0,2786.0,2786.0,2786.0,2786.0,2786.0,2786.0,2786.0,2786.0,2786.0,2786.0,2786.0,2786.0,2786.0,2786.0,2786.0,2786.0,2786.0,2786.0,2786.0,2600.0,2600.0,2600.0,2600.0,2600.0,2600.0,2600.0,2600.0,2600.0,2600.0,2600.0,2600.0,2600.0,2600.0,2600.0,2600.0,2600.0,2600.0,2600.0,2600.0,2973.0,2973.0,2973.0,2973.0,2973.0,2973.0,2973.0,2973.0,2973.0,2973.0,2973.0,2973.0,2973.0,2973.0,2973.0,2973.0,2973.0,2973.0,2973.0,2973.0,2973.0,2973.0,2973.0,2973.0,2973.0,2973.0,2973.0,2973.0,2973.0,2973.0,2973.0,2973.0,2973.0,2973.0,2973.0,2973.0,2973.0,2973.0,2973.0,2973.0,2973.0,2973.0,2973.0,274.0,274.0,274.0,274.0,274.0,274.0,274.0,274.0,274.0,274.0,274.0,274.0,274.0,274.0,274.0,274.0,274.0,274.0,274.0,274.0,274.0,274.0,274.0,274.0,274.0,274.0,274.0,274.0,274.0,531.0,531.0,531.0,531.0,531.0,531.0,531.0,531.0,531.0,531.0,531.0,531.0,531.0,531.0,531.0,531.0,531.0,531.0,531.0,531.0,531.0,531.0,531.0,531.0,531.0,531.0,531.0,531.0,531.0,531.0,531.0,531.0,531.0,531.0,531.0,531.0,531.0,531.0,531.0,531.0,531.0,531.0,531.0,531.0,531.0,531.0,531.0,531.0,531.0,531.0,504.0,504.0,504.0,543.0,543.0,543.0,504.0,504.0,504.0,504.0,543.0,504.0,504.0,504.0,504.0,504.0,504.0,543.0,504.0,504.0,504.0,543.0,543.0,504.0,504.0,504.0,504.0,504.0,543.0,504.0,504.0,504.0,504.0,543.0,543.0,504.0,504.0,504.0,543.0,543.0,504.0,504.0,543.0,504.0,504.0,504.0,504.0,504.0,504.0,504.0,504.0,504.0,504.0,543.0,543.0,543.0,504.0,504.0,504.0,504.0,504.0,504.0,3048.0,3048.0,3048.0,3048.0,3048.0,3048.0,3048.0,3048.0,3048.0,3048.0,3048.0,3048.0,3048.0,3048.0,3048.0,3048.0,3048.0,3048.0,3048.0,3048.0,3048.0,3048.0,3048.0,3048.0,3048.0,3048.0,3048.0,3048.0,3048.0,3048.0,3048.0,3048.0,3048.0,3048.0,3048.0,3048.0,3048.0,3048.0,3048.0,3048.0,3048.0,3048.0,3048.0,276.0,276.0,276.0,276.0,276.0,276.0,276.0,276.0,276.0,276.0,276.0,276.0,276.0,276.0,276.0,276.0,276.0,276.0
159,2845.0,2845.0,2845.0,2845.0,2845.0,2845.0,2557.0,2575.0,2575.0,2563.0,2575.0,2566.0,2566.0,1321.0,112.0,2358.0,540.0,2845.0,2845.0,2845.0,2845.0,2845.0,2845.0,2845.0,2845.0,2845.0,2845.0,2845.0,2845.0,2845.0,2845.0,2845.0,1625.0,1715.0,2176.0,1488.0,330.0,172.0,272.0,272.0,2602.0,2094.0,296.0,265.0,254.0,2605.0,2094.0,2094.0,2094.0,1468.0,1159.0,2210.0,1772.0,1772.0,1772.0,2094.0,2094.0,2094.0,2094.0,2094.0,2094.0,2094.0,2094.0,2094.0,2094.0,2094.0,2601.0,2601.0,2601.0,2601.0,2601.0,2601.0,2601.0,2601.0,2601.0,2601.0,2601.0,2601.0,2601.0,2601.0,2601.0,2601.0,2601.0,2601.0,2601.0,2601.0,2601.0,2601.0,2601.0,2176.0,2176.0,2176.0,2176.0,2176.0,2176.0,2176.0,2176.0,2176.0,2176.0,2176.0,2176.0,2176.0,2176.0,2176.0,2176.0,2176.0,2176.0,2586.0,2586.0,2586.0,2586.0,2586.0,2586.0,2586.0,2586.0,2586.0,2586.0,2586.0,2586.0,2586.0,2586.0,2586.0,2586.0,2586.0,2586.0,2586.0,2586.0,2586.0,2586.0,2604.0,2604.0,2604.0,2604.0,2604.0,2604.0,2604.0,2604.0,2604.0,2604.0,2604.0,2604.0,2604.0,2604.0,2604.0,2604.0,2604.0,2604.0,2604.0,2604.0,2845.0,2845.0,2845.0,2845.0,2845.0,2845.0,2845.0,2845.0,2845.0,2845.0,2845.0,2845.0,2845.0,2845.0,2845.0,2845.0,2845.0,2845.0,2845.0,2845.0,2845.0,2845.0,2845.0,2845.0,2845.0,2845.0,2845.0,2845.0,2845.0,2845.0,2845.0,2845.0,2845.0,2845.0,2845.0,2845.0,2845.0,2845.0,2845.0,2845.0,2845.0,2845.0,2845.0,273.0,273.0,273.0,273.0,273.0,273.0,273.0,273.0,273.0,273.0,273.0,273.0,273.0,273.0,273.0,273.0,273.0,273.0,273.0,273.0,273.0,273.0,273.0,273.0,273.0,273.0,273.0,273.0,273.0,515.0,515.0,515.0,515.0,515.0,515.0,515.0,515.0,515.0,515.0,515.0,515.0,515.0,515.0,515.0,515.0,515.0,515.0,515.0,515.0,515.0,515.0,515.0,515.0,515.0,515.0,515.0,515.0,515.0,515.0,515.0,515.0,515.0,515.0,515.0,515.0,515.0,515.0,515.0,515.0,515.0,515.0,515.0,515.0,515.0,515.0,515.0,515.0,515.0,515.0,476.0,476.0,476.0,525.0,525.0,525.0,476.0,476.0,476.0,476.0,525.0,476.0,476.0,476.0,476.0,476.0,476.0,525.0,476.0,476.0,476.0,525.0,525.0,476.0,476.0,476.0,476.0,476.0,525.0,476.0,476.0,476.0,476.0,525.0,525.0,476.0,476.0,476.0,525.0,525.0,476.0,476.0,525.0,476.0,476.0,476.0,476.0,476.0,476.0,476.0,476.0,476.0,476.0,525.0,525.0,525.0,476.0,476.0,476.0,476.0,476.0,476.0,2845.0,2845.0,2845.0,2845.0,2845.0,2845.0,2845.0,2845.0,2845.0,2845.0,2845.0,2845.0,2845.0,2845.0,2845.0,2845.0,2845.0,2845.0,2845.0,2845.0,2845.0,2845.0,2845.0,2845.0,2845.0,2845.0,2845.0,2845.0,2845.0,2845.0,2845.0,2845.0,2845.0,2845.0,2845.0,2845.0,2845.0,2845.0,2845.0,2845.0,2845.0,2845.0,2845.0,277.0,277.0,277.0,277.0,277.0,277.0,277.0,277.0,277.0,277.0,277.0,277.0,277.0,277.0,277.0,277.0,277.0,277.0
160,2878.0,2878.0,2878.0,2878.0,2878.0,2878.0,2383.0,2407.0,2407.0,2398.0,2407.0,2579.0,2579.0,1259.0,119.0,2376.0,644.0,2878.0,2878.0,2878.0,2878.0,2878.0,2878.0,2878.0,2878.0,2878.0,2878.0,2878.0,2878.0,2878.0,2878.0,2878.0,1576.0,1658.0,2150.0,1445.0,379.0,199.0,316.0,316.0,2583.0,2031.0,315.0,296.0,313.0,2585.0,2031.0,2031.0,2031.0,1537.0,1201.0,2125.0,1711.0,1711.0,1711.0,2031.0,2031.0,2031.0,2031.0,2031.0,2031.0,2031.0,2031.0,2031.0,2031.0,2031.0,2583.0,2583.0,2583.0,2583.0,2583.0,2583.0,2583.0,2583.0,2583.0,2583.0,2583.0,2583.0,2583.0,2583.0,2583.0,2583.0,2583.0,2583.0,2583.0,2583.0,2583.0,2583.0,2583.0,2150.0,2150.0,2150.0,2150.0,2150.0,2150.0,2150.0,2150.0,2150.0,2150.0,2150.0,2150.0,2150.0,2150.0,2150.0,2150.0,2150.0,2150.0,2563.0,2563.0,2563.0,2563.0,2563.0,2563.0,2563.0,2563.0,2563.0,2563.0,2563.0,2563.0,2563.0,2563.0,2563.0,2563.0,2563.0,2563.0,2563.0,2563.0,2563.0,2563.0,2585.0,2585.0,2585.0,2585.0,2585.0,2585.0,2585.0,2585.0,2585.0,2585.0,2585.0,2585.0,2585.0,2585.0,2585.0,2585.0,2585.0,2585.0,2585.0,2585.0,2878.0,2878.0,2878.0,2878.0,2878.0,2878.0,2878.0,2878.0,2878.0,2878.0,2878.0,2878.0,2878.0,2878.0,2878.0,2878.0,2878.0,2878.0,2878.0,2878.0,2878.0,2878.0,2878.0,2878.0,2878.0,2878.0,2878.0,2878.0,2878.0,2878.0,2878.0,2878.0,2878.0,2878.0,2878.0,2878.0,2878.0,2878.0,2878.0,2878.0,2878.0,2878.0,2878.0,340.0,340.0,340.0,340.0,340.0,340.0,340.0,340.0,340.0,340.0,340.0,340.0,340.0,340.0,340.0,340.0,340.0,340.0,340.0,340.0,340.0,340.0,340.0,340.0,340.0,340.0,340.0,340.0,340.0,610.0,610.0,610.0,610.0,610.0,610.0,610.0,610.0,610.0,610.0,610.0,610.0,610.0,610.0,610.0,610.0,610.0,610.0,610.0,610.0,610.0,610.0,610.0,610.0,610.0,610.0,610.0,610.0,610.0,610.0,610.0,610.0,610.0,610.0,610.0,610.0,610.0,610.0,610.0,610.0,610.0,610.0,610.0,610.0,610.0,610.0,610.0,610.0,610.0,610.0,568.0,568.0,568.0,617.0,617.0,617.0,568.0,568.0,568.0,568.0,617.0,568.0,568.0,568.0,568.0,568.0,568.0,617.0,568.0,568.0,568.0,617.0,617.0,568.0,568.0,568.0,568.0,568.0,617.0,568.0,568.0,568.0,568.0,617.0,617.0,568.0,568.0,568.0,617.0,617.0,568.0,568.0,617.0,568.0,568.0,568.0,568.0,568.0,568.0,568.0,568.0,568.0,568.0,617.0,617.0,617.0,568.0,568.0,568.0,568.0,568.0,568.0,2878.0,2878.0,2878.0,2878.0,2878.0,2878.0,2878.0,2878.0,2878.0,2878.0,2878.0,2878.0,2878.0,2878.0,2878.0,2878.0,2878.0,2878.0,2878.0,2878.0,2878.0,2878.0,2878.0,2878.0,2878.0,2878.0,2878.0,2878.0,2878.0,2878.0,2878.0,2878.0,2878.0,2878.0,2878.0,2878.0,2878.0,2878.0,2878.0,2878.0,2878.0,2878.0,2878.0,346.0,346.0,346.0,346.0,346.0,346.0,346.0,346.0,346.0,346.0,346.0,346.0,346.0,346.0,346.0,346.0,346.0,346.0
161,2854.0,2854.0,2854.0,2854.0,2854.0,2854.0,2817.0,2854.0,2852.0,2841.0,2854.0,2479.0,2479.0,1212.0,144.0,2422.0,671.0,2854.0,2854.0,2854.0,2854.0,2854.0,2854.0,2854.0,2854.0,2854.0,2854.0,2854.0,2854.0,2854.0,2854.0,2854.0,1529.0,1654.0,2193.0,1505.0,421.0,252.0,359.0,359.0,2592.0,2027.0,374.0,355.0,345.0,2585.0,2027.0,2027.0,2027.0,1654.0,1267.0,2098.0,1759.0,1759.0,1759.0,2027.0,2027.0,2027.0,2027.0,2027.0,2027.0,2027.0,2027.0,2027.0,2027.0,2027.0,2591.0,2591.0,2591.0,2591.0,2591.0,2591.0,2591.0,2591.0,2591.0,2591.0,2591.0,2591.0,2591.0,2591.0,2591.0,2591.0,2591.0,2591.0,2591.0,2591.0,2591.0,2591.0,2591.0,2192.0,2192.0,2192.0,2192.0,2192.0,2192.0,2192.0,2192.0,2192.0,2192.0,2192.0,2192.0,2192.0,2192.0,2192.0,2192.0,2192.0,2192.0,2566.0,2566.0,2566.0,2566.0,2566.0,2566.0,2566.0,2566.0,2566.0,2566.0,2566.0,2566.0,2566.0,2566.0,2566.0,2566.0,2566.0,2566.0,2566.0,2566.0,2566.0,2566.0,2584.0,2584.0,2584.0,2584.0,2584.0,2584.0,2584.0,2584.0,2584.0,2584.0,2584.0,2584.0,2584.0,2584.0,2584.0,2584.0,2584.0,2584.0,2584.0,2584.0,2854.0,2854.0,2854.0,2854.0,2854.0,2854.0,2854.0,2854.0,2854.0,2854.0,2854.0,2854.0,2854.0,2854.0,2854.0,2854.0,2854.0,2854.0,2854.0,2854.0,2854.0,2854.0,2854.0,2854.0,2854.0,2854.0,2854.0,2854.0,2854.0,2854.0,2854.0,2854.0,2854.0,2854.0,2854.0,2854.0,2854.0,2854.0,2854.0,2854.0,2854.0,2854.0,2854.0,310.0,310.0,310.0,310.0,310.0,310.0,310.0,310.0,310.0,310.0,310.0,310.0,310.0,310.0,310.0,310.0,310.0,310.0,310.0,310.0,310.0,310.0,310.0,310.0,310.0,310.0,310.0,310.0,310.0,639.0,639.0,639.0,639.0,639.0,639.0,639.0,639.0,639.0,639.0,639.0,639.0,639.0,639.0,639.0,639.0,639.0,639.0,639.0,639.0,639.0,639.0,639.0,639.0,639.0,639.0,639.0,639.0,639.0,639.0,639.0,639.0,639.0,639.0,639.0,639.0,639.0,639.0,639.0,639.0,639.0,639.0,639.0,639.0,639.0,639.0,639.0,639.0,639.0,639.0,580.0,580.0,580.0,647.0,647.0,647.0,580.0,580.0,580.0,580.0,647.0,580.0,580.0,580.0,580.0,580.0,580.0,647.0,580.0,580.0,580.0,647.0,647.0,580.0,580.0,580.0,580.0,580.0,647.0,580.0,580.0,580.0,580.0,647.0,647.0,580.0,580.0,580.0,647.0,647.0,580.0,580.0,647.0,580.0,580.0,580.0,580.0,580.0,580.0,580.0,580.0,580.0,580.0,647.0,647.0,647.0,580.0,580.0,580.0,580.0,580.0,580.0,2854.0,2854.0,2854.0,2854.0,2854.0,2854.0,2854.0,2854.0,2854.0,2854.0,2854.0,2854.0,2854.0,2854.0,2854.0,2854.0,2854.0,2854.0,2854.0,2854.0,2854.0,2854.0,2854.0,2854.0,2854.0,2854.0,2854.0,2854.0,2854.0,2854.0,2854.0,2854.0,2854.0,2854.0,2854.0,2854.0,2854.0,2854.0,2854.0,2854.0,2854.0,2854.0,2854.0,310.0,310.0,310.0,310.0,310.0,310.0,310.0,310.0,310.0,310.0,310.0,310.0,310.0,310.0,310.0,310.0,310.0,310.0
162,3233.0,3233.0,3233.0,3233.0,3233.0,3233.0,3209.0,3233.0,3233.0,3223.0,3233.0,2791.0,2791.0,1326.0,202.0,2775.0,845.0,3233.0,3233.0,3233.0,3233.0,3233.0,3233.0,3233.0,3233.0,3233.0,3233.0,3233.0,3233.0,3233.0,3233.0,3233.0,1672.0,1845.0,2464.0,1663.0,499.0,298.0,452.0,452.0,2878.0,2187.0,446.0,443.0,420.0,2889.0,2186.0,2186.0,2186.0,1850.0,1386.0,2278.0,1850.0,1850.0,1850.0,2187.0,2187.0,2187.0,2187.0,2187.0,2187.0,2187.0,2187.0,2187.0,2187.0,2187.0,2878.0,2878.0,2878.0,2878.0,2878.0,2878.0,2878.0,2878.0,2878.0,2878.0,2878.0,2878.0,2878.0,2878.0,2878.0,2878.0,2878.0,2878.0,2878.0,2878.0,2878.0,2878.0,2878.0,2464.0,2464.0,2464.0,2464.0,2464.0,2464.0,2464.0,2464.0,2464.0,2464.0,2464.0,2464.0,2464.0,2464.0,2464.0,2464.0,2464.0,2464.0,2864.0,2864.0,2864.0,2864.0,2864.0,2864.0,2864.0,2864.0,2864.0,2864.0,2864.0,2864.0,2864.0,2864.0,2864.0,2864.0,2864.0,2864.0,2864.0,2864.0,2864.0,2864.0,2889.0,2889.0,2889.0,2889.0,2889.0,2889.0,2889.0,2889.0,2889.0,2889.0,2889.0,2889.0,2889.0,2889.0,2889.0,2889.0,2889.0,2889.0,2889.0,2889.0,3233.0,3233.0,3233.0,3233.0,3233.0,3233.0,3233.0,3233.0,3233.0,3233.0,3233.0,3233.0,3233.0,3233.0,3233.0,3233.0,3233.0,3233.0,3233.0,3233.0,3233.0,3233.0,3233.0,3233.0,3233.0,3233.0,3233.0,3233.0,3233.0,3233.0,3233.0,3233.0,3233.0,3233.0,3233.0,3233.0,3233.0,3233.0,3233.0,3233.0,3233.0,3233.0,3233.0,410.0,410.0,410.0,410.0,410.0,410.0,410.0,410.0,410.0,410.0,410.0,410.0,410.0,410.0,410.0,410.0,410.0,410.0,410.0,410.0,410.0,410.0,410.0,410.0,410.0,410.0,410.0,410.0,410.0,804.0,804.0,804.0,804.0,804.0,804.0,804.0,804.0,804.0,804.0,804.0,804.0,804.0,804.0,804.0,804.0,804.0,804.0,804.0,804.0,804.0,804.0,804.0,804.0,804.0,804.0,804.0,804.0,804.0,804.0,804.0,804.0,804.0,804.0,804.0,804.0,804.0,804.0,804.0,804.0,804.0,804.0,804.0,804.0,804.0,804.0,804.0,804.0,804.0,804.0,739.0,739.0,739.0,819.0,819.0,819.0,739.0,739.0,739.0,739.0,819.0,739.0,739.0,739.0,739.0,739.0,739.0,819.0,739.0,739.0,739.0,819.0,819.0,739.0,739.0,739.0,739.0,739.0,819.0,739.0,739.0,739.0,739.0,819.0,819.0,739.0,739.0,739.0,819.0,819.0,739.0,739.0,819.0,739.0,739.0,739.0,739.0,739.0,739.0,739.0,739.0,739.0,739.0,819.0,819.0,819.0,739.0,739.0,739.0,739.0,739.0,739.0,3233.0,3233.0,3233.0,3233.0,3233.0,3233.0,3233.0,3233.0,3233.0,3233.0,3233.0,3233.0,3233.0,3233.0,3233.0,3233.0,3233.0,3233.0,3233.0,3233.0,3233.0,3233.0,3233.0,3233.0,3233.0,3233.0,3233.0,3233.0,3233.0,3233.0,3233.0,3233.0,3233.0,3233.0,3233.0,3233.0,3233.0,3233.0,3233.0,3233.0,3233.0,3233.0,3233.0,412.0,412.0,412.0,412.0,412.0,412.0,412.0,412.0,412.0,412.0,412.0,412.0,412.0,412.0,412.0,412.0,412.0,412.0
163,2880.0,2880.0,2880.0,2880.0,2880.0,2880.0,2837.0,2880.0,2880.0,2868.0,2879.0,2469.0,2469.0,1114.0,222.0,2493.0,872.0,2880.0,2880.0,2880.0,2880.0,2880.0,2880.0,2880.0,2880.0,2880.0,2880.0,2880.0,2880.0,2880.0,2880.0,2880.0,1437.0,1576.0,2101.0,1431.0,445.0,274.0,456.0,456.0,2451.0,1872.0,410.0,397.0,397.0,2447.0,1871.0,1871.0,1871.0,1694.0,1256.0,1934.0,1604.0,1604.0,1604.0,1872.0,1872.0,1872.0,1872.0,1872.0,1872.0,1872.0,1872.0,1872.0,1872.0,1872.0,2451.0,2451.0,2451.0,2451.0,2451.0,2451.0,2451.0,2451.0,2451.0,2451.0,2451.0,2451.0,2451.0,2451.0,2451.0,2451.0,2451.0,2451.0,2451.0,2451.0,2451.0,2451.0,2451.0,2100.0,2100.0,2100.0,2100.0,2100.0,2100.0,2100.0,2100.0,2100.0,2100.0,2100.0,2100.0,2100.0,2100.0,2100.0,2100.0,2100.0,2100.0,2420.0,2420.0,2420.0,2420.0,2420.0,2420.0,2420.0,2420.0,2420.0,2420.0,2420.0,2420.0,2420.0,2420.0,2420.0,2420.0,2420.0,2420.0,2420.0,2420.0,2420.0,2420.0,2446.0,2446.0,2446.0,2446.0,2446.0,2446.0,2446.0,2446.0,2446.0,2446.0,2446.0,2446.0,2446.0,2446.0,2446.0,2446.0,2446.0,2446.0,2446.0,2446.0,2880.0,2880.0,2880.0,2880.0,2880.0,2880.0,2880.0,2880.0,2880.0,2880.0,2880.0,2880.0,2880.0,2880.0,2880.0,2880.0,2880.0,2880.0,2880.0,2880.0,2880.0,2880.0,2880.0,2880.0,2880.0,2880.0,2880.0,2880.0,2880.0,2880.0,2880.0,2880.0,2880.0,2880.0,2880.0,2880.0,2880.0,2880.0,2880.0,2880.0,2880.0,2880.0,2880.0,472.0,472.0,472.0,472.0,472.0,472.0,472.0,472.0,472.0,472.0,472.0,472.0,472.0,472.0,472.0,472.0,472.0,472.0,472.0,472.0,472.0,472.0,472.0,472.0,472.0,472.0,472.0,472.0,472.0,840.0,840.0,840.0,840.0,840.0,840.0,840.0,840.0,840.0,840.0,840.0,840.0,840.0,840.0,840.0,840.0,840.0,840.0,840.0,840.0,840.0,840.0,840.0,840.0,840.0,840.0,840.0,840.0,840.0,840.0,840.0,840.0,840.0,840.0,840.0,840.0,840.0,840.0,840.0,840.0,840.0,840.0,840.0,840.0,840.0,840.0,840.0,840.0,840.0,840.0,781.0,781.0,781.0,855.0,855.0,855.0,781.0,781.0,781.0,781.0,855.0,781.0,781.0,781.0,781.0,781.0,781.0,855.0,781.0,781.0,781.0,855.0,855.0,781.0,781.0,781.0,781.0,781.0,855.0,781.0,781.0,781.0,781.0,855.0,855.0,781.0,781.0,781.0,855.0,855.0,781.0,781.0,855.0,781.0,781.0,781.0,781.0,781.0,781.0,781.0,781.0,781.0,781.0,855.0,855.0,855.0,781.0,781.0,781.0,781.0,781.0,781.0,2880.0,2880.0,2880.0,2880.0,2880.0,2880.0,2880.0,2880.0,2880.0,2880.0,2880.0,2880.0,2880.0,2880.0,2880.0,2880.0,2880.0,2880.0,2880.0,2880.0,2880.0,2880.0,2880.0,2880.0,2880.0,2880.0,2880.0,2880.0,2880.0,2880.0,2880.0,2880.0,2880.0,2880.0,2880.0,2880.0,2880.0,2880.0,2880.0,2880.0,2880.0,2880.0,2880.0,472.0,472.0,472.0,472.0,472.0,472.0,472.0,472.0,472.0,472.0,472.0,472.0,472.0,472.0,472.0,472.0,472.0,472.0
164,2988.0,2988.0,2988.0,2988.0,2988.0,2988.0,2972.0,2988.0,2988.0,2982.0,2988.0,2678.0,2678.0,1060.0,277.0,2312.0,1226.0,2988.0,2988.0,2988.0,2988.0,2988.0,2988.0,2988.0,2988.0,2988.0,2988.0,2988.0,2988.0,2988.0,2988.0,2988.0,1697.0,1733.0,1804.0,1254.0,691.0,520.0,709.0,709.0,2442.0,1648.0,317.0,589.0,573.0,2210.0,1648.0,1648.0,1648.0,1348.0,1016.0,1695.0,1391.0,1391.0,1391.0,1648.0,1648.0,1648.0,1648.0,1648.0,1648.0,1648.0,1648.0,1648.0,1648.0,1648.0,2442.0,2442.0,2442.0,2442.0,2442.0,2442.0,2442.0,2442.0,2442.0,2442.0,2442.0,2442.0,2442.0,2442.0,2442.0,2442.0,2442.0,2442.0,2442.0,2442.0,2442.0,2442.0,2442.0,1804.0,1804.0,1804.0,1804.0,1804.0,1804.0,1804.0,1804.0,1804.0,1804.0,1804.0,1804.0,1804.0,1804.0,1804.0,1804.0,1804.0,1804.0,2424.0,2424.0,2424.0,2424.0,2424.0,2424.0,2424.0,2424.0,2424.0,2424.0,2424.0,2424.0,2424.0,2424.0,2424.0,2424.0,2424.0,2424.0,2424.0,2424.0,2424.0,2424.0,2210.0,2210.0,2210.0,2210.0,2210.0,2210.0,2210.0,2210.0,2210.0,2210.0,2210.0,2210.0,2210.0,2210.0,2210.0,2210.0,2210.0,2210.0,2210.0,2210.0,2988.0,2988.0,2988.0,2988.0,2988.0,2988.0,2988.0,2988.0,2988.0,2988.0,2988.0,2988.0,2988.0,2988.0,2988.0,2988.0,2988.0,2988.0,2988.0,2988.0,2988.0,2988.0,2988.0,2988.0,2988.0,2988.0,2988.0,2988.0,2988.0,2988.0,2988.0,2988.0,2988.0,2988.0,2988.0,2988.0,2988.0,2988.0,2988.0,2988.0,2988.0,2988.0,2988.0,914.0,914.0,914.0,914.0,914.0,914.0,914.0,914.0,914.0,914.0,914.0,914.0,914.0,914.0,914.0,914.0,914.0,914.0,914.0,914.0,914.0,914.0,914.0,914.0,914.0,914.0,914.0,914.0,914.0,1193.0,1193.0,1193.0,1193.0,1193.0,1193.0,1193.0,1193.0,1193.0,1193.0,1193.0,1193.0,1193.0,1193.0,1193.0,1193.0,1193.0,1193.0,1193.0,1193.0,1193.0,1193.0,1193.0,1193.0,1193.0,1193.0,1193.0,1193.0,1193.0,1193.0,1193.0,1193.0,1193.0,1193.0,1193.0,1193.0,1193.0,1193.0,1193.0,1193.0,1193.0,1193.0,1193.0,1193.0,1193.0,1193.0,1193.0,1193.0,1193.0,1193.0,1147.0,1147.0,1147.0,1207.0,1207.0,1207.0,1147.0,1147.0,1147.0,1147.0,1207.0,1147.0,1147.0,1147.0,1147.0,1147.0,1147.0,1207.0,1147.0,1147.0,1147.0,1207.0,1207.0,1147.0,1147.0,1147.0,1147.0,1147.0,1207.0,1147.0,1147.0,1147.0,1147.0,1207.0,1207.0,1147.0,1147.0,1147.0,1207.0,1207.0,1147.0,1147.0,1207.0,1147.0,1147.0,1147.0,1147.0,1147.0,1147.0,1147.0,1147.0,1147.0,1147.0,1207.0,1207.0,1207.0,1147.0,1147.0,1147.0,1147.0,1147.0,1147.0,2988.0,2988.0,2988.0,2988.0,2988.0,2988.0,2988.0,2988.0,2988.0,2988.0,2988.0,2988.0,2988.0,2988.0,2988.0,2988.0,2988.0,2988.0,2988.0,2988.0,2988.0,2988.0,2988.0,2988.0,2988.0,2988.0,2988.0,2988.0,2988.0,2988.0,2988.0,2988.0,2988.0,2988.0,2988.0,2988.0,2988.0,2988.0,2988.0,2988.0,2988.0,2988.0,2988.0,914.0,914.0,914.0,914.0,914.0,914.0,914.0,914.0,914.0,914.0,914.0,914.0,914.0,914.0,914.0,914.0,914.0,914.0
165,3038.0,3038.0,3038.0,3038.0,3038.0,3038.0,3021.0,3038.0,3038.0,3031.0,3038.0,2646.0,2646.0,1334.0,190.0,2484.0,673.0,3038.0,3038.0,3038.0,3038.0,3038.0,3038.0,3038.0,3038.0,3038.0,3038.0,3038.0,3038.0,3038.0,3038.0,3038.0,1841.0,1936.0,2309.0,1645.0,478.0,312.0,384.0,384.0,2824.0,2107.0,410.0,418.0,376.0,2791.0,2106.0,2106.0,2106.0,1499.0,1080.0,2255.0,1811.0,1811.0,1811.0,2107.0,2107.0,2107.0,2107.0,2107.0,2107.0,2107.0,2107.0,2107.0,2107.0,2107.0,2824.0,2824.0,2824.0,2824.0,2824.0,2824.0,2824.0,2824.0,2824.0,2824.0,2824.0,2824.0,2824.0,2824.0,2824.0,2824.0,2824.0,2824.0,2824.0,2824.0,2824.0,2824.0,2824.0,2309.0,2309.0,2309.0,2309.0,2309.0,2309.0,2309.0,2309.0,2309.0,2309.0,2309.0,2309.0,2309.0,2309.0,2309.0,2309.0,2309.0,2309.0,2800.0,2800.0,2800.0,2800.0,2800.0,2800.0,2800.0,2800.0,2800.0,2800.0,2800.0,2800.0,2800.0,2800.0,2800.0,2800.0,2800.0,2800.0,2800.0,2800.0,2800.0,2800.0,2791.0,2791.0,2791.0,2791.0,2791.0,2791.0,2791.0,2791.0,2791.0,2791.0,2791.0,2791.0,2791.0,2791.0,2791.0,2791.0,2791.0,2791.0,2791.0,2791.0,3038.0,3038.0,3038.0,3038.0,3038.0,3038.0,3038.0,3038.0,3038.0,3038.0,3038.0,3038.0,3038.0,3038.0,3038.0,3038.0,3038.0,3038.0,3038.0,3038.0,3038.0,3038.0,3038.0,3038.0,3038.0,3038.0,3038.0,3038.0,3038.0,3038.0,3038.0,3038.0,3038.0,3038.0,3038.0,3038.0,3038.0,3038.0,3038.0,3038.0,3038.0,3038.0,3038.0,290.0,290.0,290.0,290.0,290.0,290.0,290.0,290.0,290.0,290.0,290.0,290.0,290.0,290.0,290.0,290.0,290.0,290.0,290.0,290.0,290.0,290.0,290.0,290.0,290.0,290.0,290.0,290.0,290.0,661.0,661.0,661.0,661.0,661.0,661.0,661.0,661.0,661.0,661.0,661.0,661.0,661.0,661.0,661.0,661.0,661.0,661.0,661.0,661.0,661.0,661.0,661.0,661.0,661.0,661.0,661.0,661.0,661.0,661.0,661.0,661.0,661.0,661.0,661.0,661.0,661.0,661.0,661.0,661.0,661.0,661.0,661.0,661.0,661.0,661.0,661.0,661.0,661.0,661.0,584.0,584.0,584.0,670.0,670.0,670.0,584.0,584.0,584.0,584.0,670.0,584.0,584.0,584.0,584.0,584.0,584.0,670.0,584.0,584.0,584.0,670.0,670.0,584.0,584.0,584.0,584.0,584.0,670.0,584.0,584.0,584.0,584.0,670.0,670.0,584.0,584.0,584.0,670.0,670.0,584.0,584.0,670.0,584.0,584.0,584.0,584.0,584.0,584.0,584.0,584.0,584.0,584.0,670.0,670.0,670.0,584.0,584.0,584.0,584.0,584.0,584.0,3038.0,3038.0,3038.0,3038.0,3038.0,3038.0,3038.0,3038.0,3038.0,3038.0,3038.0,3038.0,3038.0,3038.0,3038.0,3038.0,3038.0,3038.0,3038.0,3038.0,3038.0,3038.0,3038.0,3038.0,3038.0,3038.0,3038.0,3038.0,3038.0,3038.0,3038.0,3038.0,3038.0,3038.0,3038.0,3038.0,3038.0,3038.0,3038.0,3038.0,3038.0,3038.0,3038.0,292.0,292.0,292.0,292.0,292.0,292.0,292.0,292.0,292.0,292.0,292.0,292.0,292.0,292.0,292.0,292.0,292.0,292.0
166,2931.0,2931.0,2931.0,2931.0,2931.0,2931.0,2902.0,2931.0,2931.0,2925.0,2931.0,2621.0,2621.0,1316.0,112.0,2401.0,602.0,2931.0,2931.0,2931.0,2931.0,2931.0,2931.0,2931.0,2931.0,2931.0,2931.0,2931.0,2931.0,2931.0,2931.0,2931.0,1685.0,1787.0,2229.0,1555.0,386.0,241.0,345.0,345.0,2695.0,2057.0,322.0,338.0,324.0,2669.0,2057.0,2057.0,2057.0,1515.0,1177.0,2229.0,1752.0,1752.0,1752.0,2057.0,2057.0,2057.0,2057.0,2057.0,2057.0,2057.0,2057.0,2057.0,2057.0,2057.0,2695.0,2695.0,2695.0,2695.0,2695.0,2695.0,2695.0,2695.0,2695.0,2695.0,2695.0,2695.0,2695.0,2695.0,2695.0,2695.0,2695.0,2695.0,2695.0,2695.0,2695.0,2695.0,2695.0,2229.0,2229.0,2229.0,2229.0,2229.0,2229.0,2229.0,2229.0,2229.0,2229.0,2229.0,2229.0,2229.0,2229.0,2229.0,2229.0,2229.0,2229.0,2687.0,2687.0,2687.0,2687.0,2687.0,2687.0,2687.0,2687.0,2687.0,2687.0,2687.0,2687.0,2687.0,2687.0,2687.0,2687.0,2687.0,2687.0,2687.0,2687.0,2687.0,2687.0,2665.0,2665.0,2665.0,2665.0,2665.0,2665.0,2665.0,2665.0,2665.0,2665.0,2665.0,2665.0,2665.0,2665.0,2665.0,2665.0,2665.0,2665.0,2665.0,2665.0,2931.0,2931.0,2931.0,2931.0,2931.0,2931.0,2931.0,2931.0,2931.0,2931.0,2931.0,2931.0,2931.0,2931.0,2931.0,2931.0,2931.0,2931.0,2931.0,2931.0,2931.0,2931.0,2931.0,2931.0,2931.0,2931.0,2931.0,2931.0,2931.0,2931.0,2931.0,2931.0,2931.0,2931.0,2931.0,2931.0,2931.0,2931.0,2931.0,2931.0,2931.0,2931.0,2931.0,301.0,301.0,301.0,301.0,301.0,301.0,301.0,301.0,301.0,301.0,301.0,301.0,301.0,301.0,301.0,301.0,301.0,301.0,301.0,301.0,301.0,301.0,301.0,301.0,301.0,301.0,301.0,301.0,301.0,592.0,592.0,592.0,592.0,592.0,592.0,592.0,592.0,592.0,592.0,592.0,592.0,592.0,592.0,592.0,592.0,592.0,592.0,592.0,592.0,592.0,592.0,592.0,592.0,592.0,592.0,592.0,592.0,592.0,592.0,592.0,592.0,592.0,592.0,592.0,592.0,592.0,592.0,592.0,592.0,592.0,592.0,592.0,592.0,592.0,592.0,592.0,592.0,592.0,592.0,515.0,515.0,515.0,596.0,596.0,596.0,515.0,515.0,515.0,515.0,596.0,515.0,515.0,515.0,515.0,515.0,515.0,596.0,515.0,515.0,515.0,596.0,596.0,515.0,515.0,515.0,515.0,515.0,596.0,515.0,515.0,515.0,515.0,596.0,596.0,515.0,515.0,515.0,596.0,596.0,515.0,515.0,596.0,515.0,515.0,515.0,515.0,515.0,515.0,515.0,515.0,515.0,515.0,596.0,596.0,596.0,515.0,515.0,515.0,515.0,515.0,515.0,2931.0,2931.0,2931.0,2931.0,2931.0,2931.0,2931.0,2931.0,2931.0,2931.0,2931.0,2931.0,2931.0,2931.0,2931.0,2931.0,2931.0,2931.0,2931.0,2931.0,2931.0,2931.0,2931.0,2931.0,2931.0,2931.0,2931.0,2931.0,2931.0,2931.0,2931.0,2931.0,2931.0,2931.0,2931.0,2931.0,2931.0,2931.0,2931.0,2931.0,2931.0,2931.0,2931.0,304.0,304.0,304.0,304.0,304.0,304.0,304.0,304.0,304.0,304.0,304.0,304.0,304.0,304.0,304.0,304.0,304.0,304.0
167,3020.0,3020.0,3020.0,3020.0,3020.0,3020.0,2985.0,3020.0,3020.0,3015.0,3020.0,2657.0,2657.0,1315.0,164.0,2509.0,621.0,3020.0,3020.0,3020.0,3020.0,3020.0,3020.0,3020.0,3020.0,3020.0,3020.0,3020.0,3020.0,3020.0,3020.0,3020.0,1749.0,1865.0,2330.0,1615.0,398.0,226.0,350.0,350.0,2803.0,2113.0,369.0,359.0,358.0,2793.0,2113.0,2113.0,2113.0,1678.0,1290.0,2320.0,1774.0,1774.0,1774.0,2113.0,2113.0,2113.0,2113.0,2113.0,2113.0,2113.0,2113.0,2113.0,2113.0,2113.0,2802.0,2802.0,2802.0,2802.0,2802.0,2802.0,2802.0,2802.0,2802.0,2802.0,2802.0,2802.0,2802.0,2802.0,2802.0,2802.0,2802.0,2802.0,2802.0,2802.0,2802.0,2802.0,2802.0,2330.0,2330.0,2330.0,2330.0,2330.0,2330.0,2330.0,2330.0,2330.0,2330.0,2330.0,2330.0,2330.0,2330.0,2330.0,2330.0,2330.0,2330.0,2780.0,2780.0,2780.0,2780.0,2780.0,2780.0,2780.0,2780.0,2780.0,2780.0,2780.0,2780.0,2780.0,2780.0,2780.0,2780.0,2780.0,2780.0,2780.0,2780.0,2780.0,2780.0,2792.0,2792.0,2792.0,2792.0,2792.0,2792.0,2792.0,2792.0,2792.0,2792.0,2792.0,2792.0,2792.0,2792.0,2792.0,2792.0,2792.0,2792.0,2792.0,2792.0,3020.0,3020.0,3020.0,3020.0,3020.0,3020.0,3020.0,3020.0,3020.0,3020.0,3020.0,3020.0,3020.0,3020.0,3020.0,3020.0,3020.0,3020.0,3020.0,3020.0,3020.0,3020.0,3020.0,3020.0,3020.0,3020.0,3020.0,3020.0,3020.0,3020.0,3020.0,3020.0,3020.0,3020.0,3020.0,3020.0,3020.0,3020.0,3020.0,3020.0,3020.0,3020.0,3020.0,264.0,264.0,264.0,264.0,264.0,264.0,264.0,264.0,264.0,264.0,264.0,264.0,264.0,264.0,264.0,264.0,264.0,264.0,264.0,264.0,264.0,264.0,264.0,264.0,264.0,264.0,264.0,264.0,264.0,601.0,601.0,601.0,601.0,601.0,601.0,601.0,601.0,601.0,601.0,601.0,601.0,601.0,601.0,601.0,601.0,601.0,601.0,601.0,601.0,601.0,601.0,601.0,601.0,601.0,601.0,601.0,601.0,601.0,601.0,601.0,601.0,601.0,601.0,601.0,601.0,601.0,601.0,601.0,601.0,601.0,601.0,601.0,601.0,601.0,601.0,601.0,601.0,601.0,601.0,560.0,560.0,560.0,611.0,611.0,611.0,560.0,560.0,560.0,560.0,611.0,560.0,560.0,560.0,560.0,560.0,560.0,611.0,560.0,560.0,560.0,611.0,611.0,560.0,560.0,560.0,560.0,560.0,611.0,560.0,560.0,560.0,560.0,611.0,611.0,560.0,560.0,560.0,611.0,611.0,560.0,560.0,611.0,560.0,560.0,560.0,560.0,560.0,560.0,560.0,560.0,560.0,560.0,611.0,611.0,611.0,560.0,560.0,560.0,560.0,560.0,560.0,3020.0,3020.0,3020.0,3020.0,3020.0,3020.0,3020.0,3020.0,3020.0,3020.0,3020.0,3020.0,3020.0,3020.0,3020.0,3020.0,3020.0,3020.0,3020.0,3020.0,3020.0,3020.0,3020.0,3020.0,3020.0,3020.0,3020.0,3020.0,3020.0,3020.0,3020.0,3020.0,3020.0,3020.0,3020.0,3020.0,3020.0,3020.0,3020.0,3020.0,3020.0,3020.0,3020.0,268.0,268.0,268.0,268.0,268.0,268.0,268.0,268.0,268.0,268.0,268.0,268.0,268.0,268.0,268.0,268.0,268.0,268.0
168,2948.0,2948.0,2948.0,2948.0,2948.0,2948.0,2914.0,2948.0,2948.0,2935.0,2948.0,2551.0,2551.0,1281.0,166.0,2455.0,636.0,2948.0,2948.0,2948.0,2948.0,2948.0,2948.0,2948.0,2948.0,2948.0,2948.0,2948.0,2948.0,2948.0,2948.0,2948.0,1654.0,1766.0,2288.0,1519.0,438.0,237.0,346.0,346.0,2735.0,2094.0,402.0,389.0,362.0,2730.0,2094.0,2094.0,2094.0,1763.0,1348.0,2200.0,1759.0,1759.0,1759.0,2094.0,2094.0,2094.0,2094.0,2094.0,2094.0,2094.0,2094.0,2094.0,2094.0,2094.0,2734.0,2734.0,2734.0,2734.0,2734.0,2734.0,2734.0,2734.0,2734.0,2734.0,2734.0,2734.0,2734.0,2734.0,2734.0,2734.0,2734.0,2734.0,2734.0,2734.0,2734.0,2734.0,2734.0,2288.0,2288.0,2288.0,2288.0,2288.0,2288.0,2288.0,2288.0,2288.0,2288.0,2288.0,2288.0,2288.0,2288.0,2288.0,2288.0,2288.0,2288.0,2718.0,2718.0,2718.0,2718.0,2718.0,2718.0,2718.0,2718.0,2718.0,2718.0,2718.0,2718.0,2718.0,2718.0,2718.0,2718.0,2718.0,2718.0,2718.0,2718.0,2718.0,2718.0,2730.0,2730.0,2730.0,2730.0,2730.0,2730.0,2730.0,2730.0,2730.0,2730.0,2730.0,2730.0,2730.0,2730.0,2730.0,2730.0,2730.0,2730.0,2730.0,2730.0,2948.0,2948.0,2948.0,2948.0,2948.0,2948.0,2948.0,2948.0,2948.0,2948.0,2948.0,2948.0,2948.0,2948.0,2948.0,2948.0,2948.0,2948.0,2948.0,2948.0,2948.0,2948.0,2948.0,2948.0,2948.0,2948.0,2948.0,2948.0,2948.0,2948.0,2948.0,2948.0,2948.0,2948.0,2948.0,2948.0,2948.0,2948.0,2948.0,2948.0,2948.0,2948.0,2948.0,252.0,252.0,252.0,252.0,252.0,252.0,252.0,252.0,252.0,252.0,252.0,252.0,252.0,252.0,252.0,252.0,252.0,252.0,252.0,252.0,252.0,252.0,252.0,252.0,252.0,252.0,252.0,252.0,252.0,621.0,621.0,621.0,621.0,621.0,621.0,621.0,621.0,621.0,621.0,621.0,621.0,621.0,621.0,621.0,621.0,621.0,621.0,621.0,621.0,621.0,621.0,621.0,621.0,621.0,621.0,621.0,621.0,621.0,621.0,621.0,621.0,621.0,621.0,621.0,621.0,621.0,621.0,621.0,621.0,621.0,621.0,621.0,621.0,621.0,621.0,621.0,621.0,621.0,621.0,568.0,568.0,568.0,634.0,634.0,634.0,568.0,568.0,568.0,568.0,634.0,568.0,568.0,568.0,568.0,568.0,568.0,634.0,568.0,568.0,568.0,634.0,634.0,568.0,568.0,568.0,568.0,568.0,634.0,568.0,568.0,568.0,568.0,634.0,634.0,568.0,568.0,568.0,634.0,634.0,568.0,568.0,634.0,568.0,568.0,568.0,568.0,568.0,568.0,568.0,568.0,568.0,568.0,634.0,634.0,634.0,568.0,568.0,568.0,568.0,568.0,568.0,2948.0,2948.0,2948.0,2948.0,2948.0,2948.0,2948.0,2948.0,2948.0,2948.0,2948.0,2948.0,2948.0,2948.0,2948.0,2948.0,2948.0,2948.0,2948.0,2948.0,2948.0,2948.0,2948.0,2948.0,2948.0,2948.0,2948.0,2948.0,2948.0,2948.0,2948.0,2948.0,2948.0,2948.0,2948.0,2948.0,2948.0,2948.0,2948.0,2948.0,2948.0,2948.0,2948.0,256.0,256.0,256.0,256.0,256.0,256.0,256.0,256.0,256.0,256.0,256.0,256.0,256.0,256.0,256.0,256.0,256.0,256.0
169,3191.0,3191.0,3191.0,3191.0,3191.0,3191.0,3156.0,3191.0,3191.0,3183.0,3191.0,2777.0,2777.0,1412.0,168.0,2695.0,625.0,3191.0,3191.0,3191.0,3191.0,3191.0,3191.0,3191.0,3191.0,3191.0,3191.0,3191.0,3191.0,3191.0,3191.0,3191.0,1799.0,1938.0,2539.0,1749.0,444.0,266.0,334.0,334.0,2998.0,2320.0,412.0,409.0,378.0,2994.0,2321.0,2321.0,2321.0,1995.0,1572.0,2467.0,1983.0,1983.0,1983.0,2320.0,2320.0,2320.0,2320.0,2320.0,2320.0,2320.0,2320.0,2320.0,2320.0,2320.0,2998.0,2998.0,2998.0,2998.0,2998.0,2998.0,2998.0,2998.0,2998.0,2998.0,2998.0,2998.0,2998.0,2998.0,2998.0,2998.0,2998.0,2998.0,2998.0,2998.0,2998.0,2998.0,2998.0,2539.0,2539.0,2539.0,2539.0,2539.0,2539.0,2539.0,2539.0,2539.0,2539.0,2539.0,2539.0,2539.0,2539.0,2539.0,2539.0,2539.0,2539.0,2974.0,2974.0,2974.0,2974.0,2974.0,2974.0,2974.0,2974.0,2974.0,2974.0,2974.0,2974.0,2974.0,2974.0,2974.0,2974.0,2974.0,2974.0,2974.0,2974.0,2974.0,2974.0,2994.0,2994.0,2994.0,2994.0,2994.0,2994.0,2994.0,2994.0,2994.0,2994.0,2994.0,2994.0,2994.0,2994.0,2994.0,2994.0,2994.0,2994.0,2994.0,2994.0,3191.0,3191.0,3191.0,3191.0,3191.0,3191.0,3191.0,3191.0,3191.0,3191.0,3191.0,3191.0,3191.0,3191.0,3191.0,3191.0,3191.0,3191.0,3191.0,3191.0,3191.0,3191.0,3191.0,3191.0,3191.0,3191.0,3191.0,3191.0,3191.0,3191.0,3191.0,3191.0,3191.0,3191.0,3191.0,3191.0,3191.0,3191.0,3191.0,3191.0,3191.0,3191.0,3191.0,233.0,233.0,233.0,233.0,233.0,233.0,233.0,233.0,233.0,233.0,233.0,233.0,233.0,233.0,233.0,233.0,233.0,233.0,233.0,233.0,233.0,233.0,233.0,233.0,233.0,233.0,233.0,233.0,233.0,628.0,628.0,628.0,628.0,628.0,628.0,628.0,628.0,628.0,628.0,628.0,628.0,628.0,628.0,628.0,628.0,628.0,628.0,628.0,628.0,628.0,628.0,628.0,628.0,628.0,628.0,628.0,628.0,628.0,628.0,628.0,628.0,628.0,628.0,628.0,628.0,628.0,628.0,628.0,628.0,628.0,628.0,628.0,628.0,628.0,628.0,628.0,628.0,628.0,628.0,557.0,557.0,557.0,628.0,628.0,628.0,557.0,557.0,557.0,557.0,628.0,557.0,557.0,557.0,557.0,557.0,557.0,628.0,557.0,557.0,557.0,628.0,628.0,557.0,557.0,557.0,557.0,557.0,628.0,557.0,557.0,557.0,557.0,628.0,628.0,557.0,557.0,557.0,628.0,628.0,557.0,557.0,628.0,557.0,557.0,557.0,557.0,557.0,557.0,557.0,557.0,557.0,557.0,628.0,628.0,628.0,557.0,557.0,557.0,557.0,557.0,557.0,3191.0,3191.0,3191.0,3191.0,3191.0,3191.0,3191.0,3191.0,3191.0,3191.0,3191.0,3191.0,3191.0,3191.0,3191.0,3191.0,3191.0,3191.0,3191.0,3191.0,3191.0,3191.0,3191.0,3191.0,3191.0,3191.0,3191.0,3191.0,3191.0,3191.0,3191.0,3191.0,3191.0,3191.0,3191.0,3191.0,3191.0,3191.0,3191.0,3191.0,3191.0,3191.0,3191.0,235.0,235.0,235.0,235.0,235.0,235.0,235.0,235.0,235.0,235.0,235.0,235.0,235.0,235.0,235.0,235.0,235.0,235.0
170,2409.0,2409.0,2409.0,2409.0,2409.0,2409.0,2386.0,2409.0,2409.0,2403.0,2409.0,2113.0,2113.0,1066.0,128.0,2045.0,503.0,2409.0,2409.0,2409.0,2409.0,2409.0,2409.0,2409.0,2409.0,2409.0,2409.0,2409.0,2409.0,2409.0,2409.0,2409.0,1385.0,1471.0,1894.0,1326.0,320.0,190.0,276.0,276.0,2228.0,1737.0,296.0,306.0,293.0,2222.0,1736.0,1736.0,1736.0,1480.0,1173.0,1815.0,1471.0,1471.0,1471.0,1737.0,1737.0,1737.0,1737.0,1737.0,1737.0,1737.0,1737.0,1737.0,1737.0,1737.0,2228.0,2228.0,2228.0,2228.0,2228.0,2228.0,2228.0,2228.0,2228.0,2228.0,2228.0,2228.0,2228.0,2228.0,2228.0,2228.0,2228.0,2228.0,2228.0,2228.0,2228.0,2228.0,2228.0,1894.0,1894.0,1894.0,1894.0,1894.0,1894.0,1894.0,1894.0,1894.0,1894.0,1894.0,1894.0,1894.0,1894.0,1894.0,1894.0,1894.0,1894.0,2205.0,2205.0,2205.0,2205.0,2205.0,2205.0,2205.0,2205.0,2205.0,2205.0,2205.0,2205.0,2205.0,2205.0,2205.0,2205.0,2205.0,2205.0,2205.0,2205.0,2205.0,2205.0,2222.0,2222.0,2222.0,2222.0,2222.0,2222.0,2222.0,2222.0,2222.0,2222.0,2222.0,2222.0,2222.0,2222.0,2222.0,2222.0,2222.0,2222.0,2222.0,2222.0,2409.0,2409.0,2409.0,2409.0,2409.0,2409.0,2409.0,2409.0,2409.0,2409.0,2409.0,2409.0,2409.0,2409.0,2409.0,2409.0,2409.0,2409.0,2409.0,2409.0,2409.0,2409.0,2409.0,2409.0,2409.0,2409.0,2409.0,2409.0,2409.0,2409.0,2409.0,2409.0,2409.0,2409.0,2409.0,2409.0,2409.0,2409.0,2409.0,2409.0,2409.0,2409.0,2409.0,219.0,219.0,219.0,219.0,219.0,219.0,219.0,219.0,219.0,219.0,219.0,219.0,219.0,219.0,219.0,219.0,219.0,219.0,219.0,219.0,219.0,219.0,219.0,219.0,219.0,219.0,219.0,219.0,219.0,501.0,501.0,501.0,501.0,501.0,501.0,501.0,501.0,501.0,501.0,501.0,501.0,501.0,501.0,501.0,501.0,501.0,501.0,501.0,501.0,501.0,501.0,501.0,501.0,501.0,501.0,501.0,501.0,501.0,501.0,501.0,501.0,501.0,501.0,501.0,501.0,501.0,501.0,501.0,501.0,501.0,501.0,501.0,501.0,501.0,501.0,501.0,501.0,501.0,501.0,469.0,469.0,469.0,508.0,508.0,508.0,469.0,469.0,469.0,469.0,508.0,469.0,469.0,469.0,469.0,469.0,469.0,508.0,469.0,469.0,469.0,508.0,508.0,469.0,469.0,469.0,469.0,469.0,508.0,469.0,469.0,469.0,469.0,508.0,508.0,469.0,469.0,469.0,508.0,508.0,469.0,469.0,508.0,469.0,469.0,469.0,469.0,469.0,469.0,469.0,469.0,469.0,469.0,508.0,508.0,508.0,469.0,469.0,469.0,469.0,469.0,469.0,2409.0,2409.0,2409.0,2409.0,2409.0,2409.0,2409.0,2409.0,2409.0,2409.0,2409.0,2409.0,2409.0,2409.0,2409.0,2409.0,2409.0,2409.0,2409.0,2409.0,2409.0,2409.0,2409.0,2409.0,2409.0,2409.0,2409.0,2409.0,2409.0,2409.0,2409.0,2409.0,2409.0,2409.0,2409.0,2409.0,2409.0,2409.0,2409.0,2409.0,2409.0,2409.0,2409.0,219.0,219.0,219.0,219.0,219.0,219.0,219.0,219.0,219.0,219.0,219.0,219.0,219.0,219.0,219.0,219.0,219.0,219.0
171,2795.0,2795.0,2795.0,2795.0,2795.0,2795.0,2777.0,2795.0,2795.0,2790.0,2795.0,2520.0,2520.0,992.0,104.0,1773.0,1086.0,2795.0,2795.0,2795.0,2795.0,2795.0,2795.0,2795.0,2795.0,2795.0,2795.0,2795.0,2795.0,2795.0,2795.0,2795.0,1895.0,1977.0,1645.0,1167.0,943.0,801.0,852.0,852.0,2640.0,1567.0,273.0,914.0,726.0,2005.0,1566.0,1566.0,1566.0,1255.0,974.0,1627.0,1311.0,1311.0,1311.0,1567.0,1567.0,1567.0,1567.0,1567.0,1567.0,1567.0,1567.0,1567.0,1567.0,1567.0,2640.0,2640.0,2640.0,2640.0,2640.0,2640.0,2640.0,2640.0,2640.0,2640.0,2640.0,2640.0,2640.0,2640.0,2640.0,2640.0,2640.0,2640.0,2640.0,2640.0,2640.0,2640.0,2640.0,1645.0,1645.0,1645.0,1645.0,1645.0,1645.0,1645.0,1645.0,1645.0,1645.0,1645.0,1645.0,1645.0,1645.0,1645.0,1645.0,1645.0,1645.0,2637.0,2637.0,2637.0,2637.0,2637.0,2637.0,2637.0,2637.0,2637.0,2637.0,2637.0,2637.0,2637.0,2637.0,2637.0,2637.0,2637.0,2637.0,2637.0,2637.0,2637.0,2637.0,2005.0,2005.0,2005.0,2005.0,2005.0,2005.0,2005.0,2005.0,2005.0,2005.0,2005.0,2005.0,2005.0,2005.0,2005.0,2005.0,2005.0,2005.0,2005.0,2005.0,2795.0,2795.0,2795.0,2795.0,2795.0,2795.0,2795.0,2795.0,2795.0,2795.0,2795.0,2795.0,2795.0,2795.0,2795.0,2795.0,2795.0,2795.0,2795.0,2795.0,2795.0,2795.0,2795.0,2795.0,2795.0,2795.0,2795.0,2795.0,2795.0,2795.0,2795.0,2795.0,2795.0,2795.0,2795.0,2795.0,2795.0,2795.0,2795.0,2795.0,2795.0,2795.0,2795.0,819.0,819.0,819.0,819.0,819.0,819.0,819.0,819.0,819.0,819.0,819.0,819.0,819.0,819.0,819.0,819.0,819.0,819.0,819.0,819.0,819.0,819.0,819.0,819.0,819.0,819.0,819.0,819.0,819.0,1079.0,1079.0,1079.0,1079.0,1079.0,1079.0,1079.0,1079.0,1079.0,1079.0,1079.0,1079.0,1079.0,1079.0,1079.0,1079.0,1079.0,1079.0,1079.0,1079.0,1079.0,1079.0,1079.0,1079.0,1079.0,1079.0,1079.0,1079.0,1079.0,1079.0,1079.0,1079.0,1079.0,1079.0,1079.0,1079.0,1079.0,1079.0,1079.0,1079.0,1079.0,1079.0,1079.0,1079.0,1079.0,1079.0,1079.0,1079.0,1079.0,1079.0,377.0,377.0,377.0,1088.0,1088.0,1088.0,377.0,377.0,377.0,377.0,1088.0,377.0,377.0,377.0,377.0,377.0,377.0,1088.0,377.0,377.0,377.0,1088.0,1088.0,377.0,377.0,377.0,377.0,377.0,1088.0,377.0,377.0,377.0,377.0,1088.0,1088.0,377.0,377.0,377.0,1088.0,1088.0,377.0,377.0,1088.0,377.0,377.0,377.0,377.0,377.0,377.0,377.0,377.0,377.0,377.0,1088.0,1088.0,1088.0,377.0,377.0,377.0,377.0,377.0,377.0,2795.0,2795.0,2795.0,2795.0,2795.0,2795.0,2795.0,2795.0,2795.0,2795.0,2795.0,2795.0,2795.0,2795.0,2795.0,2795.0,2795.0,2795.0,2795.0,2795.0,2795.0,2795.0,2795.0,2795.0,2795.0,2795.0,2795.0,2795.0,2795.0,2795.0,2795.0,2795.0,2795.0,2795.0,2795.0,2795.0,2795.0,2795.0,2795.0,2795.0,2795.0,2795.0,2795.0,819.0,819.0,819.0,819.0,819.0,819.0,819.0,819.0,819.0,819.0,819.0,819.0,819.0,819.0,819.0,819.0,819.0,819.0
172,3160.0,3160.0,3160.0,3160.0,3160.0,3160.0,3135.0,3159.0,3159.0,3146.0,3159.0,2901.0,2901.0,1419.0,117.0,2396.0,751.0,3160.0,3160.0,3160.0,3160.0,3160.0,3160.0,3160.0,3160.0,3160.0,3160.0,3160.0,3160.0,3160.0,3160.0,3160.0,2005.0,2126.0,2240.0,1618.0,555.0,424.0,540.0,540.0,2970.0,2183.0,256.0,540.0,445.0,2682.0,2182.0,2182.0,2182.0,1458.0,1187.0,2295.0,1816.0,1816.0,1816.0,2183.0,2183.0,2183.0,2183.0,2183.0,2183.0,2183.0,2183.0,2183.0,2183.0,2183.0,2970.0,2970.0,2970.0,2970.0,2970.0,2970.0,2970.0,2970.0,2970.0,2970.0,2970.0,2970.0,2970.0,2970.0,2970.0,2970.0,2970.0,2970.0,2970.0,2970.0,2970.0,2970.0,2970.0,2240.0,2240.0,2240.0,2240.0,2240.0,2240.0,2240.0,2240.0,2240.0,2240.0,2240.0,2240.0,2240.0,2240.0,2240.0,2240.0,2240.0,2240.0,2949.0,2949.0,2949.0,2949.0,2949.0,2949.0,2949.0,2949.0,2949.0,2949.0,2949.0,2949.0,2949.0,2949.0,2949.0,2949.0,2949.0,2949.0,2949.0,2949.0,2949.0,2949.0,2682.0,2682.0,2682.0,2682.0,2682.0,2682.0,2682.0,2682.0,2682.0,2682.0,2682.0,2682.0,2682.0,2682.0,2682.0,2682.0,2682.0,2682.0,2682.0,2682.0,3160.0,3160.0,3160.0,3160.0,3160.0,3160.0,3160.0,3160.0,3160.0,3160.0,3160.0,3160.0,3160.0,3160.0,3160.0,3160.0,3160.0,3160.0,3160.0,3160.0,3160.0,3160.0,3160.0,3160.0,3160.0,3160.0,3160.0,3160.0,3160.0,3160.0,3160.0,3160.0,3160.0,3160.0,3160.0,3160.0,3160.0,3160.0,3160.0,3160.0,3160.0,3160.0,3160.0,508.0,508.0,508.0,508.0,508.0,508.0,508.0,508.0,508.0,508.0,508.0,508.0,508.0,508.0,508.0,508.0,508.0,508.0,508.0,508.0,508.0,508.0,508.0,508.0,508.0,508.0,508.0,508.0,508.0,750.0,750.0,750.0,750.0,750.0,750.0,750.0,750.0,750.0,750.0,750.0,750.0,750.0,750.0,750.0,750.0,750.0,750.0,750.0,750.0,750.0,750.0,750.0,750.0,750.0,750.0,750.0,750.0,750.0,750.0,750.0,750.0,750.0,750.0,750.0,750.0,750.0,750.0,750.0,750.0,750.0,750.0,750.0,750.0,750.0,750.0,750.0,750.0,750.0,750.0,450.0,450.0,450.0,761.0,761.0,761.0,450.0,450.0,450.0,450.0,761.0,450.0,450.0,450.0,450.0,450.0,450.0,761.0,450.0,450.0,450.0,761.0,761.0,450.0,450.0,450.0,450.0,450.0,761.0,450.0,450.0,450.0,450.0,761.0,761.0,450.0,450.0,450.0,761.0,761.0,450.0,450.0,761.0,450.0,450.0,450.0,450.0,450.0,450.0,450.0,450.0,450.0,450.0,761.0,761.0,761.0,450.0,450.0,450.0,450.0,450.0,450.0,3160.0,3160.0,3160.0,3160.0,3160.0,3160.0,3160.0,3160.0,3160.0,3160.0,3160.0,3160.0,3160.0,3160.0,3160.0,3160.0,3160.0,3160.0,3160.0,3160.0,3160.0,3160.0,3160.0,3160.0,3160.0,3160.0,3160.0,3160.0,3160.0,3160.0,3160.0,3160.0,3160.0,3160.0,3160.0,3160.0,3160.0,3160.0,3160.0,3160.0,3160.0,3160.0,3160.0,510.0,510.0,510.0,510.0,510.0,510.0,510.0,510.0,510.0,510.0,510.0,510.0,510.0,510.0,510.0,510.0,510.0,510.0
173,2866.0,2866.0,2866.0,2866.0,2866.0,2866.0,2841.0,2866.0,2866.0,2861.0,2866.0,2541.0,2541.0,1318.0,150.0,2337.0,565.0,2866.0,2866.0,2866.0,2866.0,2866.0,2866.0,2866.0,2866.0,2866.0,2866.0,2866.0,2866.0,2866.0,2866.0,2866.0,1686.0,1787.0,2184.0,1563.0,365.0,226.0,334.0,334.0,2655.0,2096.0,323.0,329.0,318.0,2645.0,2096.0,2096.0,2096.0,1502.0,1160.0,2186.0,1704.0,1704.0,1704.0,2096.0,2096.0,2096.0,2096.0,2096.0,2096.0,2096.0,2096.0,2096.0,2096.0,2096.0,2655.0,2655.0,2655.0,2655.0,2655.0,2655.0,2655.0,2655.0,2655.0,2655.0,2655.0,2655.0,2655.0,2655.0,2655.0,2655.0,2655.0,2655.0,2655.0,2655.0,2655.0,2655.0,2655.0,2183.0,2183.0,2183.0,2183.0,2183.0,2183.0,2183.0,2183.0,2183.0,2183.0,2183.0,2183.0,2183.0,2183.0,2183.0,2183.0,2183.0,2183.0,2638.0,2638.0,2638.0,2638.0,2638.0,2638.0,2638.0,2638.0,2638.0,2638.0,2638.0,2638.0,2638.0,2638.0,2638.0,2638.0,2638.0,2638.0,2638.0,2638.0,2638.0,2638.0,2645.0,2645.0,2645.0,2645.0,2645.0,2645.0,2645.0,2645.0,2645.0,2645.0,2645.0,2645.0,2645.0,2645.0,2645.0,2645.0,2645.0,2645.0,2645.0,2645.0,2866.0,2866.0,2866.0,2866.0,2866.0,2866.0,2866.0,2866.0,2866.0,2866.0,2866.0,2866.0,2866.0,2866.0,2866.0,2866.0,2866.0,2866.0,2866.0,2866.0,2866.0,2866.0,2866.0,2866.0,2866.0,2866.0,2866.0,2866.0,2866.0,2866.0,2866.0,2866.0,2866.0,2866.0,2866.0,2866.0,2866.0,2866.0,2866.0,2866.0,2866.0,2866.0,2866.0,262.0,262.0,262.0,262.0,262.0,262.0,262.0,262.0,262.0,262.0,262.0,262.0,262.0,262.0,262.0,262.0,262.0,262.0,262.0,262.0,262.0,262.0,262.0,262.0,262.0,262.0,262.0,262.0,262.0,570.0,570.0,570.0,570.0,570.0,570.0,570.0,570.0,570.0,570.0,570.0,570.0,570.0,570.0,570.0,570.0,570.0,570.0,570.0,570.0,570.0,570.0,570.0,570.0,570.0,570.0,570.0,570.0,570.0,570.0,570.0,570.0,570.0,570.0,570.0,570.0,570.0,570.0,570.0,570.0,570.0,570.0,570.0,570.0,570.0,570.0,570.0,570.0,570.0,570.0,508.0,508.0,508.0,581.0,581.0,581.0,508.0,508.0,508.0,508.0,581.0,508.0,508.0,508.0,508.0,508.0,508.0,581.0,508.0,508.0,508.0,581.0,581.0,508.0,508.0,508.0,508.0,508.0,581.0,508.0,508.0,508.0,508.0,581.0,581.0,508.0,508.0,508.0,581.0,581.0,508.0,508.0,581.0,508.0,508.0,508.0,508.0,508.0,508.0,508.0,508.0,508.0,508.0,581.0,581.0,581.0,508.0,508.0,508.0,508.0,508.0,508.0,2866.0,2866.0,2866.0,2866.0,2866.0,2866.0,2866.0,2866.0,2866.0,2866.0,2866.0,2866.0,2866.0,2866.0,2866.0,2866.0,2866.0,2866.0,2866.0,2866.0,2866.0,2866.0,2866.0,2866.0,2866.0,2866.0,2866.0,2866.0,2866.0,2866.0,2866.0,2866.0,2866.0,2866.0,2866.0,2866.0,2866.0,2866.0,2866.0,2866.0,2866.0,2866.0,2866.0,265.0,265.0,265.0,265.0,265.0,265.0,265.0,265.0,265.0,265.0,265.0,265.0,265.0,265.0,265.0,265.0,265.0,265.0
174,2837.0,2837.0,2837.0,2837.0,2837.0,2837.0,2799.0,2837.0,2837.0,2820.0,2837.0,2594.0,2594.0,1330.0,120.0,2338.0,503.0,2837.0,2837.0,2837.0,2837.0,2837.0,2837.0,2837.0,2837.0,2837.0,2837.0,2837.0,2837.0,2837.0,2837.0,2837.0,1627.0,1799.0,2141.0,1546.0,280.0,185.0,291.0,291.0,2595.0,2097.0,238.0,246.0,238.0,2592.0,2096.0,2096.0,2096.0,1529.0,1277.0,2215.0,1791.0,1791.0,1791.0,2097.0,2097.0,2097.0,2097.0,2097.0,2097.0,2097.0,2097.0,2097.0,2097.0,2097.0,2595.0,2595.0,2595.0,2595.0,2595.0,2595.0,2595.0,2595.0,2595.0,2595.0,2595.0,2595.0,2595.0,2595.0,2595.0,2595.0,2595.0,2595.0,2595.0,2595.0,2595.0,2595.0,2595.0,2141.0,2141.0,2141.0,2141.0,2141.0,2141.0,2141.0,2141.0,2141.0,2141.0,2141.0,2141.0,2141.0,2141.0,2141.0,2141.0,2141.0,2141.0,2578.0,2578.0,2578.0,2578.0,2578.0,2578.0,2578.0,2578.0,2578.0,2578.0,2578.0,2578.0,2578.0,2578.0,2578.0,2578.0,2578.0,2578.0,2578.0,2578.0,2578.0,2578.0,2592.0,2592.0,2592.0,2592.0,2592.0,2592.0,2592.0,2592.0,2592.0,2592.0,2592.0,2592.0,2592.0,2592.0,2592.0,2592.0,2592.0,2592.0,2592.0,2592.0,2837.0,2837.0,2837.0,2837.0,2837.0,2837.0,2837.0,2837.0,2837.0,2837.0,2837.0,2837.0,2837.0,2837.0,2837.0,2837.0,2837.0,2837.0,2837.0,2837.0,2837.0,2837.0,2837.0,2837.0,2837.0,2837.0,2837.0,2837.0,2837.0,2837.0,2837.0,2837.0,2837.0,2837.0,2837.0,2837.0,2837.0,2837.0,2837.0,2837.0,2837.0,2837.0,2837.0,281.0,281.0,281.0,281.0,281.0,281.0,281.0,281.0,281.0,281.0,281.0,281.0,281.0,281.0,281.0,281.0,281.0,281.0,281.0,281.0,281.0,281.0,281.0,281.0,281.0,281.0,281.0,281.0,281.0,494.0,494.0,494.0,494.0,494.0,494.0,494.0,494.0,494.0,494.0,494.0,494.0,494.0,494.0,494.0,494.0,494.0,494.0,494.0,494.0,494.0,494.0,494.0,494.0,494.0,494.0,494.0,494.0,494.0,494.0,494.0,494.0,494.0,494.0,494.0,494.0,494.0,494.0,494.0,494.0,494.0,494.0,494.0,494.0,494.0,494.0,494.0,494.0,494.0,494.0,455.0,455.0,455.0,510.0,510.0,510.0,455.0,455.0,455.0,455.0,510.0,455.0,455.0,455.0,455.0,455.0,455.0,510.0,455.0,455.0,455.0,510.0,510.0,455.0,455.0,455.0,455.0,455.0,510.0,455.0,455.0,455.0,455.0,510.0,510.0,455.0,455.0,455.0,510.0,510.0,455.0,455.0,510.0,455.0,455.0,455.0,455.0,455.0,455.0,455.0,455.0,455.0,455.0,510.0,510.0,510.0,455.0,455.0,455.0,455.0,455.0,455.0,2837.0,2837.0,2837.0,2837.0,2837.0,2837.0,2837.0,2837.0,2837.0,2837.0,2837.0,2837.0,2837.0,2837.0,2837.0,2837.0,2837.0,2837.0,2837.0,2837.0,2837.0,2837.0,2837.0,2837.0,2837.0,2837.0,2837.0,2837.0,2837.0,2837.0,2837.0,2837.0,2837.0,2837.0,2837.0,2837.0,2837.0,2837.0,2837.0,2837.0,2837.0,2837.0,2837.0,282.0,282.0,282.0,282.0,282.0,282.0,282.0,282.0,282.0,282.0,282.0,282.0,282.0,282.0,282.0,282.0,282.0,282.0
175,2683.0,2683.0,2683.0,2683.0,2683.0,2683.0,2649.0,2683.0,2683.0,2662.0,2683.0,2425.0,2425.0,1222.0,141.0,2201.0,502.0,2683.0,2683.0,2683.0,2683.0,2683.0,2683.0,2683.0,2683.0,2683.0,2683.0,2683.0,2683.0,2683.0,2683.0,2683.0,1552.0,1654.0,2018.0,1415.0,301.0,190.0,282.0,282.0,2467.0,2002.0,253.0,252.0,269.0,2473.0,2002.0,2002.0,2002.0,1541.0,1270.0,2086.0,1669.0,1669.0,1669.0,2002.0,2002.0,2002.0,2002.0,2002.0,2002.0,2002.0,2002.0,2002.0,2002.0,2002.0,2467.0,2467.0,2467.0,2467.0,2467.0,2467.0,2467.0,2467.0,2467.0,2467.0,2467.0,2467.0,2467.0,2467.0,2467.0,2467.0,2467.0,2467.0,2467.0,2467.0,2467.0,2467.0,2467.0,2017.0,2017.0,2017.0,2017.0,2017.0,2017.0,2017.0,2017.0,2017.0,2017.0,2017.0,2017.0,2017.0,2017.0,2017.0,2017.0,2017.0,2017.0,2456.0,2456.0,2456.0,2456.0,2456.0,2456.0,2456.0,2456.0,2456.0,2456.0,2456.0,2456.0,2456.0,2456.0,2456.0,2456.0,2456.0,2456.0,2456.0,2456.0,2456.0,2456.0,2472.0,2472.0,2472.0,2472.0,2472.0,2472.0,2472.0,2472.0,2472.0,2472.0,2472.0,2472.0,2472.0,2472.0,2472.0,2472.0,2472.0,2472.0,2472.0,2472.0,2683.0,2683.0,2683.0,2683.0,2683.0,2683.0,2683.0,2683.0,2683.0,2683.0,2683.0,2683.0,2683.0,2683.0,2683.0,2683.0,2683.0,2683.0,2683.0,2683.0,2683.0,2683.0,2683.0,2683.0,2683.0,2683.0,2683.0,2683.0,2683.0,2683.0,2683.0,2683.0,2683.0,2683.0,2683.0,2683.0,2683.0,2683.0,2683.0,2683.0,2683.0,2683.0,2683.0,261.0,261.0,261.0,261.0,261.0,261.0,261.0,261.0,261.0,261.0,261.0,261.0,261.0,261.0,261.0,261.0,261.0,261.0,261.0,261.0,261.0,261.0,261.0,261.0,261.0,261.0,261.0,261.0,261.0,484.0,484.0,484.0,484.0,484.0,484.0,484.0,484.0,484.0,484.0,484.0,484.0,484.0,484.0,484.0,484.0,484.0,484.0,484.0,484.0,484.0,484.0,484.0,484.0,484.0,484.0,484.0,484.0,484.0,484.0,484.0,484.0,484.0,484.0,484.0,484.0,484.0,484.0,484.0,484.0,484.0,484.0,484.0,484.0,484.0,484.0,484.0,484.0,484.0,484.0,455.0,455.0,455.0,477.0,477.0,477.0,455.0,455.0,455.0,455.0,477.0,455.0,455.0,455.0,455.0,455.0,455.0,477.0,455.0,455.0,455.0,477.0,477.0,455.0,455.0,455.0,455.0,455.0,477.0,455.0,455.0,455.0,455.0,477.0,477.0,455.0,455.0,455.0,477.0,477.0,455.0,455.0,477.0,455.0,455.0,455.0,455.0,455.0,455.0,455.0,455.0,455.0,455.0,477.0,477.0,477.0,455.0,455.0,455.0,455.0,455.0,455.0,2683.0,2683.0,2683.0,2683.0,2683.0,2683.0,2683.0,2683.0,2683.0,2683.0,2683.0,2683.0,2683.0,2683.0,2683.0,2683.0,2683.0,2683.0,2683.0,2683.0,2683.0,2683.0,2683.0,2683.0,2683.0,2683.0,2683.0,2683.0,2683.0,2683.0,2683.0,2683.0,2683.0,2683.0,2683.0,2683.0,2683.0,2683.0,2683.0,2683.0,2683.0,2683.0,2683.0,261.0,261.0,261.0,261.0,261.0,261.0,261.0,261.0,261.0,261.0,261.0,261.0,261.0,261.0,261.0,261.0,261.0,261.0
176,3032.0,3032.0,3032.0,3032.0,3032.0,3032.0,2993.0,3032.0,3032.0,3014.0,3032.0,2679.0,2679.0,1275.0,164.0,2588.0,599.0,3032.0,3032.0,3032.0,3032.0,3032.0,3032.0,3032.0,3032.0,3032.0,3032.0,3032.0,3032.0,3032.0,3032.0,3032.0,1669.0,1837.0,2397.0,1641.0,391.0,244.0,335.0,335.0,2808.0,2187.0,350.0,367.0,360.0,2803.0,2187.0,2187.0,2187.0,1788.0,1425.0,2327.0,1861.0,1861.0,1861.0,2187.0,2187.0,2187.0,2187.0,2187.0,2187.0,2187.0,2187.0,2187.0,2187.0,2187.0,2808.0,2808.0,2808.0,2808.0,2808.0,2808.0,2808.0,2808.0,2808.0,2808.0,2808.0,2808.0,2808.0,2808.0,2808.0,2808.0,2808.0,2808.0,2808.0,2808.0,2808.0,2808.0,2808.0,2397.0,2397.0,2397.0,2397.0,2397.0,2397.0,2397.0,2397.0,2397.0,2397.0,2397.0,2397.0,2397.0,2397.0,2397.0,2397.0,2397.0,2397.0,2790.0,2790.0,2790.0,2790.0,2790.0,2790.0,2790.0,2790.0,2790.0,2790.0,2790.0,2790.0,2790.0,2790.0,2790.0,2790.0,2790.0,2790.0,2790.0,2790.0,2790.0,2790.0,2803.0,2803.0,2803.0,2803.0,2803.0,2803.0,2803.0,2803.0,2803.0,2803.0,2803.0,2803.0,2803.0,2803.0,2803.0,2803.0,2803.0,2803.0,2803.0,2803.0,3032.0,3032.0,3032.0,3032.0,3032.0,3032.0,3032.0,3032.0,3032.0,3032.0,3032.0,3032.0,3032.0,3032.0,3032.0,3032.0,3032.0,3032.0,3032.0,3032.0,3032.0,3032.0,3032.0,3032.0,3032.0,3032.0,3032.0,3032.0,3032.0,3032.0,3032.0,3032.0,3032.0,3032.0,3032.0,3032.0,3032.0,3032.0,3032.0,3032.0,3032.0,3032.0,3032.0,266.0,266.0,266.0,266.0,266.0,266.0,266.0,266.0,266.0,266.0,266.0,266.0,266.0,266.0,266.0,266.0,266.0,266.0,266.0,266.0,266.0,266.0,266.0,266.0,266.0,266.0,266.0,266.0,266.0,602.0,602.0,602.0,602.0,602.0,602.0,602.0,602.0,602.0,602.0,602.0,602.0,602.0,602.0,602.0,602.0,602.0,602.0,602.0,602.0,602.0,602.0,602.0,602.0,602.0,602.0,602.0,602.0,602.0,602.0,602.0,602.0,602.0,602.0,602.0,602.0,602.0,602.0,602.0,602.0,602.0,602.0,602.0,602.0,602.0,602.0,602.0,602.0,602.0,602.0,569.0,569.0,569.0,607.0,607.0,607.0,569.0,569.0,569.0,569.0,607.0,569.0,569.0,569.0,569.0,569.0,569.0,607.0,569.0,569.0,569.0,607.0,607.0,569.0,569.0,569.0,569.0,569.0,607.0,569.0,569.0,569.0,569.0,607.0,607.0,569.0,569.0,569.0,607.0,607.0,569.0,569.0,607.0,569.0,569.0,569.0,569.0,569.0,569.0,569.0,569.0,569.0,569.0,607.0,607.0,607.0,569.0,569.0,569.0,569.0,569.0,569.0,3032.0,3032.0,3032.0,3032.0,3032.0,3032.0,3032.0,3032.0,3032.0,3032.0,3032.0,3032.0,3032.0,3032.0,3032.0,3032.0,3032.0,3032.0,3032.0,3032.0,3032.0,3032.0,3032.0,3032.0,3032.0,3032.0,3032.0,3032.0,3032.0,3032.0,3032.0,3032.0,3032.0,3032.0,3032.0,3032.0,3032.0,3032.0,3032.0,3032.0,3032.0,3032.0,3032.0,266.0,266.0,266.0,266.0,266.0,266.0,266.0,266.0,266.0,266.0,266.0,266.0,266.0,266.0,266.0,266.0,266.0,266.0
177,2364.0,2364.0,2364.0,2364.0,2364.0,2364.0,2331.0,2364.0,2364.0,2361.0,2364.0,2114.0,2114.0,1113.0,132.0,1984.0,401.0,2364.0,2364.0,2364.0,2364.0,2364.0,2364.0,2364.0,2364.0,2364.0,2364.0,2364.0,2364.0,2364.0,2364.0,2364.0,1381.0,1461.0,1877.0,1298.0,264.0,149.0,207.0,207.0,2221.0,1832.0,250.0,260.0,222.0,2223.0,1832.0,1832.0,1832.0,1471.0,1203.0,1886.0,1619.0,1619.0,1619.0,1832.0,1832.0,1832.0,1832.0,1832.0,1832.0,1832.0,1832.0,1832.0,1832.0,1832.0,2221.0,2221.0,2221.0,2221.0,2221.0,2221.0,2221.0,2221.0,2221.0,2221.0,2221.0,2221.0,2221.0,2221.0,2221.0,2221.0,2221.0,2221.0,2221.0,2221.0,2221.0,2221.0,2221.0,1877.0,1877.0,1877.0,1877.0,1877.0,1877.0,1877.0,1877.0,1877.0,1877.0,1877.0,1877.0,1877.0,1877.0,1877.0,1877.0,1877.0,1877.0,2197.0,2197.0,2197.0,2197.0,2197.0,2197.0,2197.0,2197.0,2197.0,2197.0,2197.0,2197.0,2197.0,2197.0,2197.0,2197.0,2197.0,2197.0,2197.0,2197.0,2197.0,2197.0,2223.0,2223.0,2223.0,2223.0,2223.0,2223.0,2223.0,2223.0,2223.0,2223.0,2223.0,2223.0,2223.0,2223.0,2223.0,2223.0,2223.0,2223.0,2223.0,2223.0,2364.0,2364.0,2364.0,2364.0,2364.0,2364.0,2364.0,2364.0,2364.0,2364.0,2364.0,2364.0,2364.0,2364.0,2364.0,2364.0,2364.0,2364.0,2364.0,2364.0,2364.0,2364.0,2364.0,2364.0,2364.0,2364.0,2364.0,2364.0,2364.0,2364.0,2364.0,2364.0,2364.0,2364.0,2364.0,2364.0,2364.0,2364.0,2364.0,2364.0,2364.0,2364.0,2364.0,167.0,167.0,167.0,167.0,167.0,167.0,167.0,167.0,167.0,167.0,167.0,167.0,167.0,167.0,167.0,167.0,167.0,167.0,167.0,167.0,167.0,167.0,167.0,167.0,167.0,167.0,167.0,167.0,167.0,402.0,402.0,402.0,402.0,402.0,402.0,402.0,402.0,402.0,402.0,402.0,402.0,402.0,402.0,402.0,402.0,402.0,402.0,402.0,402.0,402.0,402.0,402.0,402.0,402.0,402.0,402.0,402.0,402.0,402.0,402.0,402.0,402.0,402.0,402.0,402.0,402.0,402.0,402.0,402.0,402.0,402.0,402.0,402.0,402.0,402.0,402.0,402.0,402.0,402.0,360.0,360.0,360.0,406.0,406.0,406.0,360.0,360.0,360.0,360.0,406.0,360.0,360.0,360.0,360.0,360.0,360.0,406.0,360.0,360.0,360.0,406.0,406.0,360.0,360.0,360.0,360.0,360.0,406.0,360.0,360.0,360.0,360.0,406.0,406.0,360.0,360.0,360.0,406.0,406.0,360.0,360.0,406.0,360.0,360.0,360.0,360.0,360.0,360.0,360.0,360.0,360.0,360.0,406.0,406.0,406.0,360.0,360.0,360.0,360.0,360.0,360.0,2364.0,2364.0,2364.0,2364.0,2364.0,2364.0,2364.0,2364.0,2364.0,2364.0,2364.0,2364.0,2364.0,2364.0,2364.0,2364.0,2364.0,2364.0,2364.0,2364.0,2364.0,2364.0,2364.0,2364.0,2364.0,2364.0,2364.0,2364.0,2364.0,2364.0,2364.0,2364.0,2364.0,2364.0,2364.0,2364.0,2364.0,2364.0,2364.0,2364.0,2364.0,2364.0,2364.0,168.0,168.0,168.0,168.0,168.0,168.0,168.0,168.0,168.0,168.0,168.0,168.0,168.0,168.0,168.0,168.0,168.0,168.0
178,2068.0,2068.0,2068.0,2068.0,2068.0,2068.0,2052.0,2068.0,2068.0,2063.0,2068.0,1815.0,1815.0,944.0,112.0,1744.0,440.0,2068.0,2068.0,2068.0,2068.0,2068.0,2068.0,2068.0,2068.0,2068.0,2068.0,2068.0,2068.0,2068.0,2068.0,2068.0,1193.0,1278.0,1614.0,1137.0,265.0,148.0,223.0,223.0,1885.0,1506.0,246.0,254.0,201.0,1891.0,1506.0,1506.0,1506.0,1254.0,997.0,1555.0,1278.0,1278.0,1278.0,1506.0,1506.0,1506.0,1506.0,1506.0,1506.0,1506.0,1506.0,1506.0,1506.0,1506.0,1885.0,1885.0,1885.0,1885.0,1885.0,1885.0,1885.0,1885.0,1885.0,1885.0,1885.0,1885.0,1885.0,1885.0,1885.0,1885.0,1885.0,1885.0,1885.0,1885.0,1885.0,1885.0,1885.0,1614.0,1614.0,1614.0,1614.0,1614.0,1614.0,1614.0,1614.0,1614.0,1614.0,1614.0,1614.0,1614.0,1614.0,1614.0,1614.0,1614.0,1614.0,1884.0,1884.0,1884.0,1884.0,1884.0,1884.0,1884.0,1884.0,1884.0,1884.0,1884.0,1884.0,1884.0,1884.0,1884.0,1884.0,1884.0,1884.0,1884.0,1884.0,1884.0,1884.0,1891.0,1891.0,1891.0,1891.0,1891.0,1891.0,1891.0,1891.0,1891.0,1891.0,1891.0,1891.0,1891.0,1891.0,1891.0,1891.0,1891.0,1891.0,1891.0,1891.0,2068.0,2068.0,2068.0,2068.0,2068.0,2068.0,2068.0,2068.0,2068.0,2068.0,2068.0,2068.0,2068.0,2068.0,2068.0,2068.0,2068.0,2068.0,2068.0,2068.0,2068.0,2068.0,2068.0,2068.0,2068.0,2068.0,2068.0,2068.0,2068.0,2068.0,2068.0,2068.0,2068.0,2068.0,2068.0,2068.0,2068.0,2068.0,2068.0,2068.0,2068.0,2068.0,2068.0,204.0,204.0,204.0,204.0,204.0,204.0,204.0,204.0,204.0,204.0,204.0,204.0,204.0,204.0,204.0,204.0,204.0,204.0,204.0,204.0,204.0,204.0,204.0,204.0,204.0,204.0,204.0,204.0,204.0,437.0,437.0,437.0,437.0,437.0,437.0,437.0,437.0,437.0,437.0,437.0,437.0,437.0,437.0,437.0,437.0,437.0,437.0,437.0,437.0,437.0,437.0,437.0,437.0,437.0,437.0,437.0,437.0,437.0,437.0,437.0,437.0,437.0,437.0,437.0,437.0,437.0,437.0,437.0,437.0,437.0,437.0,437.0,437.0,437.0,437.0,437.0,437.0,437.0,437.0,386.0,386.0,386.0,426.0,426.0,426.0,386.0,386.0,386.0,386.0,426.0,386.0,386.0,386.0,386.0,386.0,386.0,426.0,386.0,386.0,386.0,426.0,426.0,386.0,386.0,386.0,386.0,386.0,426.0,386.0,386.0,386.0,386.0,426.0,426.0,386.0,386.0,386.0,426.0,426.0,386.0,386.0,426.0,386.0,386.0,386.0,386.0,386.0,386.0,386.0,386.0,386.0,386.0,426.0,426.0,426.0,386.0,386.0,386.0,386.0,386.0,386.0,2068.0,2068.0,2068.0,2068.0,2068.0,2068.0,2068.0,2068.0,2068.0,2068.0,2068.0,2068.0,2068.0,2068.0,2068.0,2068.0,2068.0,2068.0,2068.0,2068.0,2068.0,2068.0,2068.0,2068.0,2068.0,2068.0,2068.0,2068.0,2068.0,2068.0,2068.0,2068.0,2068.0,2068.0,2068.0,2068.0,2068.0,2068.0,2068.0,2068.0,2068.0,2068.0,2068.0,204.0,204.0,204.0,204.0,204.0,204.0,204.0,204.0,204.0,204.0,204.0,204.0,204.0,204.0,204.0,204.0,204.0,204.0
179,2177.0,2177.0,2177.0,2177.0,2177.0,2177.0,2154.0,2177.0,2177.0,2172.0,2177.0,1990.0,1990.0,1119.0,85.0,1760.0,335.0,2177.0,2177.0,2177.0,2177.0,2177.0,2177.0,2177.0,2177.0,2177.0,2177.0,2177.0,2177.0,2177.0,2177.0,2177.0,1380.0,1444.0,1662.0,1214.0,216.0,122.0,185.0,185.0,2038.0,1716.0,185.0,192.0,178.0,2043.0,1715.0,1715.0,1715.0,1201.0,1004.0,1747.0,1465.0,1465.0,1465.0,1716.0,1716.0,1716.0,1716.0,1716.0,1716.0,1716.0,1716.0,1716.0,1716.0,1716.0,2038.0,2038.0,2038.0,2038.0,2038.0,2038.0,2038.0,2038.0,2038.0,2038.0,2038.0,2038.0,2038.0,2038.0,2038.0,2038.0,2038.0,2038.0,2038.0,2038.0,2038.0,2038.0,2038.0,1662.0,1662.0,1662.0,1662.0,1662.0,1662.0,1662.0,1662.0,1662.0,1662.0,1662.0,1662.0,1662.0,1662.0,1662.0,1662.0,1662.0,1662.0,2029.0,2029.0,2029.0,2029.0,2029.0,2029.0,2029.0,2029.0,2029.0,2029.0,2029.0,2029.0,2029.0,2029.0,2029.0,2029.0,2029.0,2029.0,2029.0,2029.0,2029.0,2029.0,2043.0,2043.0,2043.0,2043.0,2043.0,2043.0,2043.0,2043.0,2043.0,2043.0,2043.0,2043.0,2043.0,2043.0,2043.0,2043.0,2043.0,2043.0,2043.0,2043.0,2177.0,2177.0,2177.0,2177.0,2177.0,2177.0,2177.0,2177.0,2177.0,2177.0,2177.0,2177.0,2177.0,2177.0,2177.0,2177.0,2177.0,2177.0,2177.0,2177.0,2177.0,2177.0,2177.0,2177.0,2177.0,2177.0,2177.0,2177.0,2177.0,2177.0,2177.0,2177.0,2177.0,2177.0,2177.0,2177.0,2177.0,2177.0,2177.0,2177.0,2177.0,2177.0,2177.0,164.0,164.0,164.0,164.0,164.0,170.0,170.0,170.0,164.0,164.0,164.0,164.0,170.0,170.0,170.0,164.0,164.0,164.0,164.0,164.0,164.0,170.0,170.0,164.0,164.0,164.0,170.0,170.0,170.0,340.0,340.0,340.0,340.0,340.0,340.0,340.0,340.0,340.0,340.0,340.0,340.0,340.0,340.0,340.0,340.0,340.0,340.0,340.0,340.0,340.0,340.0,340.0,340.0,340.0,340.0,340.0,340.0,340.0,340.0,340.0,340.0,340.0,340.0,340.0,340.0,340.0,340.0,340.0,340.0,340.0,340.0,340.0,340.0,340.0,340.0,340.0,340.0,340.0,340.0,318.0,318.0,318.0,339.0,339.0,339.0,318.0,318.0,318.0,318.0,339.0,318.0,318.0,318.0,318.0,318.0,318.0,339.0,318.0,318.0,318.0,339.0,339.0,318.0,318.0,318.0,318.0,318.0,339.0,318.0,318.0,318.0,318.0,339.0,339.0,318.0,318.0,318.0,339.0,339.0,318.0,318.0,339.0,318.0,318.0,318.0,318.0,318.0,318.0,318.0,318.0,318.0,318.0,339.0,339.0,339.0,318.0,318.0,318.0,318.0,318.0,318.0,2177.0,2177.0,2177.0,2177.0,2177.0,2177.0,2177.0,2177.0,2177.0,2177.0,2177.0,2177.0,2177.0,2177.0,2177.0,2177.0,2177.0,2177.0,2177.0,2177.0,2177.0,2177.0,2177.0,2177.0,2177.0,2177.0,2177.0,2177.0,2177.0,2177.0,2177.0,2177.0,2177.0,2177.0,2177.0,2177.0,2177.0,2177.0,2177.0,2177.0,2177.0,2177.0,2177.0,171.0,171.0,171.0,171.0,171.0,171.0,171.0,171.0,171.0,171.0,171.0,171.0,171.0,171.0,171.0,171.0,171.0,171.0
180,2618.0,2618.0,2618.0,2618.0,2618.0,2618.0,2594.0,2618.0,2618.0,2613.0,2618.0,2387.0,2387.0,1222.0,124.0,2211.0,461.0,2618.0,2618.0,2618.0,2618.0,2618.0,2618.0,2618.0,2618.0,2618.0,2618.0,2618.0,2618.0,2618.0,2618.0,2618.0,1545.0,1634.0,2042.0,1484.0,271.0,168.0,261.0,261.0,2398.0,1960.0,231.0,230.0,235.0,2404.0,1960.0,1960.0,1960.0,1361.0,1117.0,2038.0,1732.0,1732.0,1732.0,1960.0,1960.0,1960.0,1960.0,1960.0,1960.0,1960.0,1960.0,1960.0,1960.0,1960.0,2397.0,2397.0,2397.0,2397.0,2397.0,2397.0,2397.0,2397.0,2397.0,2397.0,2397.0,2397.0,2397.0,2397.0,2397.0,2397.0,2397.0,2397.0,2397.0,2397.0,2397.0,2397.0,2397.0,2042.0,2042.0,2042.0,2042.0,2042.0,2042.0,2042.0,2042.0,2042.0,2042.0,2042.0,2042.0,2042.0,2042.0,2042.0,2042.0,2042.0,2042.0,2390.0,2390.0,2390.0,2390.0,2390.0,2390.0,2390.0,2390.0,2390.0,2390.0,2390.0,2390.0,2390.0,2390.0,2390.0,2390.0,2390.0,2390.0,2390.0,2390.0,2390.0,2390.0,2403.0,2403.0,2403.0,2403.0,2403.0,2403.0,2403.0,2403.0,2403.0,2403.0,2403.0,2403.0,2403.0,2403.0,2403.0,2403.0,2403.0,2403.0,2403.0,2403.0,2618.0,2618.0,2618.0,2618.0,2618.0,2618.0,2618.0,2618.0,2618.0,2618.0,2618.0,2618.0,2618.0,2618.0,2618.0,2618.0,2618.0,2618.0,2618.0,2618.0,2618.0,2618.0,2618.0,2618.0,2618.0,2618.0,2618.0,2618.0,2618.0,2618.0,2618.0,2618.0,2618.0,2618.0,2618.0,2618.0,2618.0,2618.0,2618.0,2618.0,2618.0,2618.0,2618.0,250.0,250.0,250.0,250.0,250.0,250.0,250.0,250.0,250.0,250.0,250.0,250.0,250.0,250.0,250.0,250.0,250.0,250.0,250.0,250.0,250.0,250.0,250.0,250.0,250.0,250.0,250.0,250.0,250.0,464.0,464.0,464.0,464.0,464.0,464.0,464.0,464.0,464.0,464.0,464.0,464.0,464.0,464.0,464.0,464.0,464.0,464.0,464.0,464.0,464.0,464.0,464.0,464.0,464.0,464.0,464.0,464.0,464.0,464.0,464.0,464.0,464.0,464.0,464.0,464.0,464.0,464.0,464.0,464.0,464.0,464.0,464.0,464.0,464.0,464.0,464.0,464.0,464.0,464.0,433.0,433.0,433.0,473.0,473.0,473.0,433.0,433.0,433.0,433.0,473.0,433.0,433.0,433.0,433.0,433.0,433.0,473.0,433.0,433.0,433.0,473.0,473.0,433.0,433.0,433.0,433.0,433.0,473.0,433.0,433.0,433.0,433.0,473.0,473.0,433.0,433.0,433.0,473.0,473.0,433.0,433.0,473.0,433.0,433.0,433.0,433.0,433.0,433.0,433.0,433.0,433.0,433.0,473.0,473.0,473.0,433.0,433.0,433.0,433.0,433.0,433.0,2618.0,2618.0,2618.0,2618.0,2618.0,2618.0,2618.0,2618.0,2618.0,2618.0,2618.0,2618.0,2618.0,2618.0,2618.0,2618.0,2618.0,2618.0,2618.0,2618.0,2618.0,2618.0,2618.0,2618.0,2618.0,2618.0,2618.0,2618.0,2618.0,2618.0,2618.0,2618.0,2618.0,2618.0,2618.0,2618.0,2618.0,2618.0,2618.0,2618.0,2618.0,2618.0,2618.0,252.0,252.0,252.0,252.0,252.0,252.0,252.0,252.0,252.0,252.0,252.0,252.0,252.0,252.0,252.0,252.0,252.0,252.0
181,2739.0,2739.0,2739.0,2739.0,2739.0,2739.0,2706.0,2739.0,2739.0,2733.0,2739.0,2535.0,2535.0,1284.0,105.0,2315.0,471.0,2739.0,2739.0,2739.0,2739.0,2739.0,2739.0,2739.0,2739.0,2739.0,2739.0,2739.0,2739.0,2739.0,2739.0,2728.0,1561.0,1672.0,2115.0,1534.0,239.0,132.0,278.0,278.0,2480.0,2042.0,204.0,198.0,207.0,2484.0,2042.0,2042.0,2042.0,1464.0,1253.0,2159.0,1813.0,1813.0,1813.0,2042.0,2042.0,2042.0,2042.0,2042.0,2042.0,2042.0,2042.0,2042.0,2042.0,2042.0,2480.0,2480.0,2480.0,2480.0,2480.0,2480.0,2480.0,2480.0,2480.0,2480.0,2480.0,2480.0,2480.0,2480.0,2480.0,2480.0,2480.0,2480.0,2480.0,2480.0,2480.0,2480.0,2480.0,2114.0,2114.0,2114.0,2114.0,2114.0,2114.0,2114.0,2114.0,2114.0,2114.0,2114.0,2114.0,2114.0,2114.0,2114.0,2114.0,2114.0,2114.0,2474.0,2474.0,2474.0,2474.0,2474.0,2474.0,2474.0,2474.0,2474.0,2474.0,2474.0,2474.0,2474.0,2474.0,2474.0,2474.0,2474.0,2474.0,2474.0,2474.0,2474.0,2474.0,2483.0,2483.0,2483.0,2483.0,2483.0,2483.0,2483.0,2483.0,2483.0,2483.0,2483.0,2483.0,2483.0,2483.0,2483.0,2483.0,2483.0,2483.0,2483.0,2483.0,2739.0,2739.0,2739.0,2739.0,2739.0,2739.0,2739.0,2739.0,2739.0,2739.0,2739.0,2739.0,2739.0,2739.0,2739.0,2739.0,2739.0,2739.0,2739.0,2739.0,2739.0,2739.0,2739.0,2739.0,2739.0,2739.0,2739.0,2739.0,2739.0,2739.0,2739.0,2739.0,2739.0,2739.0,2739.0,2739.0,2739.0,2739.0,2739.0,2739.0,2739.0,2739.0,2739.0,296.0,296.0,296.0,296.0,296.0,296.0,296.0,296.0,296.0,296.0,296.0,296.0,296.0,296.0,296.0,296.0,296.0,296.0,296.0,296.0,296.0,296.0,296.0,296.0,296.0,296.0,296.0,296.0,296.0,470.0,470.0,470.0,470.0,470.0,470.0,470.0,470.0,470.0,470.0,470.0,470.0,470.0,470.0,470.0,470.0,470.0,470.0,470.0,470.0,470.0,470.0,470.0,470.0,470.0,470.0,470.0,470.0,470.0,470.0,470.0,470.0,470.0,470.0,470.0,470.0,470.0,470.0,470.0,470.0,470.0,470.0,470.0,470.0,470.0,470.0,470.0,470.0,470.0,470.0,443.0,443.0,443.0,480.0,480.0,480.0,443.0,443.0,443.0,443.0,480.0,443.0,443.0,443.0,443.0,443.0,443.0,480.0,443.0,443.0,443.0,480.0,480.0,443.0,443.0,443.0,443.0,443.0,480.0,443.0,443.0,443.0,443.0,480.0,480.0,443.0,443.0,443.0,480.0,480.0,443.0,443.0,480.0,443.0,443.0,443.0,443.0,443.0,443.0,443.0,443.0,443.0,443.0,480.0,480.0,480.0,443.0,443.0,443.0,443.0,443.0,443.0,2739.0,2739.0,2728.0,2728.0,2728.0,2739.0,2739.0,2739.0,2739.0,2728.0,2728.0,2739.0,2739.0,2739.0,2739.0,2739.0,2739.0,2728.0,2739.0,2739.0,2739.0,2728.0,2728.0,2739.0,2739.0,2739.0,2739.0,2739.0,2739.0,2739.0,2739.0,2739.0,2739.0,2739.0,2728.0,2728.0,2728.0,2739.0,2739.0,2739.0,2739.0,2739.0,2739.0,297.0,297.0,297.0,297.0,297.0,297.0,297.0,297.0,297.0,297.0,297.0,297.0,297.0,297.0,297.0,297.0,297.0,297.0
182,2754.0,2754.0,2754.0,2754.0,2754.0,2754.0,2718.0,2754.0,2754.0,2752.0,2754.0,2505.0,2505.0,1309.0,129.0,2349.0,485.0,2754.0,2754.0,2754.0,2754.0,2754.0,2754.0,2754.0,2754.0,2754.0,2754.0,2754.0,2754.0,2754.0,2754.0,2724.0,1636.0,1773.0,2175.0,1602.0,278.0,167.0,293.0,293.0,2529.0,2021.0,251.0,246.0,261.0,2532.0,2021.0,2021.0,2021.0,1447.0,1184.0,2158.0,1781.0,1781.0,1781.0,2021.0,2021.0,2021.0,2021.0,2021.0,2021.0,2021.0,2021.0,2021.0,2021.0,2021.0,2528.0,2528.0,2528.0,2528.0,2528.0,2528.0,2528.0,2528.0,2528.0,2528.0,2528.0,2528.0,2528.0,2528.0,2528.0,2528.0,2528.0,2528.0,2528.0,2528.0,2528.0,2528.0,2528.0,2175.0,2175.0,2175.0,2175.0,2175.0,2175.0,2175.0,2175.0,2175.0,2175.0,2175.0,2175.0,2175.0,2175.0,2175.0,2175.0,2175.0,2175.0,2516.0,2516.0,2516.0,2516.0,2516.0,2516.0,2516.0,2516.0,2516.0,2516.0,2516.0,2516.0,2516.0,2516.0,2516.0,2516.0,2516.0,2516.0,2516.0,2516.0,2516.0,2516.0,2531.0,2531.0,2531.0,2531.0,2531.0,2531.0,2531.0,2531.0,2531.0,2531.0,2531.0,2531.0,2531.0,2531.0,2531.0,2531.0,2531.0,2531.0,2531.0,2531.0,2754.0,2754.0,2754.0,2754.0,2754.0,2754.0,2754.0,2754.0,2754.0,2754.0,2754.0,2754.0,2754.0,2754.0,2754.0,2754.0,2754.0,2754.0,2754.0,2754.0,2754.0,2754.0,2754.0,2754.0,2754.0,2754.0,2754.0,2754.0,2754.0,2754.0,2754.0,2754.0,2754.0,2754.0,2754.0,2754.0,2754.0,2754.0,2754.0,2754.0,2754.0,2754.0,2754.0,255.0,255.0,255.0,255.0,255.0,255.0,255.0,255.0,255.0,255.0,255.0,255.0,255.0,255.0,255.0,255.0,255.0,255.0,255.0,255.0,255.0,255.0,255.0,255.0,255.0,255.0,255.0,255.0,255.0,485.0,485.0,457.0,457.0,457.0,485.0,485.0,457.0,457.0,485.0,485.0,485.0,485.0,457.0,485.0,485.0,485.0,457.0,457.0,485.0,485.0,457.0,457.0,485.0,485.0,485.0,485.0,457.0,457.0,485.0,457.0,457.0,485.0,457.0,457.0,485.0,485.0,485.0,485.0,485.0,485.0,457.0,457.0,457.0,485.0,485.0,485.0,485.0,485.0,485.0,461.0,461.0,461.0,483.0,483.0,483.0,461.0,461.0,461.0,461.0,483.0,461.0,461.0,461.0,461.0,461.0,461.0,483.0,461.0,461.0,461.0,483.0,483.0,461.0,461.0,461.0,461.0,461.0,483.0,461.0,461.0,461.0,461.0,483.0,483.0,461.0,461.0,461.0,483.0,483.0,461.0,461.0,483.0,461.0,461.0,461.0,461.0,461.0,461.0,461.0,461.0,461.0,461.0,483.0,483.0,483.0,461.0,461.0,461.0,461.0,461.0,461.0,2754.0,2754.0,2724.0,2724.0,2724.0,2754.0,2754.0,2754.0,2754.0,2724.0,2724.0,2754.0,2754.0,2754.0,2754.0,2754.0,2754.0,2724.0,2754.0,2754.0,2754.0,2724.0,2724.0,2754.0,2754.0,2754.0,2754.0,2754.0,2754.0,2754.0,2754.0,2754.0,2754.0,2754.0,2724.0,2724.0,2724.0,2754.0,2754.0,2754.0,2754.0,2754.0,2754.0,258.0,258.0,258.0,258.0,258.0,258.0,258.0,258.0,258.0,258.0,258.0,258.0,258.0,258.0,258.0,258.0,258.0,258.0
